id,name,evidence,envelope,req_ids,owner,resource,issuer,duration_wd,duration_assumption,duration_basis,multiplicity,count,predecessors,driven_by,latest_start,latest_finish,deadline,status,flags
lcc-ratio,Compute the construction-phase local content ratio,EV-LCC,A,VOL-I-8.6-01,Commercial,commercial_manager,Bidder,5,lcc_ratio_calc,ASSUMPTION (PROVISIONAL; owner Commercial): compute the construction-phase local content ratio; not stated,,1,,lcc-certificate,2026-10-06,2026-10-12,,INFEASIBLE by 12 WD,INFEASIBLE by 12 WD (latest start 2026-10-06 is before the status date 2026-10-22; not compressed)
attendance-notice,"If the attendance record is wrong, notify the Authority through the Portal",EV-ATTENDANCE,none,ADD-01-3.1-01; VOL-I-5.4-01,Bid management,bid_manager,Bidder,2,clarification_drafting,ASSUMPTION (PROVISIONAL; owner Bid management): draft and submit clarification requests through the Portal; not stated,,1,,deadline:ATTENDANCE-NOTICE,2026-10-13,2026-10-14,ATTENDANCE-NOTICE = 2026-10-14 (from ADD-01-3.1-01),DEADLINE PASSED,DEADLINE PASSED (ATTENDANCE-NOTICE = 2026-10-14 is before the status date 2026-10-22; record whether it was done)
lcc-certificate,Obtain the Local Content Certificate from the competent authority,EV-LCC,A,VOL-I-8.6-01,Commercial,commercial_manager,Competent authority (not named in the pack),30,lcc_certificate,ASSUMPTION (PROVISIONAL; owner Commercial): issuing authority not named and no lead time stated; the (non-binding) minutes record bidders' difficulty obtaining it 'within the programme'; set deliberately long until the owner confirms,,1,lcc-ratio,assemble-envelope-a,2026-10-13,2026-11-23,,INFEASIBLE by 7 WD,INFEASIBLE by 7 WD (latest start 2026-10-13 is before the status date 2026-10-22; not compressed)
fin-model-build,"Complete the Financial Model (unlocked, fully formula-linked Excel, no macros, no hard-coded values in calculation cells)",EV-FIN-MODEL,B,VOL-I-10.1-01; VOL-I-10.3-01; VOL-IV-F4F-02,Commercial,financial_modeller,Bidder,15,fin_model_build,"ASSUMPTION (PROVISIONAL; owner Commercial): remaining build of a Financial Model already in development (unlocked, formula-linked, no macros); not stated",,1,,fin-model-freeze,2026-10-26,2026-11-15,,OK,
model-auditor-appoint,Appoint the independent model auditor (opinion to be addressed to the Authority),EV-MODEL-AUDIT,B,VOL-I-10.3-02,Commercial,commercial_manager,Bidder,5,model_auditor_appointment,ASSUMPTION (PROVISIONAL; owner Commercial): engage an independent model auditor (opinion addressed to the Authority); not stated,,1,,model-audit-review,2026-10-27,2026-11-02,,OK,
pcg-wording,Agree the Parent Company Guarantee wording (substantially Form 4-D; unconditional for the construction period) with the EPC Contractor's ultimate parent,EV-FORM-4D,A,VOL-I-8.7-01; VOL-IV-F4D-01; VOL-IV-F4D-02; VOL-IV-F4D-03; VOL-IV-F4D-04; VOL-IV-F4D-05; VOL-IV-F4D-06; VOL-IV-F4D-07; VOL-IV-F4D-08,Legal,legal_counsel,Ultimate parent of the EPC Contractor,10,pcg_wording,ASSUMPTION (PROVISIONAL; owner Legal): agree the Parent Company Guarantee wording (substantially Form 4-D) with the EPC Contractor's ultimate parent; not stated,,1,,pcg-execution,2026-10-27,2026-11-09,,OK,
technical-proposal,Write the Technical Proposal narrative (process design to the effective TN limit; standby power duration; page limit as amended),EV-TECH-PROPOSAL,A,ADD-02-5.2-01; ADD-02-T1-1-N3-01; VOL-I-11.3-01; VOL-I-9.2-01; VOL-I-9.7-01; VOL-I-T1-1-A; VOL-I-T1-1-B; VOL-I-T1-1-C; VOL-I-T1-1-D; VOL-I-T1-1-E; VOL-I-T1-1-F; VOL-II-1.1-01; VOL-II-1.2-01; VOL-II-1.3-01; VOL-II-1.4-01; VOL-II-2.1-01; VOL-II-2.2-01; VOL-II-2.2-02; VOL-II-2.3-01; VOL-II-2.4-01; VOL-II-2.5-01; VOL-II-3.1-01; VOL-II-3.2-01; VOL-II-3.2-02; VOL-II-3.3-01; VOL-II-3.4-01; VOL-II-3.5-01; VOL-II-4.1-01; VOL-II-4.3-01; VOL-II-4.3-02; VOL-II-4.4-01; VOL-II-4.4-02; VOL-II-4.5-01; VOL-II-5.1-01; VOL-II-5.2-01; VOL-II-5.2-02; VOL-II-5.3-01; VOL-II-5.3-02; VOL-II-5.4-01; VOL-II-5.4-02; VOL-II-5.5-01; VOL-II-5.5-02; VOL-II-6.1-01; VOL-II-6.1-02; VOL-II-6.2-01; VOL-II-6.3-01; VOL-II-6.3-02; VOL-II-6.4-01; VOL-II-6.4-02; VOL-II-7.1-01; VOL-II-7.2-01; VOL-II-7.4-01; VOL-II-8.1-01; VOL-II-8.2-01; VOL-II-8.3-01; VOL-II-8.3-02; VOL-II-8.4-01; VOL-II-8.4-02; VOL-II-8.5-01; VOL-II-8.5-02; VOL-II-9.1-01; VOL-II-9.1-02; VOL-II-9.2-01; VOL-II-9.3-01; VOL-II-9.4-01; VOL-II-9.5-01; VOL-II-T2-4-BOD5; VOL-II-T2-4-COD; VOL-II-T2-4-FaecalColiforms; VOL-II-T2-4-NOTE1; VOL-II-T2-4-OilGrease; VOL-II-T2-4-ResidualChlorine; VOL-II-T2-4-TN; VOL-II-T2-4-TP; VOL-II-T2-4-TSS; VOL-II-T2-4-Turbidity; VOL-II-T2-4-pH; VOL-II-T2-6-1; VOL-II-T2-6-2; VOL-II-T2-6-3; VOL-II-T2-6-4; VOL-II-T2-6-5; VOL-II-T2-6-6,Technical,proposal_writers,Bidder,20,technical_proposal,ASSUMPTION (PROVISIONAL; owner Technical): remaining work on the narrative incl. process design to the amended TN limit and standby power; not stated,,1,,assemble-envelope-a,2026-10-27,2026-11-23,,OK,IMAGE READING PENDING (VOL-II-2.5-01); IMAGE READING PENDING (VOL-II-T2-4-BOD5); IMAGE READING PENDING (VOL-II-T2-4-COD); IMAGE READING PENDING (VOL-II-T2-4-FaecalColiforms); IMAGE READING PENDING (VOL-II-T2-4-NOTE1); IMAGE READING PENDING (VOL-II-T2-4-OilGrease); IMAGE READING PENDING (VOL-II-T2-4-ResidualChlorine); IMAGE READING PENDING (VOL-II-T2-4-TN); IMAGE READING PENDING (VOL-II-T2-4-TP); IMAGE READING PENDING (VOL-II-T2-4-TSS); IMAGE READING PENDING (VOL-II-T2-4-Turbidity); IMAGE READING PENDING (VOL-II-T2-4-pH)
ground-dd,Review the data-room geotechnical report and satisfy the Bidder as to ground conditions (e.g. the wadi crossing; ADD-01 Q4); feed the construction methodology and the price,EV-GROUND-DD,none,ADD-01-Q4-01,Technical,technical_lead,Bidder,10,ground_due_diligence,ASSUMPTION (PROVISIONAL; owner Technical): review of the data-room geotechnical report and any own investigation needed to price ground risk; not stated,,1,,fin-model-freeze,2026-11-02,2026-11-15,,OK,
lender-terms,"Obtain indicative financing terms (debt tenor, margin, gearing) for the model",EV-FIN-ASSUMPTIONS,B,VOL-I-10.6-01,Commercial,commercial_manager,Lenders,10,lender_terms,"ASSUMPTION (PROVISIONAL; owner Commercial): indicative financing terms (tenor, margin, gearing) from lenders; not stated",,1,,fin-model-freeze,2026-11-02,2026-11-15,,OK,
completion-certs,"Obtain the client completion certificate for each reference project (a reference without one is disregarded, VOL-I 9.5)",EV-COMPLETION-CERT,A,VOL-I-9.5-01,Technical,technical_lead,Client of each reference plant,15,completion_certificate,ASSUMPTION (PROVISIONAL; owner Technical): obtain a client completion certificate for each reference plant from a third-party client (may already be held); not stated,x2 (per reference: bidder.reference_plants_offered = 2; PROVISIONAL ASSUMPTION),2,,assemble-envelope-a,2026-11-03,2026-11-23,,OK,
model-audit-review,Rolling review of the draft Financial Model by the model auditor,EV-MODEL-AUDIT,B,VOL-I-10.3-02,Commercial,financial_modeller,Independent model auditor,10,model_audit_review,ASSUMPTION (PROVISIONAL; owner Commercial): rolling review of the draft model by the auditor; not stated,,1,model-auditor-appoint,model-audit-opinion,2026-11-03,2026-11-16,,OK,
poa-resolutions,Obtain the board resolutions of each member authorising its signatories,EV-POA,A,VOL-I-9.1h-01; VOL-I-9.3-01,Legal,legal_counsel,Each member's board,5,poa_board_resolutions,"ASSUMPTION (PROVISIONAL; owner Legal): board resolutions of each member authorising its signatories, members in parallel; not stated in the pack",x3 (per member: bidder.members = 3; PROVISIONAL ASSUMPTION),3,,poa,2026-11-03,2026-11-09,,OK,
bond-approval,Obtain bank approval for the Bid Bond,EV-BID-BOND,A,VOL-I-6.3-01; VOL-I-6.4-01; VOL-I-6.4-02,Commercial,commercial_manager,"Bank licensed in the Kingdom, rated A- or better",10,bid_bond_bank_approval,ASSUMPTION (PROVISIONAL; owner Commercial): bank credit approval for a SAR 4.5m first-demand bond; not stated,,1,,bond-issue,2026-11-05,2026-11-18,,OK,
references,"Collect commercial-operation evidence for the reference plants (capacity, commercial operation within the look-back window)",EV-REFERENCES,A,VOL-I-8.5-01,Technical,technical_lead,Reference plant owners,10,reference_evidence,"ASSUMPTION (PROVISIONAL; owner Technical): commercial-operation evidence for the reference plants, plants in parallel; not stated",x2 (per reference: bidder.reference_plants_offered = 2; PROVISIONAL ASSUMPTION),2,,form-4b,2026-11-05,2026-11-18,,OK,
deviations-review,"Review Volume V and list every deviation, qualification or reservation",EV-FORM-4E,A,VOL-I-9.6-01; VOL-IV-F4E-01; VOL-V-NOTE-01,Legal,legal_counsel,Bidder,10,deviations_review,"ASSUMPTION (PROVISIONAL; owner Legal): review Volume V and list every deviation, qualification or reservation; not stated",,1,,form-4e,2026-11-08,2026-11-19,,OK,
om-evidence,Obtain evidence of the O&M Operator's continuous operation of a qualifying facility (VOL-I 8.8),EV-OM-EXPERIENCE,A,VOL-I-8.8-01,Technical,technical_lead,O&M Operator,10,om_experience_evidence,ASSUMPTION (PROVISIONAL; owner Technical): operating-experience evidence from the O&M Operator; not stated,x1 (per om_operator: bidder.om_operators = 1; PROVISIONAL ASSUMPTION),1,,assemble-envelope-a,2026-11-10,2026-11-23,,OK,
pcg-execution,Obtain the executed Parent Company Guarantee from the ultimate parent,EV-FORM-4D,A,VOL-I-8.7-01; VOL-IV-F4D-01; VOL-IV-F4D-02; VOL-IV-F4D-03; VOL-IV-F4D-04; VOL-IV-F4D-05; VOL-IV-F4D-06; VOL-IV-F4D-07; VOL-IV-F4D-08,Legal,legal_counsel,Ultimate parent of the EPC Contractor,10,pcg_execution,ASSUMPTION (PROVISIONAL; owner Legal): parent board approval and execution of the guarantee; not stated,x1 (per epc_contractor: bidder.epc_contractors = 1; PROVISIONAL ASSUMPTION),1,pcg-wording,assemble-envelope-a,2026-11-10,2026-11-23,,OK,
poa,Notarise the Power of Attorney of each signatory (Form 4-A signatory of the lead member; Form 4-C signatory of each member),EV-POA,A,VOL-I-9.1h-01; VOL-I-9.3-01,Legal,legal_counsel,Notary,5,poa_notarisation,"ASSUMPTION (PROVISIONAL; owner Legal): typical notarisation of a Power of Attorney, signatories in parallel; not stated in the pack",x3 (per signatory: bidder.members = 3 x bidder.signatories_per_member = 1; PROVISIONAL ASSUMPTION),3,poa-resolutions,investment-licence,2026-11-10,2026-11-16,,OK,
clarifications,"Submit clarification requests citing Volume, Clause and page (e.g. Form 4-A printed date; Envelope B contents; one USB per envelope)",EV-CLARIFICATIONS,none,VOL-I-3.3-01; VOL-I-3.4-01; VOL-I-5.1-01; VOL-I-5.2-01; VOL-II-4.2-01,Bid management,bid_manager,Bidder,2,clarification_drafting,ASSUMPTION (PROVISIONAL; owner Bid management): draft and submit clarification requests through the Portal; not stated,,1,,deadline:CLARIFICATION-CUTOFF,2026-11-11,2026-11-12,CLARIFICATION-CUTOFF = 2026-11-12 (from VOL-I-5.2-01),OK,REQUIREMENT STALE (VOL-I-3.4-01)
fin-statements,Collect each member's most recent audited financial statements (three financial years),EV-FIN-STANDING,A,VOL-I-8.4-01; VOL-I-8.4-02,Commercial,commercial_manager,Each member (audited accounts),5,fin_statements_collection,"ASSUMPTION (PROVISIONAL; owner Commercial): collect each member's most recent audited financial statements, members in parallel; not stated",x3 (per member: bidder.members = 3; PROVISIONAL ASSUMPTION),3,,fin-standing,2026-11-12,2026-11-18,,OK,
fin-model-freeze,Freeze the Financial Model (final inputs and version) for the audit opinion and Form 4-F,EV-FIN-MODEL,B,VOL-I-10.1-01; VOL-I-10.3-01; VOL-IV-F4F-02,Commercial,financial_modeller,Bidder,1,fin_model_freeze,ASSUMPTION (PROVISIONAL; owner Commercial): freeze inputs and version for audit and Form 4-F; not stated,,1,fin-model-build; ground-dd; lender-terms,model-audit-opinion,2026-11-16,2026-11-16,,OK,
form-4g-review,Review the six Form 4-G undertakings with the O&M and OT security leads,EV-FORM-4G,A,ADD-02-7.2-01; ADD-02-F4G-01; ADD-02-F4G-02; ADD-02-F4G-03; ADD-02-F4G-04,Technical,technical_lead,Bidder,5,form_4g_review,ASSUMPTION (PROVISIONAL; owner Technical): review the six cybersecurity undertakings with the O&M and OT teams; not stated,,1,,form-4g-sign,2026-11-16,2026-11-22,,OK,
form-4c-prep,Prepare Form 4-C in Arabic for each member,EV-FORM-4C,A,VOL-I-8.10-01; VOL-I-8.2-01; VOL-I-9.4-01; VOL-IV-F4C-01; VOL-IV-F4C-02; VOL-IV-F4C-03; VOL-IV-F4C-04; VOL-IV-F4C-05; VOL-IV-F4C-N1,Legal,legal_counsel,Bidder,2,form_4c_arabic_prep,ASSUMPTION (PROVISIONAL; owner Legal): prepare the Arabic form per member; not stated,,1,,form-4c-sign,2026-11-17,2026-11-18,,OK,IMAGE READING PENDING (VOL-I-9.4-01); IMAGE READING PENDING (VOL-IV-F4C-01); IMAGE READING PENDING (VOL-IV-F4C-02); IMAGE READING PENDING (VOL-IV-F4C-03); IMAGE READING PENDING (VOL-IV-F4C-04); IMAGE READING PENDING (VOL-IV-F4C-05); IMAGE READING PENDING (VOL-IV-F4C-N1)
investment-licence,For each foreign member: a copy of the current investment licence or a signed undertaking to obtain it before Financial Close (VOL-I 8.9),EV-INVESTMENT-LICENCE,A,VOL-I-8.9-01,Legal,legal_counsel,Licensing authority / each foreign member,5,investment_licence,ASSUMPTION (PROVISIONAL; owner Legal): copy of a current licence or a signed undertaking per foreign member (the undertaking route); not stated,x3 (per member: bidder.members = 3; PROVISIONAL ASSUMPTION),3,poa,assemble-envelope-a,2026-11-17,2026-11-23,,OK,
model-audit-opinion,Audit of the frozen Financial Model and issue of the opinion addressed to the Authority (VOL-I 10.3),EV-MODEL-AUDIT,B,VOL-I-10.3-02,Commercial,commercial_manager,Independent model auditor,5,model_audit_opinion,ASSUMPTION (PROVISIONAL; owner Commercial): final review of the frozen model and issue of the opinion; not stated,,1,fin-model-freeze; model-audit-review,assemble-envelope-b,2026-11-17,2026-11-23,,OK,
bond-issue,Issue the Bid Bond (validity per VOL-I 6.3),EV-BID-BOND,A,VOL-I-6.3-01; VOL-I-6.4-01; VOL-I-6.4-02,Commercial,commercial_manager,Issuing bank,3,bid_bond_issue,ASSUMPTION (PROVISIONAL; owner Commercial): issue of the bond after approval; not stated,,1,bond-approval,assemble-envelope-a,2026-11-19,2026-11-23,,OK,
fin-standing,"Compute and evidence combined tangible net worth and three-year average turnover, weighted by shareholding (VOL-I 8.4)",EV-FIN-STANDING,A,VOL-I-8.4-01; VOL-I-8.4-02,Commercial,commercial_manager,Bidder,3,fin_standing_calc,ASSUMPTION (PROVISIONAL; owner Commercial): combined net worth and turnover weighted by shareholding (VOL-I 8.4); not stated,,1,fin-statements,assemble-envelope-a,2026-11-19,2026-11-23,,OK,
form-4b,Complete one Form 4-B for each reference project,EV-FORM-4B,A,VOL-I-9.5-01; VOL-IV-F4B-01,Technical,technical_lead,Bidder,3,form_4b_preparation,ASSUMPTION (PROVISIONAL; owner Technical): complete one Form 4-B per reference project from the reference evidence; not stated,x2 (per reference: bidder.reference_plants_offered = 2; PROVISIONAL ASSUMPTION),2,references,assemble-envelope-a,2026-11-19,2026-11-23,,OK,
form-4c-sign,Sign and stamp Form 4-C at each member (Arabic governs; a translation may be attached),EV-FORM-4C,A,VOL-I-8.10-01; VOL-I-8.2-01; VOL-I-9.4-01; VOL-IV-F4C-01; VOL-IV-F4C-02; VOL-IV-F4C-03; VOL-IV-F4C-04; VOL-IV-F4C-05; VOL-IV-F4C-N1,Legal,legal_counsel,Each member's authorised signatory,3,form_4c_member_sign,"ASSUMPTION (PROVISIONAL; owner Legal): signature and stamp at each member's office, members in parallel; not stated",x3 (per member: bidder.members = 3; PROVISIONAL ASSUMPTION),3,form-4c-prep; poa,assemble-envelope-a,2026-11-19,2026-11-23,,OK,IMAGE READING PENDING (VOL-I-9.4-01); IMAGE READING PENDING (VOL-IV-F4C-01); IMAGE READING PENDING (VOL-IV-F4C-02); IMAGE READING PENDING (VOL-IV-F4C-03); IMAGE READING PENDING (VOL-IV-F4C-04); IMAGE READING PENDING (VOL-IV-F4C-05); IMAGE READING PENDING (VOL-IV-F4C-N1)
fin-assumptions,Prepare the schedule of principal financing assumptions to accompany Form 4-F (VOL-I 10.6),EV-FIN-ASSUMPTIONS,B,VOL-I-10.6-01,Commercial,commercial_manager,Bidder,2,fin_assumptions_schedule,ASSUMPTION (PROVISIONAL; owner Commercial): schedule of principal financing assumptions from the frozen model (VOL-I 10.6); not stated,,1,fin-model-freeze,assemble-envelope-b,2026-11-22,2026-11-23,,OK,
form-4e,Finalise and sign Form 4-E; check that no qualification appears elsewhere in the Proposal (VOL-I 9.6),EV-FORM-4E,A,VOL-I-9.6-01; VOL-IV-F4E-01; VOL-V-NOTE-01,Legal,legal_counsel,Bidder,2,form_4e_finalise,"ASSUMPTION (PROVISIONAL; owner Legal): finalise and sign Form 4-E, cross-check that no qualification appears elsewhere (VOL-I 9.6); not stated",,1,deviations-review; poa,assemble-envelope-a,2026-11-22,2026-11-23,,OK,
form-4f,"Complete and sign Form 4-F from the frozen Financial Model (single Availability Payment, SAR per annum, excluding VAT)",EV-FORM-4F,B,VOL-I-10.1-01; VOL-I-10.2-01; VOL-I-10.4-01; VOL-I-10.5-01; VOL-IV-F4F-01; VOL-IV-F4F-02,Commercial,commercial_manager,Bidder,2,form_4f_preparation,ASSUMPTION (PROVISIONAL; owner Commercial): complete and sign Form 4-F from the frozen model; not stated,,1,fin-model-freeze; poa,assemble-envelope-b,2026-11-22,2026-11-23,,OK,
iso-copy,Obtain a copy of the EPC Contractor's ISO 9001:2015 certificate and check it is current at the PDD,EV-ISO,A,VOL-I-8.3-01,Technical,technical_lead,EPC Contractor (accredited certification body),2,iso_certificate_copy,ASSUMPTION (PROVISIONAL; owner Technical): copy of an existing certificate from the EPC Contractor; not stated,x1 (per epc_contractor: bidder.epc_contractors = 1; PROVISIONAL ASSUMPTION),1,,assemble-envelope-a,2026-11-22,2026-11-23,,OK,REQUIREMENT STALE (VOL-I-8.3-01)
spoc,Confirm the single point of contact to be named in Form 4-A; notify any later change within 2 Working Days (VOL-I 4.3),EV-SPOC,none,VOL-I-4.3-01,Bid management,bid_manager,Bidder,1,spoc_confirmation,ASSUMPTION (PROVISIONAL; owner Bid management): confirm the single point of contact named in Form 4-A; not stated,,1,,form-4a,2026-11-22,2026-11-22,,OK,
form-4a,Complete Form 4-A as reissued by ADD-01 Appendix A (acknowledge the Addenda; decide the printed date with the bid manager) and sign by the lead member's PoA holder,EV-FORM-4A,A,ADD-01-AppA-01; VOL-I-7.1-01; VOL-I-9.3-01; VOL-IV-F4A-01; VOL-IV-F4A-02,Legal,legal_counsel,PoA holder of the lead member,1,form_4a_signature,ASSUMPTION (PROVISIONAL; owner Legal): signature by the PoA holder; not stated,,1,poa; spoc,assemble-envelope-a,2026-11-23,2026-11-23,,OK,
form-4g-sign,Complete and sign Form 4-G,EV-FORM-4G,A,ADD-02-7.2-01; ADD-02-F4G-01; ADD-02-F4G-02; ADD-02-F4G-03; ADD-02-F4G-04,Technical,technical_lead,Bidder,1,form_4g_signature,ASSUMPTION (PROVISIONAL; owner Technical): signature for the Bidder; not stated,,1,form-4g-review; poa,assemble-envelope-a,2026-11-23,2026-11-23,,OK,
assemble-envelope-a,Assemble the marked original of Envelope A in the VOL-I 9.1 order with numbered dividers (Form 4-G after item (e)); check that no price or commercial information appears (VOL-I 6.2),EV-DELIVERY,A+B,VOL-I-6.1-01; VOL-I-6.2-01; VOL-I-9.1-01; VOL-I-App3-01,Bid management,document_controller,Bidder,1,envelope_assembly,ASSUMPTION (PROVISIONAL; owner Bid management): assemble the marked original of one envelope in the required order with numbered dividers; not stated,,1,bond-issue; completion-certs; fin-standing; form-4a; form-4b; form-4c-sign; form-4e; form-4g-sign; ground-dd; investment-licence; iso-copy; lcc-certificate; om-evidence; pcg-execution; poa; references; technical-proposal,copies,2026-11-24,2026-11-24,,OK,
assemble-envelope-b,Assemble the marked original of Envelope B: Form 4-F and the Financial Model (VOL-I 10.1; placement of the auditor's opinion and the financing assumptions schedule per the clarification answer),EV-DELIVERY,A+B,VOL-I-6.1-01; VOL-I-6.2-01; VOL-I-9.1-01; VOL-I-App3-01,Bid management,document_controller,Bidder,1,envelope_assembly,ASSUMPTION (PROVISIONAL; owner Bid management): assemble the marked original of one envelope in the required order with numbered dividers; not stated,,1,fin-assumptions; fin-model-freeze; form-4f; model-audit-opinion,copies,2026-11-24,2026-11-24,,OK,
copies,"Make three hard copies of each envelope and the searchable electronic copy on encrypted USB, files named ISTP2026-014_[BIDDER]_[ENV]_[VOL]_[NN]_[YYYYMMDD].pdf (max 120 characters, folders max 3 levels); check the electronic copy against the marked original (VOL-I 6.5, Appendix 2)",EV-COPIES,A+B,VOL-I-6.1-01; VOL-I-6.2-01; VOL-I-6.5-01; VOL-I-6.5-02; VOL-I-9.1-01; VOL-I-App3-01,Bid management,document_controller,Bidder,1,copies_and_usb,ASSUMPTION (PROVISIONAL; owner Bid management): three hard copies of each envelope and the encrypted searchable USB copy named per Appendix 2; not stated,,1,assemble-envelope-a; assemble-envelope-b,seal-and-mark,2026-11-25,2026-11-25,,OK,
seal-and-mark,"Seal Envelopes A and B separately and mark each 'NUPA/ISTP/2026/014 — NOT TO BE OPENED BEFORE 14:00 ON THE PROPOSAL DUE DATE' (VOL-I 6.2, Appendix 3)",EV-DELIVERY,A+B,VOL-I-6.1-01; VOL-I-6.2-01; VOL-I-9.1-01; VOL-I-App3-01,Bid management,document_controller,Bidder,0,seal_and_mark,ASSUMPTION (PROVISIONAL; owner Bid management): a few hours at the end of the day the copies are finished (0 = no separate Working Day); not stated,,1,copies,deliver,2026-11-25,2026-11-25,,OK,
deliver,"Deliver both sealed envelopes to Tender Box 4, Administrative Building C, Sakaka before 14:00 Riyadh time on the PDD (VOL-I 6.1, Appendix 3; late Proposals are rejected unopened, VOL-I 6.6)",EV-DELIVERY,A+B,VOL-I-6.1-01; VOL-I-6.2-01; VOL-I-9.1-01; VOL-I-App3-01,Bid management,document_controller,Bidder (courier),1,delivery,ASSUMPTION (PROVISIONAL; owner Bid management): courier to the Appendix 3 address before 14:00 on the PDD; not stated,,1,seal-and-mark,deadline:PDD,2026-11-26,2026-11-26,PDD = 2026-11-26 (from VOL-I-6.1-01),OK,
