item,envelope,evidence,issuer,owner,resource,count,multiplicity,marked_originals,hard_copies,physical_count,electronic_copy,lead_time_wd,lead_time_assumption,drop_dead_start,needed_by,status,activity,req_ids,flags
Local Content Certificate,A,EV-LCC,Competent authority (not named in the pack),Commercial,commercial_manager,1,,1,3,4,yes,30,lcc_certificate,2026-10-13,2026-11-23,INFEASIBLE by 7 WD,lcc-certificate,VOL-I-8.6-01,INFEASIBLE by 7 WD (latest start 2026-10-13 is before the status date 2026-10-22; not compressed)
Technical Proposal narrative (page limit per VOL-I 9.2 as amended),A,EV-TECH-PROPOSAL,Bidder,Technical,proposal_writers,1,,1,3,4,yes,20,technical_proposal,2026-10-27,2026-11-23,OK,technical-proposal,ADD-02-5.2-01; ADD-02-T1-1-N3-01; VOL-I-11.3-01; VOL-I-9.2-01; VOL-I-9.7-01; VOL-I-T1-1-A; VOL-I-T1-1-B; VOL-I-T1-1-C; VOL-I-T1-1-D; VOL-I-T1-1-E; VOL-I-T1-1-F; VOL-II-1.1-01; VOL-II-1.2-01; VOL-II-1.3-01; VOL-II-1.4-01; VOL-II-2.1-01; VOL-II-2.2-01; VOL-II-2.2-02; VOL-II-2.3-01; VOL-II-2.4-01; VOL-II-2.5-01; VOL-II-3.1-01; VOL-II-3.2-01; VOL-II-3.2-02; VOL-II-3.3-01; VOL-II-3.4-01; VOL-II-3.5-01; VOL-II-4.1-01; VOL-II-4.3-01; VOL-II-4.3-02; VOL-II-4.4-01; VOL-II-4.4-02; VOL-II-4.5-01; VOL-II-5.1-01; VOL-II-5.2-01; VOL-II-5.2-02; VOL-II-5.3-01; VOL-II-5.3-02; VOL-II-5.4-01; VOL-II-5.4-02; VOL-II-5.5-01; VOL-II-5.5-02; VOL-II-6.1-01; VOL-II-6.1-02; VOL-II-6.2-01; VOL-II-6.3-01; VOL-II-6.3-02; VOL-II-6.4-01; VOL-II-6.4-02; VOL-II-7.1-01; VOL-II-7.2-01; VOL-II-7.4-01; VOL-II-8.1-01; VOL-II-8.2-01; VOL-II-8.3-01; VOL-II-8.3-02; VOL-II-8.4-01; VOL-II-8.4-02; VOL-II-8.5-01; VOL-II-8.5-02; VOL-II-9.1-01; VOL-II-9.1-02; VOL-II-9.2-01; VOL-II-9.3-01; VOL-II-9.4-01; VOL-II-9.5-01; VOL-II-T2-4-BOD5; VOL-II-T2-4-COD; VOL-II-T2-4-FaecalColiforms; VOL-II-T2-4-NOTE1; VOL-II-T2-4-OilGrease; VOL-II-T2-4-ResidualChlorine; VOL-II-T2-4-TN; VOL-II-T2-4-TP; VOL-II-T2-4-TSS; VOL-II-T2-4-Turbidity; VOL-II-T2-4-pH; VOL-II-T2-6-1; VOL-II-T2-6-2; VOL-II-T2-6-3; VOL-II-T2-6-4; VOL-II-T2-6-5; VOL-II-T2-6-6,IMAGE READING PENDING (VOL-II-2.5-01); IMAGE READING PENDING (VOL-II-T2-4-BOD5); IMAGE READING PENDING (VOL-II-T2-4-COD); IMAGE READING PENDING (VOL-II-T2-4-FaecalColiforms); IMAGE READING PENDING (VOL-II-T2-4-NOTE1); IMAGE READING PENDING (VOL-II-T2-4-OilGrease); IMAGE READING PENDING (VOL-II-T2-4-ResidualChlorine); IMAGE READING PENDING (VOL-II-T2-4-TN); IMAGE READING PENDING (VOL-II-T2-4-TP); IMAGE READING PENDING (VOL-II-T2-4-TSS); IMAGE READING PENDING (VOL-II-T2-4-Turbidity); IMAGE READING PENDING (VOL-II-T2-4-pH)
Client completion certificate (one per reference project),A,EV-COMPLETION-CERT,Client of each reference plant,Technical,technical_lead,2,x2 (per reference: bidder.reference_plants_offered = 2; PROVISIONAL ASSUMPTION),2,6,8,yes,15,completion_certificate,2026-11-03,2026-11-23,OK,completion-certs,VOL-I-9.5-01,
Evidence of commercial operation (one per reference plant),A,EV-REFERENCES,Reference plant owners,Technical,technical_lead,2,x2 (per reference: bidder.reference_plants_offered = 2; PROVISIONAL ASSUMPTION),2,6,8,yes,10,reference_evidence,2026-11-05,2026-11-18,OK,references,VOL-I-8.5-01,
O&M Operator experience evidence,A,EV-OM-EXPERIENCE,O&M Operator,Technical,technical_lead,1,x1 (per om_operator: bidder.om_operators = 1; PROVISIONAL ASSUMPTION),1,3,4,yes,10,om_experience_evidence,2026-11-10,2026-11-23,OK,om-evidence,VOL-I-8.8-01,
Form 4-D Parent Company Guarantee (executed original),A,EV-FORM-4D,Ultimate parent of the EPC Contractor,Legal,legal_counsel,1,x1 (per epc_contractor: bidder.epc_contractors = 1; PROVISIONAL ASSUMPTION),1,3,4,yes,10,pcg_execution,2026-11-10,2026-11-23,OK,pcg-execution,VOL-I-8.7-01; VOL-IV-F4D-01; VOL-IV-F4D-02; VOL-IV-F4D-03; VOL-IV-F4D-04; VOL-IV-F4D-05; VOL-IV-F4D-06; VOL-IV-F4D-07; VOL-IV-F4D-08,
Notarised Power of Attorney (one per signatory),A,EV-POA,Notary,Legal,legal_counsel,3,x3 (per signatory: bidder.members = 3 x bidder.signatories_per_member = 1; PROVISIONAL ASSUMPTION),3,9,12,yes,5,poa_notarisation,2026-11-10,2026-11-16,OK,poa,VOL-I-9.1h-01; VOL-I-9.3-01,
"Financial Model (unlocked Excel, frozen version)",B,EV-FIN-MODEL,Bidder,Commercial,financial_modeller,1,,1,3,4,yes,1,fin_model_freeze,2026-11-16,2026-11-16,OK,fin-model-freeze,VOL-I-10.1-01; VOL-I-10.3-01; VOL-IV-F4F-02,
Investment licence or signed undertaking (each foreign member; count assumes every member may be foreign),A,EV-INVESTMENT-LICENCE,Licensing authority / each foreign member,Legal,legal_counsel,3,x3 (per member: bidder.members = 3; PROVISIONAL ASSUMPTION),3,9,12,yes,5,investment_licence,2026-11-17,2026-11-23,OK,investment-licence,VOL-I-8.9-01,
Independent model auditor's opinion (original),B,EV-MODEL-AUDIT,Independent model auditor,Commercial,commercial_manager,1,,1,3,4,yes,5,model_audit_opinion,2026-11-17,2026-11-23,OK,model-audit-opinion,VOL-I-10.3-02,
Bid Bond (original),A,EV-BID-BOND,Issuing bank,Commercial,commercial_manager,1,,1,3,4,yes,3,bid_bond_issue,2026-11-19,2026-11-23,OK,bond-issue,VOL-I-6.3-01; VOL-I-6.4-01; VOL-I-6.4-02,
Financial standing evidence (audited accounts of each member and the combined calculation),A,EV-FIN-STANDING,Bidder,Commercial,commercial_manager,1,,3,9,12,yes,3,fin_standing_calc,2026-11-19,2026-11-23,OK,fin-standing,VOL-I-8.4-01; VOL-I-8.4-02,
Form 4-B (one per reference project),A,EV-FORM-4B,Bidder,Technical,technical_lead,2,x2 (per reference: bidder.reference_plants_offered = 2; PROVISIONAL ASSUMPTION),2,6,8,yes,3,form_4b_preparation,2026-11-19,2026-11-23,OK,form-4b,VOL-I-9.5-01; VOL-IV-F4B-01,
"Form 4-C (Arabic, one per member)",A,EV-FORM-4C,Each member's authorised signatory,Legal,legal_counsel,3,x3 (per member: bidder.members = 3; PROVISIONAL ASSUMPTION),3,9,12,yes,3,form_4c_member_sign,2026-11-19,2026-11-23,OK,form-4c-sign,VOL-I-8.10-01; VOL-I-8.2-01; VOL-I-9.4-01; VOL-IV-F4C-01; VOL-IV-F4C-02; VOL-IV-F4C-03; VOL-IV-F4C-04; VOL-IV-F4C-05; VOL-IV-F4C-N1,IMAGE READING PENDING (VOL-I-9.4-01); IMAGE READING PENDING (VOL-IV-F4C-01); IMAGE READING PENDING (VOL-IV-F4C-02); IMAGE READING PENDING (VOL-IV-F4C-03); IMAGE READING PENDING (VOL-IV-F4C-04); IMAGE READING PENDING (VOL-IV-F4C-05); IMAGE READING PENDING (VOL-IV-F4C-N1)
Schedule of principal financing assumptions,B,EV-FIN-ASSUMPTIONS,Bidder,Commercial,commercial_manager,1,,1,3,4,yes,2,fin_assumptions_schedule,2026-11-22,2026-11-23,OK,fin-assumptions,VOL-I-10.6-01,
Form 4-E Schedule of Deviations (signed),A,EV-FORM-4E,Bidder,Legal,legal_counsel,1,,1,3,4,yes,2,form_4e_finalise,2026-11-22,2026-11-23,OK,form-4e,VOL-I-9.6-01; VOL-IV-F4E-01; VOL-V-NOTE-01,
Form 4-F Financial Proposal Schedule (signed),B,EV-FORM-4F,Bidder,Commercial,commercial_manager,1,,1,3,4,yes,2,form_4f_preparation,2026-11-22,2026-11-23,OK,form-4f,VOL-I-10.1-01; VOL-I-10.2-01; VOL-I-10.4-01; VOL-I-10.5-01; VOL-IV-F4F-01; VOL-IV-F4F-02,
ISO 9001:2015 certificate copy,A,EV-ISO,EPC Contractor (accredited certification body),Technical,technical_lead,1,x1 (per epc_contractor: bidder.epc_contractors = 1; PROVISIONAL ASSUMPTION),1,3,4,yes,2,iso_certificate_copy,2026-11-22,2026-11-23,OK,iso-copy,VOL-I-8.3-01,REQUIREMENT STALE (VOL-I-8.3-01)
Form 4-A (signed),A,EV-FORM-4A,PoA holder of the lead member,Legal,legal_counsel,1,,1,3,4,yes,1,form_4a_signature,2026-11-23,2026-11-23,OK,form-4a,ADD-01-AppA-01; VOL-I-7.1-01; VOL-I-9.3-01; VOL-IV-F4A-01; VOL-IV-F4A-02,
Form 4-G (signed),A,EV-FORM-4G,Bidder,Technical,technical_lead,1,,1,3,4,yes,1,form_4g_signature,2026-11-23,2026-11-23,OK,form-4g-sign,ADD-02-7.2-01; ADD-02-F4G-01; ADD-02-F4G-02; ADD-02-F4G-03; ADD-02-F4G-04,
3 hard copies per envelope and the encrypted USB copy (Appendix 2 naming),A+B,EV-COPIES,Bidder,Bid management,document_controller,1,,31,93,124,2 USB (PROVISIONAL: one per envelope),1,copies_and_usb,2026-11-25,2026-11-25,OK,copies,VOL-I-6.1-01; VOL-I-6.2-01; VOL-I-6.5-01; VOL-I-6.5-02; VOL-I-9.1-01; VOL-I-App3-01,
"Envelopes A and B, sealed and marked per Appendix 3",A+B,EV-DELIVERY,Bidder,Bid management,document_controller,1,,31,93,124,2 USB (PROVISIONAL: one per envelope),0,seal_and_mark,2026-11-25,2026-11-25,OK,seal-and-mark,VOL-I-6.1-01; VOL-I-6.2-01; VOL-I-9.1-01; VOL-I-App3-01,
Sealed Envelopes A and B delivered to the Appendix 3 address,A+B,EV-DELIVERY,Bidder (courier),Bid management,document_controller,1,,31,93,124,2 USB (PROVISIONAL: one per envelope),1,delivery,2026-11-26,2026-11-26,OK,deliver,VOL-I-6.1-01; VOL-I-6.2-01; VOL-I-9.1-01; VOL-I-App3-01,
