resource,iso_week,week_start,week_end,days_loaded,peak_concurrent,capacity,status,overloaded_days,activities,capacity_basis,capacity_owner
bid_manager,2026-W46,2026-11-09,2026-11-15,2,1,2,OK,,clarifications,"PROVISIONAL ASSUMPTION: bid manager plus one coordinator, one activity each at a time; not stated in the pack",Bid manager
bid_manager,2026-W47,2026-11-16,2026-11-22,1,1,2,OK,,spoc,"PROVISIONAL ASSUMPTION: bid manager plus one coordinator, one activity each at a time; not stated in the pack",Bid manager
commercial_manager,2026-W43,2026-10-19,2026-10-25,2,1,2,OK,,lcc-certificate,"PROVISIONAL ASSUMPTION: two commercial staff; an activity waiting on a bank, an authority or an auditor counts as one; not stated",Commercial
commercial_manager,2026-W44,2026-10-26,2026-11-01,5,2,2,OK,,lcc-certificate; model-auditor-appoint,"PROVISIONAL ASSUMPTION: two commercial staff; an activity waiting on a bank, an authority or an auditor counts as one; not stated",Commercial
commercial_manager,2026-W45,2026-11-02,2026-11-08,5,3,2,OVERLOAD (provisional),2026-11-02; 2026-11-05; 2026-11-08,bond-approval; lcc-certificate; lender-terms; model-auditor-appoint,"PROVISIONAL ASSUMPTION: two commercial staff; an activity waiting on a bank, an authority or an auditor counts as one; not stated",Commercial
commercial_manager,2026-W46,2026-11-09,2026-11-15,5,4,2,OVERLOAD (provisional),2026-11-09; 2026-11-10; 2026-11-11; 2026-11-12; 2026-11-15,bond-approval; fin-statements; lcc-certificate; lender-terms,"PROVISIONAL ASSUMPTION: two commercial staff; an activity waiting on a bank, an authority or an auditor counts as one; not stated",Commercial
commercial_manager,2026-W47,2026-11-16,2026-11-22,5,6,2,OVERLOAD (provisional),2026-11-16; 2026-11-17; 2026-11-18; 2026-11-19; 2026-11-22,bond-approval; bond-issue; fin-assumptions; fin-standing; fin-statements; form-4f; lcc-certificate; model-audit-opinion,"PROVISIONAL ASSUMPTION: two commercial staff; an activity waiting on a bank, an authority or an auditor counts as one; not stated",Commercial
commercial_manager,2026-W48,2026-11-23,2026-11-29,1,6,2,OVERLOAD (provisional),2026-11-23,bond-issue; fin-assumptions; fin-standing; form-4f; lcc-certificate; model-audit-opinion,"PROVISIONAL ASSUMPTION: two commercial staff; an activity waiting on a bank, an authority or an auditor counts as one; not stated",Commercial
document_controller,2026-W48,2026-11-23,2026-11-29,3,2,2,OK,,assemble-envelope-a; assemble-envelope-b; copies; deliver; seal-and-mark,"PROVISIONAL ASSUMPTION: two document controllers for assembly, copies, sealing and delivery; not stated",Bid manager
financial_modeller,2026-W44,2026-10-26,2026-11-01,5,1,1,OK,,fin-model-build,"PROVISIONAL ASSUMPTION: one financial modeller (build, freeze, auditor queries); not stated",Commercial
financial_modeller,2026-W45,2026-11-02,2026-11-08,5,2,1,OVERLOAD (provisional),2026-11-03; 2026-11-04; 2026-11-05; 2026-11-08,fin-model-build; model-audit-review,"PROVISIONAL ASSUMPTION: one financial modeller (build, freeze, auditor queries); not stated",Commercial
financial_modeller,2026-W46,2026-11-09,2026-11-15,5,2,1,OVERLOAD (provisional),2026-11-09; 2026-11-10; 2026-11-11; 2026-11-12; 2026-11-15,fin-model-build; model-audit-review,"PROVISIONAL ASSUMPTION: one financial modeller (build, freeze, auditor queries); not stated",Commercial
financial_modeller,2026-W47,2026-11-16,2026-11-22,1,2,1,OVERLOAD (provisional),2026-11-16,fin-model-freeze; model-audit-review,"PROVISIONAL ASSUMPTION: one financial modeller (build, freeze, auditor queries); not stated",Commercial
legal_counsel,2026-W44,2026-10-26,2026-11-01,4,1,2,OK,,pcg-wording,"PROVISIONAL ASSUMPTION: two lawyers on PoAs, forms and guarantees; an activity waiting on a notary or a member counts as one; not stated",Legal
legal_counsel,2026-W45,2026-11-02,2026-11-08,5,3,2,OVERLOAD (provisional),2026-11-08,deviations-review; pcg-wording; poa-resolutions,"PROVISIONAL ASSUMPTION: two lawyers on PoAs, forms and guarantees; an activity waiting on a notary or a member counts as one; not stated",Legal
legal_counsel,2026-W46,2026-11-09,2026-11-15,5,3,2,OVERLOAD (provisional),2026-11-09; 2026-11-10; 2026-11-11; 2026-11-12; 2026-11-15,deviations-review; pcg-execution; pcg-wording; poa; poa-resolutions,"PROVISIONAL ASSUMPTION: two lawyers on PoAs, forms and guarantees; an activity waiting on a notary or a member counts as one; not stated",Legal
legal_counsel,2026-W47,2026-11-16,2026-11-22,5,4,2,OVERLOAD (provisional),2026-11-16; 2026-11-17; 2026-11-18; 2026-11-19; 2026-11-22,deviations-review; form-4c-prep; form-4c-sign; form-4e; investment-licence; pcg-execution; poa,"PROVISIONAL ASSUMPTION: two lawyers on PoAs, forms and guarantees; an activity waiting on a notary or a member counts as one; not stated",Legal
legal_counsel,2026-W48,2026-11-23,2026-11-29,1,5,2,OVERLOAD (provisional),2026-11-23,form-4a; form-4c-sign; form-4e; investment-licence; pcg-execution,"PROVISIONAL ASSUMPTION: two lawyers on PoAs, forms and guarantees; an activity waiting on a notary or a member counts as one; not stated",Legal
proposal_writers,2026-W44,2026-10-26,2026-11-01,4,1,1,OK,,technical-proposal,PROVISIONAL ASSUMPTION: one writing team for the Technical Proposal narrative; not stated,Technical
proposal_writers,2026-W45,2026-11-02,2026-11-08,5,1,1,OK,,technical-proposal,PROVISIONAL ASSUMPTION: one writing team for the Technical Proposal narrative; not stated,Technical
proposal_writers,2026-W46,2026-11-09,2026-11-15,5,1,1,OK,,technical-proposal,PROVISIONAL ASSUMPTION: one writing team for the Technical Proposal narrative; not stated,Technical
proposal_writers,2026-W47,2026-11-16,2026-11-22,5,1,1,OK,,technical-proposal,PROVISIONAL ASSUMPTION: one writing team for the Technical Proposal narrative; not stated,Technical
proposal_writers,2026-W48,2026-11-23,2026-11-29,1,1,1,OK,,technical-proposal,PROVISIONAL ASSUMPTION: one writing team for the Technical Proposal narrative; not stated,Technical
technical_lead,2026-W45,2026-11-02,2026-11-08,5,3,2,OVERLOAD (provisional),2026-11-05; 2026-11-08,completion-certs; ground-dd; references,"PROVISIONAL ASSUMPTION: technical lead plus one engineer for certificates, references and Form 4-G; not stated",Technical
technical_lead,2026-W46,2026-11-09,2026-11-15,5,4,2,OVERLOAD (provisional),2026-11-09; 2026-11-10; 2026-11-11; 2026-11-12; 2026-11-15,completion-certs; ground-dd; om-evidence; references,"PROVISIONAL ASSUMPTION: technical lead plus one engineer for certificates, references and Form 4-G; not stated",Technical
technical_lead,2026-W47,2026-11-16,2026-11-22,5,5,2,OVERLOAD (provisional),2026-11-16; 2026-11-17; 2026-11-18; 2026-11-19; 2026-11-22,completion-certs; form-4b; form-4g-review; iso-copy; om-evidence; references,"PROVISIONAL ASSUMPTION: technical lead plus one engineer for certificates, references and Form 4-G; not stated",Technical
technical_lead,2026-W48,2026-11-23,2026-11-29,1,5,2,OVERLOAD (provisional),2026-11-23,completion-certs; form-4b; form-4g-sign; iso-copy; om-evidence,"PROVISIONAL ASSUMPTION: technical lead plus one engineer for certificates, references and Form 4-G; not stated",Technical
