activity,name,rows,why,latest_start,latest_finish,status
technical-proposal,Write the Technical Proposal narrative (process design to the effective TN limit; standby power duration; page limit as amended),VOL-I-9.2-01; VOL-II-4.4-01; VOL-II-4.4-02; VOL-II-T2-4-TP,ADD-03:7.1 UNRESOLVED: every op for this provision is invalid; ADD-03:Q15 UNRESOLVED: no recognised phrasing; a person must write the op or a disposition; STALE at ADD-03: its reading was not re-made (VOL-II:T2-4/TP changed since ADD-02 (by ADD-03/5.1); quote not found in the effective text at ADD-03: 'Limit: 1' (expected: the interpretation predates the cha…),2026-11-08,2026-12-03,OK
references,"Collect commercial-operation evidence for the reference plants (capacity, commercial operation within the look-back window)",VOL-I-8.5-01,STALE at ADD-03: its reading was not re-made (VOL-I:6.1 changed since ADD-01 (by ADD-03/2.1)),2026-11-18,2026-12-01,OK
bond-approval,Obtain bank approval for the Bid Bond,VOL-I-6.3-01,STALE at ADD-03: its reading was not re-made (VOL-I:6.1 changed since ADD-01 (by ADD-03/2.1)),2026-11-19,2026-12-02,OK
deviations-review,"Review Volume V and list every deviation, qualification or reservation",VOL-V-29.3-01; VOL-V-31.3-01; VOL-V-31.3-02; VOL-V-31.3-03,STALE at ADD-03: its reading was not re-made (VOL-II:T2-4/TP changed since ADD-02 (by ADD-03/5.1)); STALE at ADD-03: its reading was not re-made (VOL-V:31.3 changed since BASE (by ADD-03/3.1)); STALE at ADD-03: its reading was not re-made (VOL-V:31.3 changed since BASE (by ADD-03/3.1); quote not found in the effective text at ADD-03: 'of seventy-two (72) hours to an event under Clause 31.1(c)' (e…),2026-11-22,2026-12-03,OK
clarifications,"Submit clarification requests citing Volume, Clause and page (e.g. Form 4-A printed date; Envelope B contents; one USB per envelope)",VOL-I-3.4-01; VOL-I-5.2-01,STALE at ADD-03: its reading was not re-made (VOL-I:6.1 changed since ADD-01 (by ADD-03/2.1)),2026-11-25,2026-11-26,OK
bond-issue,Issue the Bid Bond (validity per VOL-I 6.3),VOL-I-6.3-01,STALE at ADD-03: its reading was not re-made (VOL-I:6.1 changed since ADD-01 (by ADD-03/2.1)),2026-12-03,2026-12-07,OK
form-4a-prep,"Prepare Form 4-A on the version reissued by ADD-01 Appendix A: Bidder and lead member, Addenda acknowledged, single point of contact (preparation; not gated)",VOL-I-7.1-01,STALE at ADD-03: its reading was not re-made (VOL-I:6.1 changed since ADD-01 (by ADD-03/2.1)),2026-12-06,2026-12-06,OK
form-4e,Finalise and sign Form 4-E; check that no qualification appears elsewhere in the Proposal (VOL-I 9.6),VOL-V-29.3-01; VOL-V-31.3-01; VOL-V-31.3-02; VOL-V-31.3-03,STALE at ADD-03: its reading was not re-made (VOL-II:T2-4/TP changed since ADD-02 (by ADD-03/5.1)); STALE at ADD-03: its reading was not re-made (VOL-V:31.3 changed since BASE (by ADD-03/3.1)); STALE at ADD-03: its reading was not re-made (VOL-V:31.3 changed since BASE (by ADD-03/3.1); quote not found in the effective text at ADD-03: 'of seventy-two (72) hours to an event under Clause 31.1(c)' (e…),2026-12-06,2026-12-07,OK
iso-copy,Obtain a copy of the EPC Contractor's ISO 9001:2015 certificate and check it is current at the PDD,VOL-I-8.3-01,STALE at ADD-03: its reading was not re-made (VOL-I:6.1 changed since ADD-01 (by ADD-03/2.1)),2026-12-06,2026-12-07,OK
form-4a,"Finalise Form 4-A (which form version and fields, and how its stale printed Proposal Due Date is corrected, as decided on I-F4A-FIELDS) and sign by the lead member's PoA holder",VOL-I-7.1-01,STALE at ADD-03: its reading was not re-made (VOL-I:6.1 changed since ADD-01 (by ADD-03/2.1)),2026-12-07,2026-12-07,OK
assemble-envelope-a,Assemble the marked original of Envelope A in the VOL-I 9.1 order with numbered dividers (Form 4-G after item (e)); check that no price or commercial information appears (VOL-I 6.2),VOL-I-6.1-01,STALE at ADD-03: its reading was not re-made (VOL-I:6.1 changed since ADD-01 (by ADD-03/2.1); quote not found in the effective text at ADD-03: 'Thursday 26 November 2026' (expected: the interpretation pred…),2026-12-08,2026-12-08,OK
assemble-envelope-b,Assemble the marked original of Envelope B: Form 4-F and the Financial Model (VOL-I 10.1); package the model auditor's opinion and the financing-assumptions schedule as the decision on I-VOL-I-ENV-B directs (both are prepared regardless),VOL-I-6.1-01,STALE at ADD-03: its reading was not re-made (VOL-I:6.1 changed since ADD-01 (by ADD-03/2.1); quote not found in the effective text at ADD-03: 'Thursday 26 November 2026' (expected: the interpretation pred…),2026-12-08,2026-12-08,OK
copies,"Make three hard copies of each envelope and the searchable electronic copy on encrypted USB, files named ISTP2026-014_[BIDDER]_[ENV]_[VOL]_[NN]_[YYYYMMDD].pdf (max 120 characters, folders max 3 levels); check the electronic copy against the marked original (VOL-I 6.5, Appendix 2); the USB split between the envelopes follows the decision on I-VOL-I-COPIES",VOL-I-6.1-01,STALE at ADD-03: its reading was not re-made (VOL-I:6.1 changed since ADD-01 (by ADD-03/2.1); quote not found in the effective text at ADD-03: 'Thursday 26 November 2026' (expected: the interpretation pred…),2026-12-09,2026-12-09,OK
seal-and-mark,"Seal Envelopes A and B separately and mark each 'NUPA/ISTP/2026/014 — NOT TO BE OPENED BEFORE 14:00 ON THE PROPOSAL DUE DATE' (VOL-I 6.2, Appendix 3)",VOL-I-6.1-01,STALE at ADD-03: its reading was not re-made (VOL-I:6.1 changed since ADD-01 (by ADD-03/2.1); quote not found in the effective text at ADD-03: 'Thursday 26 November 2026' (expected: the interpretation pred…),2026-12-09,2026-12-09,OK
deliver,"Deliver both sealed envelopes to Tender Box 4, Ground Floor, Northern Utilities Procurement Authority, Administrative Building C, Sakaka before 14:00 Riyadh time on the PDD (VOL-I 6.1, Appendix 3; late Proposals are rejected unopened, VOL-I 6.6)",VOL-I-6.1-01,STALE at ADD-03: its reading was not re-made (VOL-I:6.1 changed since ADD-01 (by ADD-03/2.1); quote not found in the effective text at ADD-03: 'Thursday 26 November 2026' (expected: the interpretation pred…),2026-12-10,2026-12-10,OK
