id,name,change,earliest_start_validated,earliest_start,latest_start_validated,latest_start,latest_finish_validated,latest_finish,shift_wd,status_validated,status,caused_by_rows,caused_by_ops,blocked,review
attendance-notice,"If the attendance record is wrong, notify the Authority through the Portal",EARLY DATES,2026-10-22,2026-11-05,2026-10-13,2026-10-13,2026-10-14,2026-10-14,0,CONDITIONAL — window elapsed 2026-10-14; whether the condition arose is not known,CONDITIONAL — window elapsed 2026-10-14; whether the condition arose is not known,,,,
fin-model-build,"Complete the Financial Model (unlocked, fully formula-linked Excel, no macros, no hard-coded values in calculation cells)",MOVED; EARLY DATES; REVIEW (proposed relationship),2026-10-22,2026-11-05,2026-10-22,2026-11-05,2026-11-11,2026-11-25,10,OK,OK,,,,"proposed relationship: VOL-I-10.3-01, VOL-IV-F4F-02"
model-auditor-appoint,Appoint the independent model auditor (opinion to be addressed to the Authority),MOVED; EARLY DATES,2026-10-22,2026-11-05,2026-10-25,2026-11-08,2026-10-29,2026-11-12,10,OK,OK,,,,
pcg-wording,Agree the Parent Company Guarantee wording (substantially Form 4-D; unconditional for the construction period) with the EPC Contractor's ultimate parent,MOVED; EARLY DATES,2026-10-22,2026-11-05,2026-10-27,2026-11-10,2026-11-09,2026-11-23,10,OK,OK,,,,
technical-proposal,Write the Technical Proposal narrative (process design to the effective TN limit; standby power duration; page limit as amended),MOVED; EARLY DATES; REWORK; REVIEW (confirmed dependency),2026-10-22,2026-11-05,2026-10-27,2026-11-10,2026-11-23,2026-12-07,10,OK,OK,VOL-II-T2-4-TP,ADD-03/5.1,VOL-I-9.2-01: ADD-03:Q15 UNRESOLVED: no recognised phrasing; a person must write the op or a disposition; VOL-II-4.4-01: ADD-03:7.1 UNRESOLVED: every op for this provision is invalid; VOL-II-4.4-02: ADD-03:7.1 UNRESOLVED: every op for this provision is invalid; VOL-II-T2-4-TP: STALE at ADD-03: its reading was not re-made (VOL-II:T2-4/TP changed since BASE (by ADD-03/5.1); quote not found in the effective text at ADD-03: 'Limit: 1' (expected: the interpretation predates the chang…),"confirmed dependency: VOL-II-2.4-01, VOL-II-2.5-01, VOL-II-3.1-01, VOL-II-4.3-02, VOL-II-7.2-01"
ground-dd,Review the data-room geotechnical report and satisfy the Bidder as to ground conditions (e.g. the wadi crossing; ADD-01 Q4); feed the construction methodology and the price,MOVED; EARLY DATES,2026-10-22,2026-11-05,2026-10-29,2026-11-12,2026-11-11,2026-11-25,10,OK,OK,,,,
lender-terms,"Obtain indicative financing terms (debt tenor, margin, gearing) for the model",MOVED; EARLY DATES; REVIEW (possible impact),2026-10-22,2026-11-05,2026-10-29,2026-11-12,2026-11-11,2026-11-25,10,OK,OK,,,,possible impact: VOL-I-10.6-01
model-audit-review,Rolling review of the draft Financial Model by the model auditor,MOVED; EARLY DATES,2026-10-29,2026-11-12,2026-11-01,2026-11-15,2026-11-12,2026-11-26,10,OK,OK,,,,
completion-certs,"Obtain the client completion certificate for each reference project (a reference without one is disregarded, VOL-I 9.5)",MOVED; EARLY DATES,2026-10-22,2026-11-05,2026-11-02,2026-11-16,2026-11-22,2026-12-06,10,OK,OK,,,,
poa-resolutions,Obtain the board resolutions of each member authorising its signatories,MOVED; EARLY DATES,2026-10-22,2026-11-05,2026-11-03,2026-11-17,2026-11-09,2026-11-23,10,OK,OK,,,,
references,"Collect commercial-operation evidence for the reference plants (capacity, commercial operation within the look-back window)",MOVED; EARLY DATES; REWORK,2026-10-22,2026-11-05,2026-11-04,2026-11-18,2026-11-17,2026-12-01,10,OK,OK,VOL-I-8.5-01,,VOL-I-8.5-01: STALE at ADD-03: its reading was not re-made (VOL-I:6.1 changed since ADD-01 (by ADD-03/2.1)),
bond-approval,Obtain bank approval for the Bid Bond,MOVED; EARLY DATES; REWORK,2026-10-22,2026-11-05,2026-11-05,2026-11-19,2026-11-18,2026-12-02,10,OK,OK,VOL-I-6.3-01,,VOL-I-6.3-01: STALE at ADD-03: its reading was not re-made (VOL-I:6.1 changed since ADD-01 (by ADD-03/2.1)),
deviations-review,"Review Volume V and list every deviation, qualification or reservation",MOVED; EARLY DATES,2026-10-22,2026-11-05,2026-11-08,2026-11-22,2026-11-19,2026-12-03,10,OK,OK,,,,
consortium-check,"Confirm the Proposal is submitted by the Bidder prequalified and named in VOL-I Appendix 1, with no change to its composition, shareholding or lead member, or that the Authority's prior written consent to any change is held (VOL-I 1.4, 8.1)",MOVED; EARLY DATES,2026-10-22,2026-11-05,2026-11-10,2026-11-24,2026-11-10,2026-11-24,10,OK,OK,,,,
om-evidence,Obtain evidence of the O&M Operator's continuous operation of a qualifying facility (VOL-I 8.8),MOVED; EARLY DATES,2026-10-22,2026-11-05,2026-11-10,2026-11-24,2026-11-23,2026-12-07,10,OK,OK,,,,
pcg-execution,Obtain the executed Parent Company Guarantee from the ultimate parent,MOVED; EARLY DATES,2026-11-05,2026-11-19,2026-11-10,2026-11-24,2026-11-23,2026-12-07,10,OK,OK,,,,
poa,Notarise the Power of Attorney of each signatory (Form 4-A signatory of the lead member; Form 4-C signatory of each member),MOVED; EARLY DATES,2026-10-29,2026-11-12,2026-11-10,2026-11-24,2026-11-16,2026-11-30,10,OK,OK,,,,
clarifications,"Submit clarification requests citing Volume, Clause and page (e.g. Form 4-A printed date; Envelope B contents; one USB per envelope)",MOVED; EARLY DATES; REWORK,2026-10-25,2026-11-08,2026-11-11,2026-11-25,2026-11-12,2026-11-26,10,OK,OK,VOL-I-3.4-01; VOL-I-5.2-01,,VOL-I-3.4-01: STALE at ADD-03: its reading was not re-made (VOL-I:6.1 changed since ADD-01 (by ADD-03/2.1)); VOL-I-5.2-01: STALE at ADD-03: its reading was not re-made (VOL-I:6.1 changed since ADD-01 (by ADD-03/2.1)),
fin-model-freeze,Freeze the Financial Model (final inputs and version) for the audit opinion and Form 4-F,MOVED; EARLY DATES; REVIEW (proposed relationship),2026-11-12,2026-11-26,2026-11-12,2026-11-26,2026-11-12,2026-11-26,10,OK,OK,,,,"proposed relationship: VOL-I-10.3-01, VOL-IV-F4F-02"
fin-statements,Collect each member's most recent audited financial statements (three financial years),MOVED; EARLY DATES,2026-10-22,2026-11-05,2026-11-12,2026-11-26,2026-11-18,2026-12-02,10,OK,OK,,,,
model-audit-opinion,Audit of the frozen Financial Model and issue of the opinion addressed to the Authority (VOL-I 10.3),MOVED; EARLY DATES,2026-11-15,2026-11-29,2026-11-15,2026-11-29,2026-11-19,2026-12-03,10,OK,OK,,,,
form-4g-review,Review the six Form 4-G undertakings with the O&M and OT security leads,MOVED; EARLY DATES,2026-10-22,2026-11-05,2026-11-16,2026-11-30,2026-11-22,2026-12-06,10,OK,OK,,,,
form-4c-prep,Prepare Form 4-C in Arabic for each member,MOVED; EARLY DATES,2026-10-22,2026-11-05,2026-11-17,2026-12-01,2026-11-18,2026-12-02,10,OK,OK,,,,
investment-licence,"For each foreign member: evidence of a current investment licence, or a signed undertaking to obtain it before Financial Close (VOL-I 8.9)",MOVED; EARLY DATES,2026-11-05,2026-11-19,2026-11-17,2026-12-01,2026-11-23,2026-12-07,10,OK,OK,,,,
form-4b-prep,"Prepare one Form 4-B for each reference project from the reference evidence, every printed field drafted (preparation; not gated)",MOVED; EARLY DATES,2026-11-05,2026-11-19,2026-11-18,2026-12-02,2026-11-22,2026-12-06,10,OK,OK,,,,
bond-issue,Issue the Bid Bond (validity per VOL-I 6.3),MOVED; EARLY DATES; REWORK,2026-11-05,2026-11-19,2026-11-19,2026-12-03,2026-11-23,2026-12-07,10,OK,OK,VOL-I-6.3-01,,VOL-I-6.3-01: STALE at ADD-03: its reading was not re-made (VOL-I:6.1 changed since ADD-01 (by ADD-03/2.1)),
fin-standing,"Compute and evidence combined tangible net worth and three-year average turnover, weighted by shareholding (VOL-I 8.4)",MOVED; EARLY DATES,2026-10-29,2026-11-12,2026-11-19,2026-12-03,2026-11-23,2026-12-07,10,OK,OK,,,,
form-4c-sign,Sign and stamp Form 4-C at each member (Arabic governs; a translation may be attached),MOVED; EARLY DATES,2026-11-05,2026-11-19,2026-11-19,2026-12-03,2026-11-23,2026-12-07,10,OK,OK,,,,
fin-assumptions,Prepare the schedule of principal financing assumptions to accompany Form 4-F (VOL-I 10.6),MOVED; EARLY DATES; REVIEW (possible impact),2026-11-15,2026-11-29,2026-11-22,2026-12-06,2026-11-23,2026-12-07,10,OK,OK,,,,possible impact: VOL-I-10.6-01
form-4a-prep,"Prepare Form 4-A on the version reissued by ADD-01 Appendix A: Bidder and lead member, Addenda acknowledged, single point of contact (preparation; not gated)",MOVED; EARLY DATES; REWORK,2026-10-25,2026-11-08,2026-11-22,2026-12-06,2026-11-22,2026-12-06,10,OK,OK,VOL-I-7.1-01,,VOL-I-7.1-01: STALE at ADD-03: its reading was not re-made (VOL-I:6.1 changed since ADD-01 (by ADD-03/2.1)),
form-4e,Finalise and sign Form 4-E; check that no qualification appears elsewhere in the Proposal (VOL-I 9.6),MOVED; EARLY DATES,2026-11-05,2026-11-19,2026-11-22,2026-12-06,2026-11-23,2026-12-07,10,OK,OK,,,,
form-4f,"Complete and sign Form 4-F from the frozen Financial Model (single Availability Payment, SAR per annum, excluding VAT)",MOVED; EARLY DATES; REVIEW (proposed relationship),2026-11-22,2026-12-06,2026-11-22,2026-12-06,2026-11-23,2026-12-07,10,OK,OK,,,,"proposed relationship: VOL-I-10.2-01, VOL-IV-F4F-01, VOL-IV-F4F-02"
iso-copy,Obtain a copy of the EPC Contractor's ISO 9001:2015 certificate and check it is current at the PDD,MOVED; EARLY DATES; REWORK,2026-10-22,2026-11-05,2026-11-22,2026-12-06,2026-11-23,2026-12-07,10,OK,OK,VOL-I-8.3-01,,VOL-I-8.3-01: STALE at ADD-03: its reading was not re-made (VOL-I:6.1 changed since ADD-01 (by ADD-03/2.1)),
spoc,Confirm the single point of contact to be named in Form 4-A; notify any later change within 2 Working Days (VOL-I 4.3),MOVED; EARLY DATES,2026-10-22,2026-11-05,2026-11-22,2026-12-06,2026-11-22,2026-12-06,10,OK,OK,,,,
form-4a,"Finalise Form 4-A (which form version and fields, and how its stale printed Proposal Due Date is corrected, as decided on I-F4A-FIELDS) and sign by the lead member's PoA holder",MOVED; EARLY DATES; REWORK,2026-11-05,2026-11-19,2026-11-23,2026-12-07,2026-11-23,2026-12-07,10,OK,OK,VOL-I-7.1-01,,VOL-I-7.1-01: STALE at ADD-03: its reading was not re-made (VOL-I:6.1 changed since ADD-01 (by ADD-03/2.1)),
form-4b,Finalise each Form 4-B: the 'Contract value (SAR equivalent)' field is kept (not deleted or relocated) and completed as the decision on I-VOL-I-ENV-A-PRICES directs (VOL-I 6.2: no commercial information in Envelope A),MOVED; EARLY DATES,2026-11-12,2026-11-26,2026-11-23,2026-12-07,2026-11-23,2026-12-07,10,OK,OK,,,,
form-4g-sign,Complete and sign Form 4-G,MOVED; EARLY DATES,2026-11-05,2026-11-19,2026-11-23,2026-12-07,2026-11-23,2026-12-07,10,OK,OK,,,,
assemble-envelope-a,Assemble the marked original of Envelope A in the VOL-I 9.1 order with numbered dividers (Form 4-G after item (e)); check that no price or commercial information appears (VOL-I 6.2),MOVED; EARLY DATES; STATUS; REWORK,2026-12-10,2026-12-03,2026-11-24,2026-12-08,2026-11-24,2026-12-08,10,INFEASIBLE by 12 WD,OK,VOL-I-6.1-01,ADD-03/2.1,VOL-I-6.1-01: STALE at ADD-03: its reading was not re-made (VOL-I:6.1 changed since ADD-01 (by ADD-03/2.1); quote not found in the effective text at ADD-03: 'not later than 14:00 hours Riyadh time on Thursday 26 Novemb'…),
assemble-envelope-b,Assemble the marked original of Envelope B: Form 4-F and the Financial Model (VOL-I 10.1); package the model auditor's opinion and the financing-assumptions schedule as the decision on I-VOL-I-ENV-B directs (both are prepared regardless),MOVED; EARLY DATES; REWORK,2026-11-24,2026-12-08,2026-11-24,2026-12-08,2026-11-24,2026-12-08,10,OK,OK,VOL-I-6.1-01,ADD-03/2.1,VOL-I-6.1-01: STALE at ADD-03: its reading was not re-made (VOL-I:6.1 changed since ADD-01 (by ADD-03/2.1); quote not found in the effective text at ADD-03: 'not later than 14:00 hours Riyadh time on Thursday 26 Novemb'…),
copies,"Make three hard copies of each envelope and the searchable electronic copy on encrypted USB, files named ISTP2026-014_[BIDDER]_[ENV]_[VOL]_[NN]_[YYYYMMDD].pdf (max 120 characters, folders max 3 levels); check the electronic copy against the marked original (VOL-I 6.5, Appendix 2); the USB split between the envelopes follows the decision on I-VOL-I-COPIES",MOVED; EARLY DATES; STATUS; REWORK,2026-12-13,2026-12-09,2026-11-25,2026-12-09,2026-11-25,2026-12-09,10,INFEASIBLE by 12 WD,OK,VOL-I-6.1-01,ADD-03/2.1,VOL-I-6.1-01: STALE at ADD-03: its reading was not re-made (VOL-I:6.1 changed since ADD-01 (by ADD-03/2.1); quote not found in the effective text at ADD-03: 'not later than 14:00 hours Riyadh time on Thursday 26 Novemb'…),
seal-and-mark,"Seal Envelopes A and B separately and mark each 'NUPA/ISTP/2026/014 — NOT TO BE OPENED BEFORE 14:00 ON THE PROPOSAL DUE DATE' (VOL-I 6.2, Appendix 3)",MOVED; EARLY DATES; STATUS; REWORK,2026-12-13,2026-12-09,2026-11-25,2026-12-09,2026-11-25,2026-12-09,10,INFEASIBLE by 12 WD,OK,VOL-I-6.1-01,ADD-03/2.1,VOL-I-6.1-01: STALE at ADD-03: its reading was not re-made (VOL-I:6.1 changed since ADD-01 (by ADD-03/2.1); quote not found in the effective text at ADD-03: 'not later than 14:00 hours Riyadh time on Thursday 26 Novemb'…),
deliver,"Deliver both sealed envelopes to Tender Box 4, Ground Floor, Northern Utilities Procurement Authority, Administrative Building C, Sakaka before 14:00 Riyadh time on the PDD (VOL-I 6.1, Appendix 3; late Proposals are rejected unopened, VOL-I 6.6)",MOVED; EARLY DATES; STATUS; REWORK,2026-12-14,2026-12-10,2026-11-26,2026-12-10,2026-11-26,2026-12-10,10,INFEASIBLE by 12 WD,OK,VOL-I-6.1-01,ADD-03/2.1,VOL-I-6.1-01: STALE at ADD-03: its reading was not re-made (VOL-I:6.1 changed since ADD-01 (by ADD-03/2.1); quote not found in the effective text at ADD-03: 'not later than 14:00 hours Riyadh time on Thursday 26 Novemb'…),
lcc-ratio,Compute the construction-phase local content ratio,REMOVED,,,2026-10-06,,2026-10-12,,,INFEASIBLE by 12 WD,,,,,
lcc-certificate,Obtain the Local Content Certificate from the competent authority,REMOVED,,,2026-10-13,,2026-11-23,,,INFEASIBLE by 12 WD,,,,,
