id,name,candidate_status,candidate_change,blocked,earliest_start_validated,earliest_start,latest_start_validated,latest_start,latest_finish_validated,latest_finish,shift_wd,status_validated,status,caused_by_rows,caused_by_ops,decision_milestones,discipline,evidence,envelope,req_ids,owner,resource,issuer,count,multiplicity,duration_wd,duration_assumption,duration_basis,effort_wd,effort_total_wd,effort_basis,waiting_on,work_type,predecessors,earliest_finish,es_driven_by,driven_by,float_wd,deadline,timing_status,decision_status,gated_by,decision_needed_by,clarification_questions,ask_by,finalise_by,condition,resource_status,flags
attendance-notice,"If the attendance record is wrong, notify the Authority through the Portal",unchanged,EARLY DATES,,2026-10-22,2026-11-05,2026-10-13,2026-10-13,2026-10-14,2026-10-14,0,CONDITIONAL — window elapsed 2026-10-14; whether the condition arose is not known,CONDITIONAL — window elapsed 2026-10-14; whether the condition arose is not known,,,,Bid management,EV-ATTENDANCE,none,ADD-01-3.1-01; VOL-I-5.4-01,Bid management,bid_manager,Bidder,1,,2,clarification_drafting,ASSUMPTION (PROVISIONAL; owner Bid management): draft and submit requests or notices through the Portal; not stated,1.5,1.5,ASSUMPTION (PROVISIONAL; owner Bid management): one and a half bid-manager days; internal; waits on: no external party,,staff effort,,2026-11-08,planning date,deadline:ATTENDANCE-NOTICE,-17,ATTENDANCE-NOTICE = 2026-10-14 (from ADD-01-3.1-01),CONDITIONAL — window elapsed 2026-10-14; whether the condition arose is not known,READY,,,,,,the Bidder considers its attendance at the Pre-Bid Conference to have been incorrectly recorded (ADD-01 3.1),NOT LOADED (timing status CONDITIONAL: no work is scheduled),"CONDITIONAL — window elapsed 2026-10-14; whether the condition arose is not known (ATTENDANCE-NOTICE = 2026-10-14 is before the planning date 2026-11-05; needed only if the Bidder considers its attendance at the Pre-Bid Conference to have been incorrectly recorded (ADD-01 3.1); an elapsed window alone does not establish a missed duty: a person records whether the condition arose and, if it did, what was done)"
fin-model-build,"Complete the Financial Model (unlocked, fully formula-linked Excel, no macros, no hard-coded values in calculation cells)",MOVED,MOVED; EARLY DATES; REVIEW (proposed relationship),,2026-10-22,2026-11-05,2026-10-22,2026-11-05,2026-11-11,2026-11-25,10,OK,OK,,,,Commercial,EV-FIN-MODEL,B,VOL-I-10.1-01; VOL-I-10.3-01; VOL-IV-F4F-02,Commercial,financial_modeller,Bidder,1,,15,fin_model_build,"ASSUMPTION (PROVISIONAL; owner Commercial): remaining build of a Financial Model already in development (unlocked, formula-linked, no macros); not stated",15,15,ASSUMPTION (PROVISIONAL; owner Commercial): the modeller full time over the 15 Working Days; internal; waits on: no external party,,staff effort,,2026-11-25,planning date,fin-model-freeze,0,,OK,READY,,,,,,,OVERLOAD financial_modeller on 2026-11-15..2026-11-26 (peak 1.3 vs capacity 1 staff),"REVIEW (proposed relationship): VOL-I-10.3-01, VOL-IV-F4F-02 reached from VOL-V:31.3 via REL-MODEL-FORM-4F, REL-PAY-DEDUCTIONS, REL-PAY-FINANCIAL-MODEL; dates unchanged (a relationship, not a direct citation)"
model-auditor-appoint,Appoint the independent model auditor (opinion to be addressed to the Authority),MOVED,MOVED; EARLY DATES,,2026-10-22,2026-11-05,2026-10-25,2026-11-08,2026-10-29,2026-11-12,10,OK,OK,,,,Commercial,EV-MODEL-AUDIT,B,VOL-I-10.3-02,Commercial,commercial_manager,Bidder,1,,5,model_auditor_appointment,ASSUMPTION (PROVISIONAL; owner Commercial): engage an independent model auditor (opinion addressed to the Authority); not stated,1,1,ASSUMPTION (PROVISIONAL; owner Commercial): one staff-day for the engagement letter; the rest is the auditor's acceptance; waits on: model auditor (engagement),model auditor (engagement),external waiting + staff effort,,2026-11-11,planning date,model-audit-review,1,,OK,READY,,,,,,,OK,
pcg-wording,Agree the Parent Company Guarantee wording (substantially Form 4-D; unconditional for the construction period) with the EPC Contractor's ultimate parent,MOVED,MOVED; EARLY DATES,,2026-10-22,2026-11-05,2026-10-27,2026-11-10,2026-11-09,2026-11-23,10,OK,OK,,,,Legal,EV-FORM-4D,A,VOL-I-8.7-01; VOL-IV-F4D-01; VOL-IV-F4D-02; VOL-IV-F4D-03; VOL-IV-F4D-04; VOL-IV-F4D-05; VOL-IV-F4D-06; VOL-IV-F4D-07; VOL-IV-F4D-08,Legal,legal_counsel,Ultimate parent of the EPC Contractor,1,,10,pcg_wording,ASSUMPTION (PROVISIONAL; owner Legal): agree the Parent Company Guarantee wording (substantially Form 4-D) with the EPC Contractor's ultimate parent; not stated,4,4,ASSUMPTION (PROVISIONAL; owner Legal): four lawyer-days of negotiation; the rest is the parent's review time; waits on: ultimate parent of the EPC Contractor (its lawyers),ultimate parent of the EPC Contractor (its lawyers),external waiting + staff effort,,2026-11-18,planning date,pcg-execution,3,,OK,READY,,,,,,,OK,
technical-proposal,Write the Technical Proposal narrative (process design to the effective TN limit; standby power duration; page limit as amended),BLOCKED,MOVED; EARLY DATES; REWORK; REVIEW (confirmed dependency),VOL-I-9.2-01: ADD-03:Q15 UNRESOLVED: no recognised phrasing; a person must write the op or a disposition; VOL-II-4.4-01: ADD-03:7.1 UNRESOLVED: every op for this provision is invalid; VOL-II-4.4-02: ADD-03:7.1 UNRESOLVED: every op for this provision is invalid; VOL-II-T2-4-TP: STALE at ADD-03: its reading was not re-made (VOL-II:T2-4/TP changed since BASE (by ADD-03/5.1); quote not found in the effective text at ADD-03: 'Limit: 1' (expected: the interpretation predates the chang…),2026-10-22,2026-11-05,2026-10-27,2026-11-10,2026-11-23,2026-12-07,10,OK,OK,VOL-II-T2-4-TP,ADD-03/5.1,,Technical,EV-TECH-PROPOSAL,A,ADD-02-5.2-01; ADD-02-T1-1-N3-01; VOL-I-11.3-01; VOL-I-9.2-01; VOL-I-9.7-01; VOL-I-T1-1-A; VOL-I-T1-1-B; VOL-I-T1-1-C; VOL-I-T1-1-D; VOL-I-T1-1-E; VOL-I-T1-1-F; VOL-II-1.1-01; VOL-II-1.2-01; VOL-II-1.3-01; VOL-II-1.4-01; VOL-II-2.1-01; VOL-II-2.2-01; VOL-II-2.2-02; VOL-II-2.3-01; VOL-II-2.4-01; VOL-II-2.5-01; VOL-II-3.1-01; VOL-II-3.2-01; VOL-II-3.2-02; VOL-II-3.3-01; VOL-II-3.4-01; VOL-II-3.5-01; VOL-II-4.1-01; VOL-II-4.3-01; VOL-II-4.3-02; VOL-II-4.4-01; VOL-II-4.4-02; VOL-II-4.5-01; VOL-II-5.1-01; VOL-II-5.2-01; VOL-II-5.2-02; VOL-II-5.3-01; VOL-II-5.3-02; VOL-II-5.4-01; VOL-II-5.4-02; VOL-II-5.5-01; VOL-II-5.5-02; VOL-II-6.1-01; VOL-II-6.1-02; VOL-II-6.2-01; VOL-II-6.3-01; VOL-II-6.3-02; VOL-II-6.4-01; VOL-II-6.4-02; VOL-II-7.1-01; VOL-II-7.2-01; VOL-II-7.4-01; VOL-II-8.1-01; VOL-II-8.2-01; VOL-II-8.3-01; VOL-II-8.3-02; VOL-II-8.4-01; VOL-II-8.4-02; VOL-II-8.5-01; VOL-II-8.5-02; VOL-II-9.1-01; VOL-II-9.1-02; VOL-II-9.2-01; VOL-II-9.3-01; VOL-II-9.4-01; VOL-II-9.5-01; VOL-II-T2-4-BOD5; VOL-II-T2-4-COD; VOL-II-T2-4-FaecalColiforms; VOL-II-T2-4-NOTE1; VOL-II-T2-4-OilGrease; VOL-II-T2-4-ResidualChlorine; VOL-II-T2-4-TN; VOL-II-T2-4-TP; VOL-II-T2-4-TSS; VOL-II-T2-4-Turbidity; VOL-II-T2-4-pH; VOL-II-T2-6-1; VOL-II-T2-6-2; VOL-II-T2-6-3; VOL-II-T2-6-4; VOL-II-T2-6-5; VOL-II-T2-6-6,Technical,proposal_writers,Bidder,1,,20,technical_proposal,ASSUMPTION (PROVISIONAL; owner Technical): remaining work on the narrative incl. process design to the amended TN limit and standby power; not stated,45,45,ASSUMPTION (PROVISIONAL; owner Technical): about 2.25 writers full time over the 20 Working Days; internal; waits on: no external party,,staff effort,,2026-12-02,planning date,assemble-envelope-a,3,,OK,READY,,,,,,,OK,"IMAGE READING PENDING (VOL-II-2.5-01); IMAGE READING PENDING (VOL-II-T2-4-BOD5); IMAGE READING PENDING (VOL-II-T2-4-COD); IMAGE READING PENDING (VOL-II-T2-4-FaecalColiforms); IMAGE READING PENDING (VOL-II-T2-4-NOTE1); IMAGE READING PENDING (VOL-II-T2-4-OilGrease); IMAGE READING PENDING (VOL-II-T2-4-ResidualChlorine); IMAGE READING PENDING (VOL-II-T2-4-TN); REQUIREMENT STALE (VOL-II-T2-4-TP); IMAGE READING PENDING (VOL-II-T2-4-TP); IMAGE READING PENDING (VOL-II-T2-4-TSS); IMAGE READING PENDING (VOL-II-T2-4-Turbidity); IMAGE READING PENDING (VOL-II-T2-4-pH); REVIEW (confirmed dependency): VOL-II-2.4-01, VOL-II-2.5-01, VOL-II-3.1-01, VOL-II-4.3-02, VOL-II-7.2-01 reached from VOL-II:T2-4 via REL-T24-COMPLIANCE-MONITORING-STREAMS, REL-T24-PROCESS-DESIGN, REL-T24-RELIABILITY-RUN; dates unchanged (a relationship, not a direct citation); BLOCKED: cannot be established: the Environmental Permit issued for the site not supplied (that the reproduced Table 2-4 limits, as amended by the addenda, are the limits that govern (the Permit prevails over the reproduction), and the limit of any parameter not listed (Note 1); Permit compliance is not claimed); BLOCKED (candidate): VOL-I-9.2-01: ADD-03:Q15 UNRESOLVED: no recognised phrasing; a person must write the op or a disposition; VOL-II-4.4-01: ADD-03:7.1 UNRESOLVED: every op for this provision is invalid; VOL-II-4.4-02: ADD-03:7.1 UNRESOLVED: every op for this provision is invalid; VOL-II-T2-4-TP: STALE at ADD-03: its reading was not re-made (VOL-II:T2-4/TP changed since BASE (by ADD-03/5.1); quote not found in the effective text at ADD-03: 'Limit: 1' (expected: the interpretation predates the chang…)"
ground-dd,Review the data-room geotechnical report and satisfy the Bidder as to ground conditions (e.g. the wadi crossing; ADD-01 Q4); feed the construction methodology and the price,MOVED,MOVED; EARLY DATES,,2026-10-22,2026-11-05,2026-10-29,2026-11-12,2026-11-11,2026-11-25,10,OK,OK,,,,Technical,EV-GROUND-DD,none,ADD-01-Q4-01,Technical,technical_lead,Bidder,1,,10,ground_due_diligence,ASSUMPTION (PROVISIONAL; owner Technical): review of the data-room geotechnical report and any own investigation needed to price ground risk; not stated,6,6,ASSUMPTION (PROVISIONAL; owner Technical): six engineer-days of review; no own site investigation assumed; waits on: no external party,,staff effort,,2026-11-18,planning date,fin-model-freeze,5,,OK,READY,,,,,,,OK,
lender-terms,"Obtain indicative financing terms (debt tenor, margin, gearing) for the model",MOVED,MOVED; EARLY DATES; REVIEW (possible impact),,2026-10-22,2026-11-05,2026-10-29,2026-11-12,2026-11-11,2026-11-25,10,OK,OK,,,,Commercial,EV-FIN-ASSUMPTIONS,B,VOL-I-10.6-01,Commercial,commercial_manager,Lenders,1,,10,lender_terms,"ASSUMPTION (PROVISIONAL; owner Commercial): indicative financing terms (tenor, margin, gearing) from lenders; not stated",2,2,ASSUMPTION (PROVISIONAL; owner Commercial): two staff-days to brief lenders and collect terms; the rest is the lenders' time; waits on: lenders,lenders,external waiting + staff effort,,2026-11-18,planning date,fin-model-freeze,5,,OK,READY,,,,,,,OK,"REVIEW (possible impact): VOL-I-10.6-01 reached from VOL-V:31.3 via REL-PAY-DEDUCTIONS, REL-PAY-FINANCING-ASSUMPTIONS; dates unchanged (a relationship, not a direct citation)"
model-audit-review,Rolling review of the draft Financial Model by the model auditor,MOVED,MOVED; EARLY DATES,,2026-10-29,2026-11-12,2026-11-01,2026-11-15,2026-11-12,2026-11-26,10,OK,OK,,,,Commercial,EV-MODEL-AUDIT,B,VOL-I-10.3-02,Commercial,financial_modeller,Independent model auditor,1,,10,model_audit_review,ASSUMPTION (PROVISIONAL; owner Commercial): rolling review of the draft model by the auditor; not stated,3,3,ASSUMPTION (PROVISIONAL; owner Commercial): three modeller-days answering the auditor's queries; the rest is the auditor's review; waits on: independent model auditor,independent model auditor,external waiting + staff effort,model-auditor-appoint,2026-11-25,model-auditor-appoint,model-audit-opinion,1,,OK,READY,,,,,,,OVERLOAD financial_modeller on 2026-11-15..2026-11-26 (peak 1.3 vs capacity 1 staff),
completion-certs,"Obtain the client completion certificate for each reference project (a reference without one is disregarded, VOL-I 9.5)",MOVED,MOVED; EARLY DATES,,2026-10-22,2026-11-05,2026-11-02,2026-11-16,2026-11-22,2026-12-06,10,OK,OK,,,,Technical,EV-COMPLETION-CERT,A,VOL-I-9.5-01,Technical,technical_lead,Client of each reference plant,2,x2 (per reference: bidder.reference_plants_offered = 2; PROVISIONAL ASSUMPTION),15,completion_certificate,ASSUMPTION (PROVISIONAL; owner Technical): obtain a client completion certificate for each reference plant from a third-party client; none is assumed to be held already; not stated,1,2,"ASSUMPTION (PROVISIONAL; owner Technical): one engineer-day per reference to request, chase and check the certificate; the rest is the client's time; waits on: client of each reference plant",client of each reference plant,external waiting + staff effort,,2026-11-25,planning date,form-4b,7,,OK,READY,,,,,,,OK,
poa-resolutions,Obtain the board resolutions of each member authorising its signatories,MOVED,MOVED; EARLY DATES,,2026-10-22,2026-11-05,2026-11-03,2026-11-17,2026-11-09,2026-11-23,10,OK,OK,,,,Legal,EV-POA,A,VOL-I-9.1h-01; VOL-I-9.3-01,Legal,legal_counsel,Each member's board,3,x3 (per member: bidder.members = 3; PROVISIONAL ASSUMPTION),5,poa_board_resolutions,"ASSUMPTION (PROVISIONAL; owner Legal): board resolutions of each member authorising its signatories, members in parallel; not stated in the pack",1,3,ASSUMPTION (PROVISIONAL; owner Legal): one lawyer-day per member to draft the resolution and chase it; the rest is the board's own time; waits on: each member's board,each member's board,external waiting + staff effort,,2026-11-11,planning date,poa,8,,OK,READY,,,,,,,OK,
references,"Collect commercial-operation evidence for the reference plants (capacity, commercial operation within the look-back window)",BLOCKED,MOVED; EARLY DATES; REWORK,VOL-I-8.5-01: STALE at ADD-03: its reading was not re-made (VOL-I:6.1 changed since ADD-01 (by ADD-03/2.1)),2026-10-22,2026-11-05,2026-11-04,2026-11-18,2026-11-17,2026-12-01,10,OK,OK,VOL-I-8.5-01,,,Technical,EV-REFERENCES,A,VOL-I-8.5-01,Technical,technical_lead,Reference plant owners,2,x2 (per reference: bidder.reference_plants_offered = 2; PROVISIONAL ASSUMPTION),10,reference_evidence,"ASSUMPTION (PROVISIONAL; owner Technical): commercial-operation evidence for the reference plants, plants in parallel; not stated",2,4,ASSUMPTION (PROVISIONAL; owner Technical): two engineer-days per plant to request and check the evidence; waits on: reference plant owners,reference plant owners,external waiting + staff effort,,2026-11-18,planning date,form-4b-prep,9,,OK,READY,,,,,,,OK,REQUIREMENT STALE (VOL-I-8.5-01); BLOCKED (candidate): VOL-I-8.5-01: STALE at ADD-03: its reading was not re-made (VOL-I:6.1 changed since ADD-01 (by ADD-03/2.1))
bond-approval,Obtain bank approval for the Bid Bond,BLOCKED,MOVED; EARLY DATES; REWORK,VOL-I-6.3-01: STALE at ADD-03: its reading was not re-made (VOL-I:6.1 changed since ADD-01 (by ADD-03/2.1)),2026-10-22,2026-11-05,2026-11-05,2026-11-19,2026-11-18,2026-12-02,10,OK,OK,VOL-I-6.3-01,,,Commercial,EV-BID-BOND,A,VOL-I-6.3-01; VOL-I-6.4-01; VOL-I-6.4-02,Commercial,commercial_manager,"Bank licensed in the Kingdom, rated A- or better",1,,10,bid_bond_bank_approval,ASSUMPTION (PROVISIONAL; owner Commercial): bank credit approval for a SAR 4.5m first-demand bond; not stated,2,2,ASSUMPTION (PROVISIONAL; owner Commercial): two commercial staff-days for the application and the bank's questions; the rest is the bank's credit process; waits on: bank (credit approval),bank (credit approval),external waiting + staff effort,,2026-11-18,planning date,bond-issue,10,,OK,READY,,,,,,,OK,REQUIREMENT STALE (VOL-I-6.3-01); BLOCKED (candidate): VOL-I-6.3-01: STALE at ADD-03: its reading was not re-made (VOL-I:6.1 changed since ADD-01 (by ADD-03/2.1))
deviations-review,"Review Volume V and list every deviation, qualification or reservation",MOVED,MOVED; EARLY DATES,,2026-10-22,2026-11-05,2026-11-08,2026-11-22,2026-11-19,2026-12-03,10,OK,OK,,,,Legal,EV-FORM-4E,A,VOL-I-9.6-01; VOL-IV-F4E-01; VOL-V-NOTE-01,Legal,legal_counsel,Bidder,1,,10,deviations_review,"ASSUMPTION (PROVISIONAL; owner Legal): review Volume V and list every deviation, qualification or reservation; not stated",8,8,ASSUMPTION (PROVISIONAL; owner Legal): eight lawyer-days of review; internal; waits on: no external party,,staff effort,,2026-11-18,planning date,form-4e,11,,OK,READY,,,,,,,OVERLOAD legal_counsel on 2026-12-01..2026-12-02 (peak 2.1 vs capacity 2 staff),
consortium-check,"Confirm the Proposal is submitted by the Bidder prequalified and named in VOL-I Appendix 1, with no change to its composition, shareholding or lead member, or that the Authority's prior written consent to any change is held (VOL-I 1.4, 8.1)",MOVED,MOVED; EARLY DATES,,2026-10-22,2026-11-05,2026-11-10,2026-11-24,2026-11-10,2026-11-24,10,OK,OK,,,,Legal,,,VOL-I-1.4-01; VOL-I-8.1-01,Legal,legal_counsel,Bidder,1,,1,consortium_confirmation,"ASSUMPTION (PROVISIONAL; owner Legal): confirm against the prequalification record (VOL-I Appendix 1) that the Bidder, its members, shareholdings and lead member are unchanged, or that the Authority's prior written consent to a change is held (VOL-I 1.4, 8.1); not stated in the pack",0.5,0.5,"ASSUMPTION (PROVISIONAL; owner Legal): half a lawyer-day; internal (session 11, audit A5-2); waits on: no external party",,staff effort,,2026-11-05,planning date,clarifications,13,,OK,READY,,,,,,,OK,
om-evidence,Obtain evidence of the O&M Operator's continuous operation of a qualifying facility (VOL-I 8.8),MOVED,MOVED; EARLY DATES,,2026-10-22,2026-11-05,2026-11-10,2026-11-24,2026-11-23,2026-12-07,10,OK,OK,,,,Technical,EV-OM-EXPERIENCE,A,VOL-I-8.8-01,Technical,technical_lead,O&M Operator,1,x1 (per om_operator: bidder.om_operators = 1; PROVISIONAL ASSUMPTION),10,om_experience_evidence,ASSUMPTION (PROVISIONAL; owner Technical): operating-experience evidence from the O&M Operator; not stated,1.5,1.5,ASSUMPTION (PROVISIONAL; owner Technical): one and a half engineer-days to request and check the evidence; waits on: O&M Operator,O&M Operator,external waiting + staff effort,,2026-11-18,planning date,assemble-envelope-a,13,,OK,READY,,,,,,,OK,
pcg-execution,Obtain the executed Parent Company Guarantee from the ultimate parent,MOVED,MOVED; EARLY DATES,,2026-11-05,2026-11-19,2026-11-10,2026-11-24,2026-11-23,2026-12-07,10,OK,OK,,,,Legal,EV-FORM-4D,A,VOL-I-8.7-01; VOL-IV-F4D-01; VOL-IV-F4D-02; VOL-IV-F4D-03; VOL-IV-F4D-04; VOL-IV-F4D-05; VOL-IV-F4D-06; VOL-IV-F4D-07; VOL-IV-F4D-08,Legal,legal_counsel,Ultimate parent of the EPC Contractor,1,x1 (per epc_contractor: bidder.epc_contractors = 1; PROVISIONAL ASSUMPTION),10,pcg_execution,ASSUMPTION (PROVISIONAL; owner Legal): parent board approval and execution of the guarantee; not stated,1,1,ASSUMPTION (PROVISIONAL; owner Legal): one lawyer-day per guarantee to chase and check the executed original; waits on: ultimate parent's board,ultimate parent's board,external waiting + staff effort,pcg-wording,2026-12-02,pcg-wording,assemble-envelope-a,3,,OK,READY,,,,,,,OVERLOAD legal_counsel on 2026-12-01..2026-12-02 (peak 2.1 vs capacity 2 staff); OVERLOAD legal_counsel on 2026-12-06..2026-12-07 (peak 2.55 vs capacity 2 staff),
poa,Notarise the Power of Attorney of each signatory (Form 4-A signatory of the lead member; Form 4-C signatory of each member),MOVED,MOVED; EARLY DATES,,2026-10-29,2026-11-12,2026-11-10,2026-11-24,2026-11-16,2026-11-30,10,OK,OK,,,,Legal,EV-POA,A,VOL-I-9.1h-01; VOL-I-9.3-01,Legal,legal_counsel,Notary,3,x3 (per signatory: bidder.members = 3 x bidder.signatories_per_member = 1; PROVISIONAL ASSUMPTION),5,poa_notarisation,"ASSUMPTION (PROVISIONAL; owner Legal): typical notarisation of a Power of Attorney, signatories in parallel; not stated in the pack",1,3,ASSUMPTION (PROVISIONAL; owner Legal): one lawyer-day per signatory to prepare the PoA and attend the notary; the rest is the notary's queue; waits on: notary,notary,external waiting + staff effort,poa-resolutions,2026-11-18,poa-resolutions,investment-licence,8,,OK,READY,,,,,,,OK,
clarifications,"Submit clarification requests citing Volume, Clause and page (e.g. Form 4-A printed date; Envelope B contents; one USB per envelope)",BLOCKED,MOVED; EARLY DATES; REWORK,VOL-I-3.4-01: STALE at ADD-03: its reading was not re-made (VOL-I:6.1 changed since ADD-01 (by ADD-03/2.1)); VOL-I-5.2-01: STALE at ADD-03: its reading was not re-made (VOL-I:6.1 changed since ADD-01 (by ADD-03/2.1)),2026-10-25,2026-11-08,2026-11-11,2026-11-25,2026-11-12,2026-11-26,10,OK,OK,VOL-I-3.4-01; VOL-I-5.2-01,,,Bid management,EV-CLARIFICATIONS,none,VOL-I-3.3-01; VOL-I-3.4-01; VOL-I-5.1-01; VOL-I-5.2-01; VOL-II-4.2-01,Bid management,bid_manager,Bidder,1,,2,clarification_drafting,ASSUMPTION (PROVISIONAL; owner Bid management): draft and submit requests or notices through the Portal; not stated,1.5,1.5,ASSUMPTION (PROVISIONAL; owner Bid management): one and a half bid-manager days; internal; waits on: no external party,,staff effort,consortium-check,2026-11-09,consortium-check,deadline:CLARIFICATION-CUTOFF,13,CLARIFICATION-CUTOFF = 2026-11-26 (from VOL-I-5.2-01),OK,READY,,,,,,,OK,REQUIREMENT STALE (VOL-I-3.4-01); REQUIREMENT STALE (VOL-I-5.2-01); BLOCKED (candidate): VOL-I-3.4-01: STALE at ADD-03: its reading was not re-made (VOL-I:6.1 changed since ADD-01 (by ADD-03/2.1)); VOL-I-5.2-01: STALE at ADD-03: its reading was not re-made (VOL-I:6.1 changed since ADD-01 (by ADD-03/2.1))
fin-model-freeze,Freeze the Financial Model (final inputs and version) for the audit opinion and Form 4-F,MOVED,MOVED; EARLY DATES; REVIEW (proposed relationship),,2026-11-12,2026-11-26,2026-11-12,2026-11-26,2026-11-12,2026-11-26,10,OK,OK,,,,Commercial,EV-FIN-MODEL,B,VOL-I-10.1-01; VOL-I-10.3-01; VOL-IV-F4F-02,Commercial,financial_modeller,Bidder,1,,1,fin_model_freeze,ASSUMPTION (PROVISIONAL; owner Commercial): freeze inputs and version for audit and Form 4-F; not stated,1,1,ASSUMPTION (PROVISIONAL; owner Commercial): one modeller-day; internal; waits on: no external party,,staff effort,fin-model-build; ground-dd; lender-terms,2026-11-26,fin-model-build,model-audit-opinion,0,,OK,READY,,,,,,,OVERLOAD financial_modeller on 2026-11-15..2026-11-26 (peak 1.3 vs capacity 1 staff),"REVIEW (proposed relationship): VOL-I-10.3-01, VOL-IV-F4F-02 reached from VOL-V:31.3 via REL-MODEL-FORM-4F, REL-PAY-DEDUCTIONS, REL-PAY-FINANCIAL-MODEL; dates unchanged (a relationship, not a direct citation)"
fin-statements,Collect each member's most recent audited financial statements (three financial years),MOVED,MOVED; EARLY DATES,,2026-10-22,2026-11-05,2026-11-12,2026-11-26,2026-11-18,2026-12-02,10,OK,OK,,,,Commercial,EV-FIN-STANDING,A,VOL-I-8.4-01; VOL-I-8.4-02,Commercial,commercial_manager,Each member (audited accounts),3,x3 (per member: bidder.members = 3; PROVISIONAL ASSUMPTION),5,fin_statements_collection,"ASSUMPTION (PROVISIONAL; owner Commercial): collect each member's most recent audited financial statements, members in parallel; not stated",0.5,1.5,ASSUMPTION (PROVISIONAL; owner Commercial): half a staff-day per member to request and check the accounts; waits on: each member (audited accounts),each member (audited accounts),external waiting + staff effort,,2026-11-11,planning date,fin-standing,15,,OK,READY,,,,,,,OK,
model-audit-opinion,Audit of the frozen Financial Model and issue of the opinion addressed to the Authority (VOL-I 10.3),MOVED,MOVED; EARLY DATES,,2026-11-15,2026-11-29,2026-11-15,2026-11-29,2026-11-19,2026-12-03,10,OK,OK,,,,Commercial,EV-MODEL-AUDIT,B,VOL-I-10.3-02,Commercial,commercial_manager,Independent model auditor,1,,5,model_audit_opinion,ASSUMPTION (PROVISIONAL; owner Commercial): final review of the frozen model and issue of the opinion; not stated,1,1,ASSUMPTION (PROVISIONAL; owner Commercial): one staff-day to answer final queries and check the opinion's addressee; waits on: independent model auditor,independent model auditor,external waiting + staff effort,fin-model-freeze; model-audit-review,2026-12-03,fin-model-freeze,form-4f,0,,OK,READY,,,,,,,OK,
form-4g-review,Review the six Form 4-G undertakings with the O&M and OT security leads,MOVED,MOVED; EARLY DATES,,2026-10-22,2026-11-05,2026-11-16,2026-11-30,2026-11-22,2026-12-06,10,OK,OK,,,,Technical,EV-FORM-4G,A,ADD-02-7.2-01; ADD-02-F4G-01; ADD-02-F4G-02; ADD-02-F4G-03; ADD-02-F4G-04; ADD-02-F4G-05; ADD-02-F4G-06; ADD-02-F4G-07,Technical,technical_lead,Bidder,1,,5,form_4g_review,ASSUMPTION (PROVISIONAL; owner Technical): review the six cybersecurity undertakings with the O&M and OT teams; not stated,3,3,ASSUMPTION (PROVISIONAL; owner Technical): three engineer-days; the O&M and OT leads are treated as part of the bid team; waits on: no external party,,staff effort,,2026-11-11,planning date,form-4g-sign,17,,OK,READY,,,,,,,OK,
form-4c-prep,Prepare Form 4-C in Arabic for each member,MOVED,MOVED; EARLY DATES,,2026-10-22,2026-11-05,2026-11-17,2026-12-01,2026-11-18,2026-12-02,10,OK,OK,,,,Legal,EV-FORM-4C,A,VOL-I-8.10-01; VOL-I-8.2-01; VOL-I-9.4-01; VOL-IV-F4C-01; VOL-IV-F4C-02; VOL-IV-F4C-03; VOL-IV-F4C-04; VOL-IV-F4C-05; VOL-IV-F4C-N1,Legal,legal_counsel,Bidder,1,,2,form_4c_arabic_prep,ASSUMPTION (PROVISIONAL; owner Legal): prepare the Arabic form text for the members; not stated,2,2,ASSUMPTION (PROVISIONAL; owner Legal): two lawyer-days (Arabic drafting and check); internal; waits on: no external party,,staff effort,,2026-11-08,planning date,form-4c-sign,18,,OK,READY,,,,,,,OVERLOAD legal_counsel on 2026-12-01..2026-12-02 (peak 2.1 vs capacity 2 staff),IMAGE READING PENDING (VOL-I-9.4-01); IMAGE READING PENDING (VOL-IV-F4C-01); IMAGE READING PENDING (VOL-IV-F4C-02); IMAGE READING PENDING (VOL-IV-F4C-03); IMAGE READING PENDING (VOL-IV-F4C-04); IMAGE READING PENDING (VOL-IV-F4C-05); IMAGE READING PENDING (VOL-IV-F4C-N1)
investment-licence,"For each foreign member: evidence of a current investment licence, or a signed undertaking to obtain it before Financial Close (VOL-I 8.9)",MOVED,MOVED; EARLY DATES,,2026-11-05,2026-11-19,2026-11-17,2026-12-01,2026-11-23,2026-12-07,10,OK,OK,,,,Legal,EV-INVESTMENT-LICENCE,A,VOL-I-8.9-01,Legal,legal_counsel,Licensing authority / each foreign member,1,x1 (per foreign_member: bidder.foreign_members = 1; PROVISIONAL ASSUMPTION),5,investment_licence,ASSUMPTION (PROVISIONAL; owner Legal): copy of a current licence or a signed undertaking per foreign member (VOL-I 8.9); not stated,1,1,"ASSUMPTION (PROVISIONAL; owner Legal): one lawyer-day per foreign member to request, check and, for the undertaking route, draft the undertaking; waits on: each foreign member (licence copy or signed undertaking)",each foreign member (licence copy or signed undertaking),external waiting + staff effort,poa,2026-11-25,poa,assemble-envelope-a,8,,OK,READY,,,,,,,OVERLOAD legal_counsel on 2026-12-01..2026-12-02 (peak 2.1 vs capacity 2 staff); OVERLOAD legal_counsel on 2026-12-06..2026-12-07 (peak 2.55 vs capacity 2 staff),
form-4b-prep,"Prepare one Form 4-B for each reference project from the reference evidence, every printed field drafted (preparation; not gated)",MOVED,MOVED; EARLY DATES,,2026-11-05,2026-11-19,2026-11-18,2026-12-02,2026-11-22,2026-12-06,10,OK,OK,,,,Technical,EV-FORM-4B,A,VOL-I-9.5-01; VOL-IV-F4B-01,Technical,technical_lead,Bidder,2,x2 (per reference: bidder.reference_plants_offered = 2; PROVISIONAL ASSUMPTION),3,form_4b_preparation,ASSUMPTION (PROVISIONAL; owner Technical): prepare one Form 4-B per reference project from the reference evidence; not stated,1,2,ASSUMPTION (PROVISIONAL; owner Technical): one engineer-day per reference form; internal; waits on: no external party,,staff effort,references,2026-11-23,references,form-4b,9,,OK,READY,,,,,,,OK,
bond-issue,Issue the Bid Bond (validity per VOL-I 6.3),BLOCKED,MOVED; EARLY DATES; REWORK,VOL-I-6.3-01: STALE at ADD-03: its reading was not re-made (VOL-I:6.1 changed since ADD-01 (by ADD-03/2.1)),2026-11-05,2026-11-19,2026-11-19,2026-12-03,2026-11-23,2026-12-07,10,OK,OK,VOL-I-6.3-01,,,Commercial,EV-BID-BOND,A,VOL-I-6.3-01; VOL-I-6.4-01; VOL-I-6.4-02,Commercial,commercial_manager,Issuing bank,1,,3,bid_bond_issue,ASSUMPTION (PROVISIONAL; owner Commercial): issue of the bond after approval; not stated,0.5,0.5,ASSUMPTION (PROVISIONAL; owner Commercial): half a staff-day to check the wording against VOL-I 6.3 and 6.4; waits on: issuing bank,issuing bank,external waiting + staff effort,bond-approval,2026-11-23,bond-approval,assemble-envelope-a,10,,OK,READY,,,,,,,OVERLOAD commercial_manager on 2026-12-06..2026-12-07 (peak 2.333 vs capacity 2 staff),REQUIREMENT STALE (VOL-I-6.3-01); BLOCKED (candidate): VOL-I-6.3-01: STALE at ADD-03: its reading was not re-made (VOL-I:6.1 changed since ADD-01 (by ADD-03/2.1))
fin-standing,"Compute and evidence combined tangible net worth and three-year average turnover, weighted by shareholding (VOL-I 8.4)",MOVED,MOVED; EARLY DATES,,2026-10-29,2026-11-12,2026-11-19,2026-12-03,2026-11-23,2026-12-07,10,OK,OK,,,,Commercial,EV-FIN-STANDING,A,VOL-I-8.4-01; VOL-I-8.4-02,Commercial,commercial_manager,Bidder,1,,3,fin_standing_calc,ASSUMPTION (PROVISIONAL; owner Commercial): combined net worth and turnover weighted by shareholding (VOL-I 8.4); not stated,2,2,ASSUMPTION (PROVISIONAL; owner Commercial): two commercial staff-days; internal; waits on: no external party,,staff effort,fin-statements,2026-11-16,fin-statements,assemble-envelope-a,15,,OK,READY,,,,,,,OVERLOAD commercial_manager on 2026-12-06..2026-12-07 (peak 2.333 vs capacity 2 staff),
form-4c-sign,Sign and stamp Form 4-C at each member (Arabic governs; a translation may be attached),MOVED,MOVED; EARLY DATES,,2026-11-05,2026-11-19,2026-11-19,2026-12-03,2026-11-23,2026-12-07,10,OK,OK,,,,Legal,EV-FORM-4C,A,VOL-I-8.10-01; VOL-I-8.2-01; VOL-I-9.4-01; VOL-IV-F4C-01; VOL-IV-F4C-02; VOL-IV-F4C-03; VOL-IV-F4C-04; VOL-IV-F4C-05; VOL-IV-F4C-N1,Legal,legal_counsel,Each member's authorised signatory,3,x3 (per member: bidder.members = 3; PROVISIONAL ASSUMPTION),3,form_4c_member_sign,"ASSUMPTION (PROVISIONAL; owner Legal): signature and stamp at each member's office, members in parallel; not stated",0.5,1.5,"ASSUMPTION (PROVISIONAL; owner Legal): half a lawyer-day per member to send, chase and check the signed and stamped form; waits on: each member's authorised signatory",each member's authorised signatory,external waiting + staff effort,form-4c-prep; poa,2026-11-23,poa,assemble-envelope-a,10,,OK,READY,,,,,,,OVERLOAD legal_counsel on 2026-12-06..2026-12-07 (peak 2.55 vs capacity 2 staff),IMAGE READING PENDING (VOL-I-9.4-01); IMAGE READING PENDING (VOL-IV-F4C-01); IMAGE READING PENDING (VOL-IV-F4C-02); IMAGE READING PENDING (VOL-IV-F4C-03); IMAGE READING PENDING (VOL-IV-F4C-04); IMAGE READING PENDING (VOL-IV-F4C-05); IMAGE READING PENDING (VOL-IV-F4C-N1)
fin-assumptions,Prepare the schedule of principal financing assumptions to accompany Form 4-F (VOL-I 10.6),MOVED,MOVED; EARLY DATES; REVIEW (possible impact),,2026-11-15,2026-11-29,2026-11-22,2026-12-06,2026-11-23,2026-12-07,10,OK,OK,,,,Commercial,EV-FIN-ASSUMPTIONS,B,VOL-I-10.6-01,Commercial,commercial_manager,Bidder,1,,2,fin_assumptions_schedule,ASSUMPTION (PROVISIONAL; owner Commercial): schedule of principal financing assumptions from the frozen model (VOL-I 10.6); not stated,1.5,1.5,ASSUMPTION (PROVISIONAL; owner Commercial): one and a half staff-days; internal; waits on: no external party,,staff effort,fin-model-freeze,2026-11-30,fin-model-freeze,assemble-envelope-b,5,,OK,READY,,,,,,,OVERLOAD commercial_manager on 2026-12-06..2026-12-07 (peak 2.333 vs capacity 2 staff),"REVIEW (possible impact): VOL-I-10.6-01 reached from VOL-V:31.3 via REL-PAY-DEDUCTIONS, REL-PAY-FINANCING-ASSUMPTIONS; dates unchanged (a relationship, not a direct citation)"
form-4a-prep,"Prepare Form 4-A on the version reissued by ADD-01 Appendix A: Bidder and lead member, Addenda acknowledged, single point of contact (preparation; not gated)",BLOCKED,MOVED; EARLY DATES; REWORK,VOL-I-7.1-01: STALE at ADD-03: its reading was not re-made (VOL-I:6.1 changed since ADD-01 (by ADD-03/2.1)),2026-10-25,2026-11-08,2026-11-22,2026-12-06,2026-11-22,2026-12-06,10,OK,OK,VOL-I-7.1-01,,,Legal,EV-FORM-4A,A,ADD-01-AppA-01; VOL-I-7.1-01; VOL-I-9.3-01; VOL-IV-F4A-01; VOL-IV-F4A-02,Legal,legal_counsel,Bidder,1,,1,form_4a_preparation,"ASSUMPTION (PROVISIONAL; owner Legal): prepare the content of Form 4-A as reissued by ADD-01 Appendix A (Bidder and lead member, Addenda acknowledged, single point of contact); not stated",1,1,ASSUMPTION (PROVISIONAL; owner Legal): one lawyer-day of drafting; no external party; waits on: no external party,,staff effort,consortium-check,2026-11-08,consortium-check,form-4a,20,,OK,READY,,,,,,,OVERLOAD legal_counsel on 2026-12-06..2026-12-07 (peak 2.55 vs capacity 2 staff),REQUIREMENT STALE (VOL-I-7.1-01); BLOCKED (candidate): VOL-I-7.1-01: STALE at ADD-03: its reading was not re-made (VOL-I:6.1 changed since ADD-01 (by ADD-03/2.1))
form-4e,Finalise and sign Form 4-E; check that no qualification appears elsewhere in the Proposal (VOL-I 9.6),MOVED,MOVED; EARLY DATES,,2026-11-05,2026-11-19,2026-11-22,2026-12-06,2026-11-23,2026-12-07,10,OK,OK,,,,Legal,EV-FORM-4E,A,VOL-I-9.6-01; VOL-IV-F4E-01; VOL-V-NOTE-01,Legal,legal_counsel,Bidder,1,,2,form_4e_finalise,"ASSUMPTION (PROVISIONAL; owner Legal): finalise and sign Form 4-E, cross-check that no qualification appears elsewhere (VOL-I 9.6); not stated",1.5,1.5,ASSUMPTION (PROVISIONAL; owner Legal): one and a half lawyer-days; internal; waits on: no external party,,staff effort,deviations-review; poa,2026-11-22,poa,assemble-envelope-a,11,,OK,READY,,,,,,,OVERLOAD legal_counsel on 2026-12-06..2026-12-07 (peak 2.55 vs capacity 2 staff),
form-4f,"Complete and sign Form 4-F from the frozen Financial Model (single Availability Payment, SAR per annum, excluding VAT)",MOVED,MOVED; EARLY DATES; REVIEW (proposed relationship),,2026-11-22,2026-12-06,2026-11-22,2026-12-06,2026-11-23,2026-12-07,10,OK,OK,,,,Commercial,EV-FORM-4F,B,VOL-I-10.1-01; VOL-I-10.2-01; VOL-I-10.4-01; VOL-I-10.5-01; VOL-IV-F4F-01; VOL-IV-F4F-02,Commercial,commercial_manager,Bidder,1,,2,form_4f_preparation,ASSUMPTION (PROVISIONAL; owner Commercial): complete and sign Form 4-F from the frozen model; not stated,1.5,1.5,ASSUMPTION (PROVISIONAL; owner Commercial): one and a half staff-days; internal; waits on: no external party,,staff effort,fin-model-freeze; model-audit-opinion; poa,2026-12-07,model-audit-opinion,assemble-envelope-b,0,,OK,READY,,,,,,,OVERLOAD commercial_manager on 2026-12-06..2026-12-07 (peak 2.333 vs capacity 2 staff),"REVIEW (proposed relationship): VOL-I-10.2-01, VOL-IV-F4F-01, VOL-IV-F4F-02 reached from VOL-V:31.3 via REL-MODEL-FORM-4F, REL-PAY-DEDUCTIONS, REL-PAY-FINANCIAL-MODEL, REL-PAY-FORM-4F, REL-PAY-QUOTED-PRICE; dates unchanged (a relationship, not a direct citation)"
iso-copy,Obtain a copy of the EPC Contractor's ISO 9001:2015 certificate and check it is current at the PDD,BLOCKED,MOVED; EARLY DATES; REWORK,VOL-I-8.3-01: STALE at ADD-03: its reading was not re-made (VOL-I:6.1 changed since ADD-01 (by ADD-03/2.1)),2026-10-22,2026-11-05,2026-11-22,2026-12-06,2026-11-23,2026-12-07,10,OK,OK,VOL-I-8.3-01,,,Technical,EV-ISO,A,VOL-I-8.3-01,Technical,technical_lead,EPC Contractor (accredited certification body),1,x1 (per epc_contractor: bidder.epc_contractors = 1; PROVISIONAL ASSUMPTION),2,iso_certificate_copy,"ASSUMPTION (PROVISIONAL; owner Technical): copy of the EPC Contractor's certificate, if it holds one; not stated",0.25,0.25,ASSUMPTION (PROVISIONAL; owner Technical): a quarter engineer-day to request and check currency at the PDD; waits on: EPC Contractor,EPC Contractor,external waiting + staff effort,,2026-11-08,planning date,assemble-envelope-a,21,,OK,READY,,,,,,,OK,REQUIREMENT STALE (VOL-I-8.3-01); BLOCKED (candidate): VOL-I-8.3-01: STALE at ADD-03: its reading was not re-made (VOL-I:6.1 changed since ADD-01 (by ADD-03/2.1))
spoc,Confirm the single point of contact to be named in Form 4-A; notify any later change within 2 Working Days (VOL-I 4.3),MOVED,MOVED; EARLY DATES,,2026-10-22,2026-11-05,2026-11-22,2026-12-06,2026-11-22,2026-12-06,10,OK,OK,,,,Bid management,EV-SPOC,none,VOL-I-4.3-01,Bid management,bid_manager,Bidder,1,,1,spoc_confirmation,ASSUMPTION (PROVISIONAL; owner Bid management): confirm the single point of contact named in Form 4-A; not stated,0.5,0.5,ASSUMPTION (PROVISIONAL; owner Bid management): half a day of the bid manager; internal; waits on: no external party,,staff effort,,2026-11-05,planning date,form-4a,21,,OK,READY,,,,,,,OK,
form-4a,"Finalise Form 4-A (which form version and fields, and how its stale printed Proposal Due Date is corrected, as decided on I-F4A-FIELDS) and sign by the lead member's PoA holder",BLOCKED,MOVED; EARLY DATES; REWORK,VOL-I-7.1-01: STALE at ADD-03: its reading was not re-made (VOL-I:6.1 changed since ADD-01 (by ADD-03/2.1)),2026-11-05,2026-11-19,2026-11-23,2026-12-07,2026-11-23,2026-12-07,10,OK,OK,VOL-I-7.1-01,,,Legal,EV-FORM-4A,A,ADD-01-AppA-01; VOL-I-7.1-01; VOL-I-9.3-01; VOL-IV-F4A-01; VOL-IV-F4A-02,Legal,legal_counsel,PoA holder of the lead member,1,,1,form_4a_signature,ASSUMPTION (PROVISIONAL; owner Legal): finalise the printed form and signature by the lead member's PoA holder; not stated,0.5,0.5,ASSUMPTION (PROVISIONAL; owner Legal): half a lawyer-day to finalise and witness the signature; waits on: PoA holder of the lead member (signature),PoA holder of the lead member (signature),external waiting + staff effort,form-4a-prep; poa; spoc,2026-11-19,poa,assemble-envelope-a,12,,OK,"GATED: finalisation waits on I-F4A-FIELDS; clarification question drafted (CQ-F4A-REISSUE): decide whether to ask the Authority by 2026-11-25 (latest start of clarifications, which must finish by the CLARIFICATION-CUTOFF 2026-11-26; VOL-I 3.3, VOL-I 5.2); finalise by 2026-12-07",I-F4A-FIELDS,2026-11-25,CQ-F4A-REISSUE,2026-11-25,2026-12-07,,OVERLOAD legal_counsel on 2026-12-06..2026-12-07 (peak 2.55 vs capacity 2 staff),REQUIREMENT STALE (VOL-I-7.1-01); BLOCKED (candidate): VOL-I-7.1-01: STALE at ADD-03: its reading was not re-made (VOL-I:6.1 changed since ADD-01 (by ADD-03/2.1))
form-4b,Finalise each Form 4-B: the 'Contract value (SAR equivalent)' field is kept (not deleted or relocated) and completed as the decision on I-VOL-I-ENV-A-PRICES directs (VOL-I 6.2: no commercial information in Envelope A),MOVED,MOVED; EARLY DATES,,2026-11-12,2026-11-26,2026-11-23,2026-12-07,2026-11-23,2026-12-07,10,OK,OK,,,,Technical,EV-FORM-4B,A,VOL-I-6.2-02; VOL-I-9.5-01; VOL-IV-F4B-01,Technical,technical_lead,Bidder,2,x2 (per reference: bidder.reference_plants_offered = 2; PROVISIONAL ASSUMPTION),1,form_4b_finalise,"ASSUMPTION (PROVISIONAL; owner Technical): finalise each Form 4-B, including the 'Contract value (SAR equivalent)' field as the decision on I-VOL-I-ENV-A-PRICES directs; not stated",0.25,0.5,ASSUMPTION (PROVISIONAL; owner Technical): a quarter engineer-day per form; internal; waits on: no external party,,staff effort,completion-certs; form-4b-prep,2026-11-26,completion-certs,assemble-envelope-a,7,,OK,"GATED: finalisation waits on I-VOL-I-ENV-A-PRICES; clarification question drafted (CQ-F4B-CONTRACT-VALUE): decide whether to ask the Authority by 2026-11-25 (latest start of clarifications, which must finish by the CLARIFICATION-CUTOFF 2026-11-26; VOL-I 3.3, VOL-I 5.2); finalise by 2026-12-07",I-VOL-I-ENV-A-PRICES,2026-11-25,CQ-F4B-CONTRACT-VALUE,2026-11-25,2026-12-07,,OK,
form-4g-sign,Complete and sign Form 4-G,MOVED,MOVED; EARLY DATES,,2026-11-05,2026-11-19,2026-11-23,2026-12-07,2026-11-23,2026-12-07,10,OK,OK,,,,Technical,EV-FORM-4G,A,ADD-02-7.2-01; ADD-02-F4G-01; ADD-02-F4G-02; ADD-02-F4G-03; ADD-02-F4G-04; ADD-02-F4G-05; ADD-02-F4G-06; ADD-02-F4G-07,Technical,technical_lead,Bidder,1,,1,form_4g_signature,ASSUMPTION (PROVISIONAL; owner Technical): signature for the Bidder; not stated,0.25,0.25,ASSUMPTION (PROVISIONAL; owner Technical): a quarter engineer-day; internal; waits on: no external party,,staff effort,form-4g-review; poa,2026-11-19,poa,assemble-envelope-a,12,,OK,READY,,,,,,,OK,
assemble-envelope-a,Assemble the marked original of Envelope A in the VOL-I 9.1 order with numbered dividers (Form 4-G after item (e)); check that no price or commercial information appears (VOL-I 6.2),BLOCKED,MOVED; EARLY DATES; STATUS; REWORK,VOL-I-6.1-01: STALE at ADD-03: its reading was not re-made (VOL-I:6.1 changed since ADD-01 (by ADD-03/2.1); quote not found in the effective text at ADD-03: 'not later than 14:00 hours Riyadh time on Thursday 26 Novemb'…),2026-12-10,2026-12-03,2026-11-24,2026-12-08,2026-11-24,2026-12-08,10,INFEASIBLE by 12 WD,OK,VOL-I-6.1-01,ADD-03/2.1,,Document control,EV-DELIVERY,A+B,VOL-I-6.1-01; VOL-I-6.2-01; VOL-I-6.2-02; VOL-I-9.1-01; VOL-I-App3-01,Bid management,document_controller,Bidder,1,,1,envelope_assembly,ASSUMPTION (PROVISIONAL; owner Bid management): assemble the marked original of one envelope in the required order with numbered dividers; not stated,1,1,ASSUMPTION (PROVISIONAL; owner Bid management): one document-controller day per envelope; internal; waits on: no external party,,staff effort,bond-issue; completion-certs; fin-standing; form-4a; form-4b; form-4c-sign; form-4e; form-4g-sign; ground-dd; investment-licence; iso-copy; om-evidence; pcg-execution; poa; references; technical-proposal,2026-12-03,technical-proposal,copies,3,,OK,READY,,,,,,,OK,REQUIREMENT STALE (VOL-I-6.1-01); BLOCKED (candidate): VOL-I-6.1-01: STALE at ADD-03: its reading was not re-made (VOL-I:6.1 changed since ADD-01 (by ADD-03/2.1); quote not found in the effective text at ADD-03: 'not later than 14:00 hours Riyadh time on Thursday 26 Novemb'…)
assemble-envelope-b,Assemble the marked original of Envelope B: Form 4-F and the Financial Model (VOL-I 10.1); package the model auditor's opinion and the financing-assumptions schedule as the decision on I-VOL-I-ENV-B directs (both are prepared regardless),BLOCKED,MOVED; EARLY DATES; REWORK,VOL-I-6.1-01: STALE at ADD-03: its reading was not re-made (VOL-I:6.1 changed since ADD-01 (by ADD-03/2.1); quote not found in the effective text at ADD-03: 'not later than 14:00 hours Riyadh time on Thursday 26 Novemb'…),2026-11-24,2026-12-08,2026-11-24,2026-12-08,2026-11-24,2026-12-08,10,OK,OK,VOL-I-6.1-01,ADD-03/2.1,,Document control,EV-DELIVERY,A+B,VOL-I-6.1-01; VOL-I-6.2-01; VOL-I-9.1-01; VOL-I-App3-01,Bid management,document_controller,Bidder,1,,1,envelope_assembly,ASSUMPTION (PROVISIONAL; owner Bid management): assemble the marked original of one envelope in the required order with numbered dividers; not stated,1,1,ASSUMPTION (PROVISIONAL; owner Bid management): one document-controller day per envelope; internal; waits on: no external party,,staff effort,fin-assumptions; fin-model-freeze; form-4f; model-audit-opinion,2026-12-08,form-4f,copies,0,,OK,"GATED: finalisation waits on I-VOL-I-ENV-B; clarification question drafted (CQ-ENV-B-CONTENTS): decide whether to ask the Authority by 2026-11-25 (latest start of clarifications, which must finish by the CLARIFICATION-CUTOFF 2026-11-26; VOL-I 3.3, VOL-I 5.2); finalise by 2026-12-08",I-VOL-I-ENV-B,2026-11-25,CQ-ENV-B-CONTENTS,2026-11-25,2026-12-08,,OK,REQUIREMENT STALE (VOL-I-6.1-01); BLOCKED (candidate): VOL-I-6.1-01: STALE at ADD-03: its reading was not re-made (VOL-I:6.1 changed since ADD-01 (by ADD-03/2.1); quote not found in the effective text at ADD-03: 'not later than 14:00 hours Riyadh time on Thursday 26 Novemb'…)
copies,"Make three hard copies of each envelope and the searchable electronic copy on encrypted USB, files named ISTP2026-014_[BIDDER]_[ENV]_[VOL]_[NN]_[YYYYMMDD].pdf (max 120 characters, folders max 3 levels); check the electronic copy against the marked original (VOL-I 6.5, Appendix 2); the USB split between the envelopes follows the decision on I-VOL-I-COPIES",BLOCKED,MOVED; EARLY DATES; STATUS; REWORK,VOL-I-6.1-01: STALE at ADD-03: its reading was not re-made (VOL-I:6.1 changed since ADD-01 (by ADD-03/2.1); quote not found in the effective text at ADD-03: 'not later than 14:00 hours Riyadh time on Thursday 26 Novemb'…),2026-12-13,2026-12-09,2026-11-25,2026-12-09,2026-11-25,2026-12-09,10,INFEASIBLE by 12 WD,OK,VOL-I-6.1-01,ADD-03/2.1,,Document control,EV-COPIES,A+B,VOL-I-6.1-01; VOL-I-6.2-01; VOL-I-6.5-01; VOL-I-6.5-02; VOL-I-9.1-01; VOL-I-App3-01,Bid management,document_controller,Bidder,1,,1,copies_and_usb,ASSUMPTION (PROVISIONAL; owner Bid management): three hard copies of each envelope and the encrypted searchable USB copy named per Appendix 2; not stated,2,2,ASSUMPTION (PROVISIONAL; owner Bid management): both document controllers for the day; internal; waits on: no external party,,staff effort,assemble-envelope-a; assemble-envelope-b,2026-12-09,assemble-envelope-b,seal-and-mark,0,,OK,"GATED: finalisation waits on I-VOL-I-COPIES; clarification question drafted (CQ-USB-PACKAGING): decide whether to ask the Authority by 2026-11-25 (latest start of clarifications, which must finish by the CLARIFICATION-CUTOFF 2026-11-26; VOL-I 3.3, VOL-I 5.2); finalise by 2026-12-09",I-VOL-I-COPIES,2026-11-25,CQ-USB-PACKAGING,2026-11-25,2026-12-09,,OVERLOAD document_controller on 2026-12-09 (peak 2.25 vs capacity 2 staff),REQUIREMENT STALE (VOL-I-6.1-01); BLOCKED (candidate): VOL-I-6.1-01: STALE at ADD-03: its reading was not re-made (VOL-I:6.1 changed since ADD-01 (by ADD-03/2.1); quote not found in the effective text at ADD-03: 'not later than 14:00 hours Riyadh time on Thursday 26 Novemb'…)
seal-and-mark,"Seal Envelopes A and B separately and mark each 'NUPA/ISTP/2026/014 — NOT TO BE OPENED BEFORE 14:00 ON THE PROPOSAL DUE DATE' (VOL-I 6.2, Appendix 3)",BLOCKED,MOVED; EARLY DATES; STATUS; REWORK,VOL-I-6.1-01: STALE at ADD-03: its reading was not re-made (VOL-I:6.1 changed since ADD-01 (by ADD-03/2.1); quote not found in the effective text at ADD-03: 'not later than 14:00 hours Riyadh time on Thursday 26 Novemb'…),2026-12-13,2026-12-09,2026-11-25,2026-12-09,2026-11-25,2026-12-09,10,INFEASIBLE by 12 WD,OK,VOL-I-6.1-01,ADD-03/2.1,,Document control,EV-DELIVERY,A+B,VOL-I-6.1-01; VOL-I-6.2-01; VOL-I-9.1-01; VOL-I-App3-01,Bid management,document_controller,Bidder,1,,0,seal_and_mark,ASSUMPTION (PROVISIONAL; owner Bid management): a few hours at the end of the day the copies are finished (0 = no separate Working Day); not stated,0.25,0.25,"ASSUMPTION (PROVISIONAL; owner Bid management): a quarter document-controller day, on the copies day; waits on: no external party",,staff effort,copies,2026-12-09,copies,deliver,0,,OK,READY,,,,,,,OVERLOAD document_controller on 2026-12-09 (peak 2.25 vs capacity 2 staff),REQUIREMENT STALE (VOL-I-6.1-01); BLOCKED (candidate): VOL-I-6.1-01: STALE at ADD-03: its reading was not re-made (VOL-I:6.1 changed since ADD-01 (by ADD-03/2.1); quote not found in the effective text at ADD-03: 'not later than 14:00 hours Riyadh time on Thursday 26 Novemb'…)
deliver,"Deliver both sealed envelopes to Tender Box 4, Ground Floor, Northern Utilities Procurement Authority, Administrative Building C, Sakaka before 14:00 Riyadh time on the PDD (VOL-I 6.1, Appendix 3; late Proposals are rejected unopened, VOL-I 6.6)",BLOCKED,MOVED; EARLY DATES; STATUS; REWORK,VOL-I-6.1-01: STALE at ADD-03: its reading was not re-made (VOL-I:6.1 changed since ADD-01 (by ADD-03/2.1); quote not found in the effective text at ADD-03: 'not later than 14:00 hours Riyadh time on Thursday 26 Novemb'…),2026-12-14,2026-12-10,2026-11-26,2026-12-10,2026-11-26,2026-12-10,10,INFEASIBLE by 12 WD,OK,VOL-I-6.1-01,ADD-03/2.1,,Document control,EV-DELIVERY,A+B,VOL-I-6.1-01; VOL-I-6.2-01; VOL-I-9.1-01; VOL-I-App3-01,Bid management,document_controller,Bidder (courier),1,,1,delivery,"ASSUMPTION (PROVISIONAL; owner Bid management): courier to the Appendix 3 address before the Proposal Due Date time stated in VOL-I 6.1 as amended (the time is derived, not assumed); not stated",1,1,ASSUMPTION (PROVISIONAL; owner Bid management): one document controller accompanies the delivery and obtains the receipt; internal; waits on: no external party,,staff effort,seal-and-mark,2026-12-10,seal-and-mark,deadline:PDD,0,"PDD = 2026-12-10 14:00 Riyadh time (from VOL-I-6.1-01; VOL-I 6.1 as amended by ADD-01 2.1, ADD-03 2.1); delivery buffer 0 WD (submission.delivery_buffer_wd: PROVISIONAL ASSUMPTION, owner Bid manager): finish on the pack date itself, before 14:00",OK,READY,,,,,,,OK,REQUIREMENT STALE (VOL-I-6.1-01); BLOCKED (candidate): VOL-I-6.1-01: STALE at ADD-03: its reading was not re-made (VOL-I:6.1 changed since ADD-01 (by ADD-03/2.1); quote not found in the effective text at ADD-03: 'not later than 14:00 hours Riyadh time on Thursday 26 Novemb'…)
