batch,kind,id,status,fingerprint,decision,command
1,reading,VOL-II-p3-r1,pending,6bc6505956429dc7fef21c829905f5e0177568e81a74481593d324460101f012,approve the reading (or correct it),"python -m tenderpack approve VOL-II-p3-r1 --reviewer ""Your Name"""
1,reading,VOL-IV-p6-r1,pending,f433c2ca4e56267920ad7819090469185ae2b28ac9dc5d52ee04390fec934247,approve the reading (or correct it),"python -m tenderpack approve VOL-IV-p6-r1 --reviewer ""Your Name"""
2,row,VOL-I-6.1-01,proposed,8af68e0ee6c165b76d7a7591ebfca1765b0bea338d6c3828f94e8ff56621bc0d,"accept VOL-I-6.1-01 as quoted with consequence rejection, or reject","python -m tenderpack accept VOL-I-6.1-01 --reviewer ""Your Name"""
2,row,VOL-I-8.5-01,proposed,c0d130f09d527a27b921adb58ff45a7fe30fd1e9205abf25ef996e5e284f536c,"accept VOL-I-8.5-01 as quoted with consequence rejection, or reject","python -m tenderpack accept VOL-I-8.5-01 --reviewer ""Your Name"""
2,row,VOL-I-8.6-01,proposed,27fbacf3b51c548e90770720b07084ea5c0b527f9b47db481513903bd561bd01,"accept VOL-I-8.6-01 as quoted with consequence non_responsive, or reject","python -m tenderpack accept VOL-I-8.6-01 --reviewer ""Your Name"""
2,row,VOL-I-5.4-01,proposed,3bd70b3badec59f4fe630cb1312bf026dfec2d429085a87f59d177eed3e6787b,"accept VOL-I-5.4-01 as quoted with consequence disqualification, or reject","python -m tenderpack accept VOL-I-5.4-01 --reviewer ""Your Name"""
2,row,VOL-I-9.3-01,proposed,23a702bc23d2d029fcae2927f597cb64306fe968598a9f12ace3b77e35331b2e,"accept VOL-I-9.3-01 as quoted with consequence non_responsive, or reject","python -m tenderpack accept VOL-I-9.3-01 --reviewer ""Your Name"""
2,row,VOL-I-9.4-01,proposed,8e92c9e1be939fe8a181d2ef403c05877e254fccc1968124a8be4e233d2ed05c,"accept VOL-I-9.4-01 as quoted with consequence non_responsive, or reject","python -m tenderpack accept VOL-I-9.4-01 --reviewer ""Your Name"""
2,row,VOL-IV-F4C-04,proposed,21e9d7d12792cb8c313f0a61ec0bf7d9a869c46edb97ef12d348ed0423f6f16e,"accept VOL-IV-F4C-04 as quoted with consequence exclusion, or reject","python -m tenderpack accept VOL-IV-F4C-04 --reviewer ""Your Name"""
2,row,VOL-IV-F4C-N1,proposed,1ad662d58fd0ceef7fabaa7078ab6b57a95a733b07df8dc0a430cc8b67a31191,"accept VOL-IV-F4C-N1 as quoted with consequence non_responsive, or reject","python -m tenderpack accept VOL-IV-F4C-N1 --reviewer ""Your Name"""
2,row,ADD-02-7.2-01,proposed,af2decc8454461fc1dbe49e1bc3a604aa5adcf7d759d9e7f71152f6527f88c72,"accept ADD-02-7.2-01 as quoted with consequence non_responsive, or reject","python -m tenderpack accept ADD-02-7.2-01 --reviewer ""Your Name"""
2,row,VOL-I-11.3-01,proposed,794c288b149a8ae56ebfc2780c7f3d72d57d61ed14610fe2c944c09c80b82470,"accept VOL-I-11.3-01 as quoted with consequence score_elimination, or reject","python -m tenderpack accept VOL-I-11.3-01 --reviewer ""Your Name"""
2,row,VOL-I-1.4-01,proposed,6308bcb93ad48efb62b179a2fbe2df985eb900776acd7813f5b8d2b925bde4d8,"accept VOL-I-1.4-01 as quoted with consequence rejection, or reject","python -m tenderpack accept VOL-I-1.4-01 --reviewer ""Your Name"""
2,row,VOL-I-4.2-01,proposed,1c19713d33dae2c376d4fc6f8f729634a025243e9a3f1edfad6a9d6f7a48f50d,"accept VOL-I-4.2-01 as quoted with consequence disqualification, or reject","python -m tenderpack accept VOL-I-4.2-01 --reviewer ""Your Name"""
2,row,VOL-I-6.2-02,proposed,6e9010882bc490db389ef25e9784aa65aeec5fe59d45cb19ab15737055c4ffc0,"accept VOL-I-6.2-02 as quoted with consequence non_responsive, or reject","python -m tenderpack accept VOL-I-6.2-02 --reviewer ""Your Name"""
2,row,VOL-I-8.1-01,proposed,3996d976d03acd72ee84c4dcf66e8210e0aa2bd6a7d8400d3ffa32c5e5403163,"accept VOL-I-8.1-01 as quoted with consequence rejection, or reject","python -m tenderpack accept VOL-I-8.1-01 --reviewer ""Your Name"""
2,row,VOL-I-8.2-01,proposed,9ba2e600655e4c3a5513bf9ad16b56cd93e6b34e1ec111cb11dafc0cab580ccc,"accept VOL-I-8.2-01 as quoted with consequence rejection, or reject","python -m tenderpack accept VOL-I-8.2-01 --reviewer ""Your Name"""
2,row,VOL-I-9.6-01,proposed,7664603fd7973d34d52c1f64a0bf45400d3639a97f63b66c8b554c5518d3f1be,"accept VOL-I-9.6-01 as quoted with consequence non_responsive, or reject","python -m tenderpack accept VOL-I-9.6-01 --reviewer ""Your Name"""
2,row,VOL-I-10.5-01,proposed,bc0985536fdb769dd018183f37d19d8559a35d45f7f5d21f944c8a25a6c953cc,"accept VOL-I-10.5-01 as quoted with consequence non_responsive, or reject","python -m tenderpack accept VOL-I-10.5-01 --reviewer ""Your Name"""
2,row,VOL-I-11.5-01,proposed,d1f6fcaebfb4cc98abc855658726cc574fb9e6ce1e83b5912eab3cdae1ab8b20,"accept VOL-I-11.5-01 as quoted with consequence non_responsive, or reject","python -m tenderpack accept VOL-I-11.5-01 --reviewer ""Your Name"""
3,op,ADD-01/cover/para3,proposed,74e4e37ec6a44aa3b3fb14c909edd2358e5a30c6a9b1b652057ddfdbb5656c61,accept ADD-01/cover/para3 (annotate on ADD-01:cover/para3) or reject,"python -m tenderpack accept ADD-01/cover/para3 --reviewer ""Your Name"""
3,op,ADD-01/2.1,proposed,790a14e2997f77cf6007baad1ca7b8126418ce97ef1e050d30524561c01491ed,accept ADD-01/2.1 (replace_text on VOL-I:6.1) or reject,"python -m tenderpack accept ADD-01/2.1 --reviewer ""Your Name"""
3,op,ADD-01/2.2,proposed,12f5e6af3ea78bf443d3f4095232d89f41aa25b1dda260141d540325f7155c62,"accept ADD-01/2.2 (annotate on VOL-I:5.2, VOL-I:6.3, VOL-I:7.1, VOL-I:8.5#fn12) or reject","python -m tenderpack accept ADD-01/2.2 --reviewer ""Your Name"""
3,op,ADD-01/3.1,proposed,963c048d5a689b9303b5fde6b21008ba5522eac7203f6eaab9b04d4d2328a6d4,accept ADD-01/3.1 (annotate on ADD-01:3.1) or reject,"python -m tenderpack accept ADD-01/3.1 --reviewer ""Your Name"""
3,op,ADD-01/3.2,proposed,ae4d4dd70574e3a5bd0913f11f640020b1f042fd3bd8d887dd55abdd2926ed95,accept ADD-01/3.2 (annotate on VOL-I:5.3) or reject,"python -m tenderpack accept ADD-01/3.2 --reviewer ""Your Name"""
3,op,ADD-01/4.1,proposed,49ba403df9c41a5bd9451c013cb79d143faf82e34dff9ad3ce7e6f9e2fcfeed5,accept ADD-01/4.1 (set_status on VOL-I:8.6) or reject,"python -m tenderpack accept ADD-01/4.1 --reviewer ""Your Name"""
3,op,ADD-01/4.2,proposed,9c831edfac59cc636c03ca9f7b0c7056adadf56fa14b27d8e56ce9c2d62b35f3,accept ADD-01/4.2 (annotate on ADD-01:4.2) or reject,"python -m tenderpack accept ADD-01/4.2 --reviewer ""Your Name"""
3,op,ADD-01/5.1,proposed,abdf7cd9e7da04d39e29f5500860696720bb83352f6ca4e642f3a86577aa1a02,accept ADD-01/5.1 (append_text on VOL-II:5.3) or reject,"python -m tenderpack accept ADD-01/5.1 --reviewer ""Your Name"""
3,op,ADD-01/Q1,proposed,b8bc2c16f9bdd0cdb0f500712fe2333587f2b60886dffc0cefa1684bcc5112b2,accept ADD-01/Q1 (annotate on VOL-II:3.1) or reject,"python -m tenderpack accept ADD-01/Q1 --reviewer ""Your Name"""
3,op,ADD-01/Q2,proposed,a45e5352ccca99fc73099312a019d4e34951a3d52ca7b883602bcb029a1d1717,accept ADD-01/Q2 (annotate on VOL-I:9.2) or reject,"python -m tenderpack accept ADD-01/Q2 --reviewer ""Your Name"""
3,op,ADD-01/Q3,proposed,51bf3ec54b9fc2d3391314315137ec13557dcabb8ce7a182e83e53793dc9ee66,accept ADD-01/Q3 (annotate on VOL-I:6.4) or reject,"python -m tenderpack accept ADD-01/Q3 --reviewer ""Your Name"""
3,op,ADD-01/Q4,proposed,fffd644d2a52aeefe8d7a341d1d757aae3320f389494f2d39ea7b6044246b5da,accept ADD-01/Q4 (annotate on ADD-01:Q4) or reject,"python -m tenderpack accept ADD-01/Q4 --reviewer ""Your Name"""
3,op,ADD-01/Q5,proposed,af7efdff8d4ba039d57956e35a33e2ad54756d4a1e7c17ea7f1a5e53a1704451,accept ADD-01/Q5 (annotate on VOL-I:8.5#fn12) or reject,"python -m tenderpack accept ADD-01/Q5 --reviewer ""Your Name"""
3,op,ADD-01/Q6,proposed,b461ee59576308ca24e57f92843274c77ac14b2ee54b6377b4199a3b21022540,"accept ADD-01/Q6 (annotate on VOL-V:29.1, VOL-V:29.2, VOL-V:29.3, VOL-V:29.4, VOL-V:29.5) or reject","python -m tenderpack accept ADD-01/Q6 --reviewer ""Your Name"""
3,op,ADD-01/AppA/para1,proposed,59631993232efdf7bd09eeaf2ee184f047497d944c9836f37ae0b57b25e9b998,accept ADD-01/AppA/para1 (replace_unit on VOL-IV:F4-A) or reject,"python -m tenderpack accept ADD-01/AppA/para1 --reviewer ""Your Name"""
3,op,ADD-02/cover/para3,proposed,213adf9305a0f07555423d41e81f90f48016b7cbe47ae3d6889b1073b4e9ade6,accept ADD-02/cover/para3 (annotate on ADD-02:cover/para3) or reject,"python -m tenderpack accept ADD-02/cover/para3 --reviewer ""Your Name"""
3,op,ADD-02/2.1,proposed,cf0d6d2d6fab7204bff88acb66c756fefb00013e7ff7a1f97eedee09d0170b3d,accept ADD-02/2.1 (replace_text on VOL-I:9.2) or reject,"python -m tenderpack accept ADD-02/2.1 --reviewer ""Your Name"""
3,op,ADD-02/3.1,proposed,a82e0e54dfbf90a581aa16be56b3c7710a193f4dd5e6e4f76c118b3a4194b655,accept ADD-02/3.1 (replace_unit on VOL-I:T1-1) or reject,"python -m tenderpack accept ADD-02/3.1 --reviewer ""Your Name"""
3,op,ADD-02/T1-1-rev/note(1),proposed,c6c01bc92dcf87d6138ce682d251b4d4220ea4e312db2d1bc386f393194b33cf,accept ADD-02/T1-1-rev/note(1) (annotate on VOL-I:11.3) or reject,"python -m tenderpack accept ADD-02/T1-1-rev/note(1) --reviewer ""Your Name"""
3,op,ADD-02/T1-1-rev/note(2),proposed,8fd726bd304c2a0c725e09c1310c5d5f97bff809507731187d846ac7de1e5e5c,accept ADD-02/T1-1-rev/note(2) (replace_text on VOL-I:11.2) or reject,"python -m tenderpack accept ADD-02/T1-1-rev/note(2) --reviewer ""Your Name"""
3,op,ADD-02/T1-1-rev/note(3),proposed,1671091f5a159a89d704934b943eaec090ac4d12a6a6d80e6eb9bd2b996df88c,accept ADD-02/T1-1-rev/note(3) (annotate on ADD-02:T1-1-rev) or reject,"python -m tenderpack accept ADD-02/T1-1-rev/note(3) --reviewer ""Your Name"""
3,op,ADD-02/4.1,proposed,b69b84aff79d7c7a8b7ce12f78142d0e3c7aedc7519115ec7adcb958694a619a,accept ADD-02/4.1 (replace_text on VOL-II:4.4) or reject,"python -m tenderpack accept ADD-02/4.1 --reviewer ""Your Name"""
3,op,ADD-02/5.1,proposed,71fbf3d03ecb3acdd15a7df2622b564352e14564774733c37e73b4b89b0284b4,accept ADD-02/5.1 (set_value on VOL-II:T2-4/TN) or reject,"python -m tenderpack accept ADD-02/5.1 --reviewer ""Your Name"""
3,op,ADD-02/5.2,proposed,974be7d73e3f25a2ba80c5cc59df20e2b2c8888370f0cf91d998592026759ab4,accept ADD-02/5.2 (annotate on VOL-II:S3) or reject,"python -m tenderpack accept ADD-02/5.2 --reviewer ""Your Name"""
3,op,ADD-02/Q7,proposed,6562d287a117e6bb27ff1e5f28841b0a672221d4addffb917a0f47842f835015,"accept ADD-02/Q7 (annotate on VOL-I:12.1, VOL-V:3.1, VOL-I:3.2) or reject","python -m tenderpack accept ADD-02/Q7 --reviewer ""Your Name"""
3,op,ADD-02/Q8,proposed,b1e55cb0cbfc4f63cd83ebccc352ef523dc25553c16f843476d59ec93fe22e31,accept ADD-02/Q8 (annotate on VOL-I:6.4) or reject,"python -m tenderpack accept ADD-02/Q8 --reviewer ""Your Name"""
3,op,ADD-02/Q9,proposed,09bc2db69f30e8c06ed9772220510da98b909752ade9b40404f068d8aeed3154,accept ADD-02/Q9 (annotate on VOL-IV:F4-C) or reject,"python -m tenderpack accept ADD-02/Q9 --reviewer ""Your Name"""
3,op,ADD-02/Q10,proposed,59dc37ab898aad35e8a7762d690e2eedbc9f2986fe568cb041cf64d386fcb8cb,accept ADD-02/Q10 (annotate on VOL-I:8.7) or reject,"python -m tenderpack accept ADD-02/Q10 --reviewer ""Your Name"""
3,op,ADD-02/Q11,proposed,636fb182aee3b384b83f03028409e2994da059edaa8db9d68a00aecb2425e3e1,accept ADD-02/Q11 (annotate on VOL-II:4.2) or reject,"python -m tenderpack accept ADD-02/Q11 --reviewer ""Your Name"""
3,op,ADD-02/Q12,proposed,403d537361dc0223f07c1de9dac313dedfbf935d72564fe3a6b20e380cc16bf8,accept ADD-02/Q12 (annotate on VOL-V:31.2) or reject,"python -m tenderpack accept ADD-02/Q12 --reviewer ""Your Name"""
3,op,ADD-02/Q13,proposed,ecee14c690e9c25338261a8f7b4b34f238f74b132071797994791965f3986301,accept ADD-02/Q13 (annotate on VOL-I:12.2) or reject,"python -m tenderpack accept ADD-02/Q13 --reviewer ""Your Name"""
3,op,ADD-02/Q14,proposed,0db378b698aec96c78398efc65c884be88f6b2b861df1f4463c42299a4fe21e0,accept ADD-02/Q14 (annotate on VOL-I:10.5) or reject,"python -m tenderpack accept ADD-02/Q14 --reviewer ""Your Name"""
3,op,ADD-02/7.1,proposed,fe6d42b1c6183d70a13c97d705d799b9a8be343772c59bee40bdc3cf46521d97,accept ADD-02/7.1 (insert_unit on VOL-I:9.1(e)) or reject,"python -m tenderpack accept ADD-02/7.1 --reviewer ""Your Name"""
3,op,ADD-02/7.2,proposed,b4e9dadaef38d234da482605879940068e1cb1768a906df1fd38b5e95dafb42b,accept ADD-02/7.2 (annotate on ADD-02:F4-G) or reject,"python -m tenderpack accept ADD-02/7.2 --reviewer ""Your Name"""
3,op,ADD-02/8.1,proposed,ddf44b8a26821344e0fc793a4fc8e6f48595a9661f50d64caf07291f8902125a,accept ADD-02/8.1 (replace_text on VOL-V:36.2) or reject,"python -m tenderpack accept ADD-02/8.1 --reviewer ""Your Name"""
3,op,ADD-02/9.1,proposed,9cb22443415e649c26dc4d72fde52b10a99f86045e05ce25d122be972fb10ff4,accept ADD-02/9.1 (set_status on VOL-I:8.6) or reject,"python -m tenderpack accept ADD-02/9.1 --reviewer ""Your Name"""
3,op,ADD-02/9.2,proposed,3db5966e38e52ba6c306f203762a58e91db90b99836db6ee2c1da40269becc4a,accept ADD-02/9.2 (set_status on ADD-01:4.2) or reject,"python -m tenderpack accept ADD-02/9.2 --reviewer ""Your Name"""
3,op,ADD-03/cover/para3,proposed,29abc4b86bd06e223b0321cdd0b8e0aac55628be776bf58d13405ce0355ba0d5,accept ADD-03/cover/para3 (annotate on ADD-03:cover/para3) or reject,"python -m tenderpack accept ADD-03/cover/para3 --reviewer ""Your Name"""
3,op,ADD-03/2.1,proposed,db19a8e68898bd3f6e4aed031a35fb136f9e496867fe14a04e264d61103653dc,accept ADD-03/2.1 (replace_text on VOL-I:6.1) or reject,"python -m tenderpack accept ADD-03/2.1 --reviewer ""Your Name"""
3,op,ADD-03/3.1,proposed,95104f5a68c75c7a39f5df2641b747ff8a423859729c864474d04fe3a29b103a,accept ADD-03/3.1 (replace_text on VOL-V:31.3) or reject,"python -m tenderpack accept ADD-03/3.1 --reviewer ""Your Name"""
3,op,ADD-03/4.1,proposed,a862633c2b9c06e437cca2deca75f52fadcf4bbc0b21009f053f5042e49935fe,accept ADD-03/4.1 (set_status on VOL-I:8.6) or reject,"python -m tenderpack accept ADD-03/4.1 --reviewer ""Your Name"""
3,op,ADD-03/5.1,proposed,de317fa3808e141fd5a6bf27384f5775ab14adbc1a87bcf73e9d7d177b30119c,accept ADD-03/5.1 (set_value on VOL-II:T2-4/TP) or reject,"python -m tenderpack accept ADD-03/5.1 --reviewer ""Your Name"""
3,op,ADD-03/7.1,proposed,d48a6419c3e99815c74bdcf4555a1b85ed6fed3c72f4ae37b5f1938f92065910,accept ADD-03/7.1 (replace_text on VOL-II:4.4) or reject,"python -m tenderpack accept ADD-03/7.1 --reviewer ""Your Name"""
4,proposal,P-S08-VOL-I-8.3-01,applied,ddcb8a1f8b39c84811a4302cc0914ac17908b1dbdb83213e65b1c28d0610a7ed,Accept or reject row VOL-I-8.3-01 with this interpretation (tenderpack accept / reject).,"python -m tenderpack apply-proposal P-S08-VOL-I-8.3-01 --by ""Your Name"""
4,proposal,P-S08-VOL-I-3.4-01,applied,e79ebf636f6c2d5ae4a19d6a9036b10817ef4c19153d362400fdc4bc0d15f39d,Accept or reject row VOL-I-3.4-01 with this interpretation (tenderpack accept / reject).,"python -m tenderpack apply-proposal P-S08-VOL-I-3.4-01 --by ""Your Name"""
4,proposal,P-S08-VOL-I-6.7-01,applied,58bbb71ae9745600c6f5ad7e615fde3a6d13b739186286049c5a8ec8a9214201,Accept or reject row VOL-I-6.7-01 with this interpretation (tenderpack accept / reject).,"python -m tenderpack apply-proposal P-S08-VOL-I-6.7-01 --by ""Your Name"""
4,proposal,P-STALE-VOL-I-8.3-01,superseded,ddcb8a1f8b39c84811a4302cc0914ac17908b1dbdb83213e65b1c28d0610a7ed,none: superseded by P-S08-VOL-I-8.3-01,
4,proposal,P-STALE-VOL-I-3.4-01,superseded,e79ebf636f6c2d5ae4a19d6a9036b10817ef4c19153d362400fdc4bc0d15f39d,none: superseded by P-S08-VOL-I-3.4-01,
4,proposal,P-STALE-VOL-I-6.7-01,superseded,58bbb71ae9745600c6f5ad7e615fde3a6d13b739186286049c5a8ec8a9214201,none: superseded by P-S08-VOL-I-6.7-01,
5,row,ADD-01-3.1-01,proposed,c3c1000de9cc886755b3075f7b6a10635962176ab8e83cc81448d9063ad58669,"accept ADD-01-3.1-01 as quoted, or reject","python -m tenderpack accept ADD-01-3.1-01 --reviewer ""Your Name"""
5,row,ADD-01-AppA-01,proposed,c79a686975e90b2bd890b100e7d8f76f764c7980201f3c62ec070b0073a04beb,"accept ADD-01-AppA-01 as quoted, or reject","python -m tenderpack accept ADD-01-AppA-01 --reviewer ""Your Name"""
5,row,ADD-01-Q4-01,proposed,ed2f98e2e7e90a18596746a85510ab7112a5479a3783533cb9a7e23a895f9067,"accept ADD-01-Q4-01 as quoted, or reject","python -m tenderpack accept ADD-01-Q4-01 --reviewer ""Your Name"""
5,row,ADD-02-5.2-01,proposed,1cfa02bc5b1c239c6ad75ec88f9a7c9a3a5d23c897e653145ca6091129929ee8,"accept ADD-02-5.2-01 as quoted, or reject","python -m tenderpack accept ADD-02-5.2-01 --reviewer ""Your Name"""
5,row,ADD-02-F4G-01,proposed,93aa5c8747798bfe12d7c6d9cbcc8d1e0c19036a1e23344a540c74fefb73bcc8,"accept ADD-02-F4G-01 as quoted, or reject","python -m tenderpack accept ADD-02-F4G-01 --reviewer ""Your Name"""
5,row,ADD-02-F4G-02,proposed,2eb2171a20b403b0c2108322171dfa46bd95b6eb2db282bb6a03a29850f1b57d,"accept ADD-02-F4G-02 as quoted, or reject","python -m tenderpack accept ADD-02-F4G-02 --reviewer ""Your Name"""
5,row,ADD-02-F4G-03,proposed,6e03e36f9a76a2ac4548343574066993756cb529d166b0afc3ea7c5eed74a5bb,"accept ADD-02-F4G-03 as quoted, or reject","python -m tenderpack accept ADD-02-F4G-03 --reviewer ""Your Name"""
5,row,ADD-02-F4G-04,proposed,b28091e467fe07ebc8f4d3fac9eddc76a763a0b5aabe900672894c6f372d4438,"accept ADD-02-F4G-04 as quoted, or reject","python -m tenderpack accept ADD-02-F4G-04 --reviewer ""Your Name"""
5,row,ADD-02-F4G-05,proposed,01cce4360d4cf908267110c6aaab1b4f4f574f9e805cfa240d1ea43ad3c37415,"accept ADD-02-F4G-05 as quoted, or reject","python -m tenderpack accept ADD-02-F4G-05 --reviewer ""Your Name"""
5,row,ADD-02-F4G-06,proposed,74bf09bf2423035eb23ff68cc4a3658a7f07aa279dd5fb91786136da0430a984,"accept ADD-02-F4G-06 as quoted, or reject","python -m tenderpack accept ADD-02-F4G-06 --reviewer ""Your Name"""
5,row,ADD-02-F4G-07,proposed,c4ee13511c3b4fab83466f877771e32074c961ab376cd69e8f8d3659d0e23743,"accept ADD-02-F4G-07 as quoted, or reject","python -m tenderpack accept ADD-02-F4G-07 --reviewer ""Your Name"""
5,row,ADD-02-T1-1-N3-01,proposed,92482073f04b799ad33645b70586a6cce3b3b76f8efc93f6ef323e92b5aeb892,"accept ADD-02-T1-1-N3-01 as quoted, or reject","python -m tenderpack accept ADD-02-T1-1-N3-01 --reviewer ""Your Name"""
5,row,VOL-I-10.1-01,proposed,08855465080b46608a2c524501ad9a0ff90f4d2ab21cabefa4303ff5d6dc6525,"accept VOL-I-10.1-01 as quoted, or reject","python -m tenderpack accept VOL-I-10.1-01 --reviewer ""Your Name"""
5,row,VOL-I-10.2-01,proposed,bbf0da9b55b11a285e8a4cb338176a0b528ef011a769637f730b315aef6a7584,"accept VOL-I-10.2-01 as quoted, or reject","python -m tenderpack accept VOL-I-10.2-01 --reviewer ""Your Name"""
5,row,VOL-I-10.3-01,proposed,f6fd9ac300eb67e7edbcb4955a59f10645c42561f249fcca44b77a508574b805,"accept VOL-I-10.3-01 as quoted, or reject","python -m tenderpack accept VOL-I-10.3-01 --reviewer ""Your Name"""
5,row,VOL-I-10.3-02,proposed,7d8f141278b52e3ec5f5f2beb408d03b88209494c8a12c0a4cf6f940ecedf72d,"accept VOL-I-10.3-02 as quoted, or reject","python -m tenderpack accept VOL-I-10.3-02 --reviewer ""Your Name"""
5,row,VOL-I-10.4-01,proposed,3e68dd80ca014f4e99f23c1a60349a13cc24acf96fcdd61052812eb690fee6e3,"accept VOL-I-10.4-01 as quoted, or reject","python -m tenderpack accept VOL-I-10.4-01 --reviewer ""Your Name"""
5,row,VOL-I-10.5-02,proposed,e2334d3e4db308d5794311562cea7204a4d83b519e39b19e49378a66ad1e09c8,"accept VOL-I-10.5-02 as quoted, or reject","python -m tenderpack accept VOL-I-10.5-02 --reviewer ""Your Name"""
5,row,VOL-I-10.6-01,proposed,af485d2c3df2e4c1995e13172c5cbe74dda03b797537ecef4e6777659e69393e,"accept VOL-I-10.6-01 as quoted, or reject","python -m tenderpack accept VOL-I-10.6-01 --reviewer ""Your Name"""
5,row,VOL-I-11.2-01,proposed,6361fad6a64dbb41a76efcab7da89ad34a2234a25973c1df227f446cb8b949fd,"accept VOL-I-11.2-01 as quoted, or reject","python -m tenderpack accept VOL-I-11.2-01 --reviewer ""Your Name"""
5,row,VOL-I-12.1-01,proposed,0217ecbe89a6d63e36a089a8872f7013c74ab42b5a5b01ec19d1e0f0d34e248a,"accept VOL-I-12.1-01 as quoted, or reject","python -m tenderpack accept VOL-I-12.1-01 --reviewer ""Your Name"""
5,row,VOL-I-12.2-01,proposed,c4cff7529d8c57e437ba54c423e26163feb41a4d24214cf0c76f6c05b91690b1,"accept VOL-I-12.2-01 as quoted, or reject","python -m tenderpack accept VOL-I-12.2-01 --reviewer ""Your Name"""
5,row,VOL-I-12.2-02,proposed,0aa530b84020f8b53f9f5370e253a4f40d980ee6f363db54a593854abab4798d,"accept VOL-I-12.2-02 as quoted, or reject","python -m tenderpack accept VOL-I-12.2-02 --reviewer ""Your Name"""
5,row,VOL-I-13.2-01,proposed,f458e7fdc34c0cf1e5efed6788b0b296444640f376f1ad0fb54f9f8d39615baa,"accept VOL-I-13.2-01 as quoted, or reject","python -m tenderpack accept VOL-I-13.2-01 --reviewer ""Your Name"""
5,row,VOL-I-3.3-01,proposed,7ba01826c4dc7d24e9f9f057c75ebcc0147d3ceb0d797bc48d5f5dcfde61efdc,"accept VOL-I-3.3-01 as quoted, or reject","python -m tenderpack accept VOL-I-3.3-01 --reviewer ""Your Name"""
5,row,VOL-I-3.4-01,proposed,e79ebf636f6c2d5ae4a19d6a9036b10817ef4c19153d362400fdc4bc0d15f39d,"accept VOL-I-3.4-01 as quoted, or reject","python -m tenderpack accept VOL-I-3.4-01 --reviewer ""Your Name"""
5,row,VOL-I-4.1-01,proposed,3f2042b511a1637c81da5d9abb0a856a7bb9ed66123fe9d9f89b08075daa09c2,"accept VOL-I-4.1-01 as quoted, or reject","python -m tenderpack accept VOL-I-4.1-01 --reviewer ""Your Name"""
5,row,VOL-I-4.3-01,proposed,57cc6a84e26f07691fd129065b25a9918d0060a409e7e27fadb7864220aa1ab9,"accept VOL-I-4.3-01 as quoted, or reject","python -m tenderpack accept VOL-I-4.3-01 --reviewer ""Your Name"""
5,row,VOL-I-5.1-01,proposed,59c12fddce8a06259f66c11412602a478b3f8a92aacb53b968bb1c761c844c0f,"accept VOL-I-5.1-01 as quoted, or reject","python -m tenderpack accept VOL-I-5.1-01 --reviewer ""Your Name"""
5,row,VOL-I-5.2-01,proposed,ca6104d53c7e7d963bace556f242c31b1811134346c2ed34fca52e4fa829d85c,"accept VOL-I-5.2-01 as quoted, or reject","python -m tenderpack accept VOL-I-5.2-01 --reviewer ""Your Name"""
5,row,VOL-I-5.5-01,proposed,e202b2a291e4015030fd23cefc6634a287e75e95711f83e43a1e2edb2b4d74e9,"accept VOL-I-5.5-01 as quoted, or reject","python -m tenderpack accept VOL-I-5.5-01 --reviewer ""Your Name"""
5,row,VOL-I-6.2-01,proposed,df66e443efaab331e0599c57e76e66fdf7b7c34feb21e199131a11e9a53d17fc,"accept VOL-I-6.2-01 as quoted, or reject","python -m tenderpack accept VOL-I-6.2-01 --reviewer ""Your Name"""
5,row,VOL-I-6.3-01,proposed,ec3b3ee0018d613acc9129edd2270d552a8b4ec95634f77c23f9b082f7918beb,"accept VOL-I-6.3-01 as quoted, or reject","python -m tenderpack accept VOL-I-6.3-01 --reviewer ""Your Name"""
5,row,VOL-I-6.4-01,proposed,4ad0db2efdbb8646bc223516ea1eb6665b322905c9a6d44f5f403c1591cf96cc,"accept VOL-I-6.4-01 as quoted, or reject","python -m tenderpack accept VOL-I-6.4-01 --reviewer ""Your Name"""
5,row,VOL-I-6.4-02,proposed,df897e4aa1aff503a142c531d48026d6f61c8fb119a9e37fb42bc90e37960435,"accept VOL-I-6.4-02 as quoted, or reject","python -m tenderpack accept VOL-I-6.4-02 --reviewer ""Your Name"""
5,row,VOL-I-6.5-01,proposed,4e16c42afc42c56468a2f903f397f83acc029d76dc4ff82b9699aace069bda95,"accept VOL-I-6.5-01 as quoted, or reject","python -m tenderpack accept VOL-I-6.5-01 --reviewer ""Your Name"""
5,row,VOL-I-6.5-02,proposed,dba1bccfb8e9394d06d5c565e404e943664cf7c69b7f8cd70ae55ccfd3132464,"accept VOL-I-6.5-02 as quoted, or reject","python -m tenderpack accept VOL-I-6.5-02 --reviewer ""Your Name"""
5,row,VOL-I-6.7-01,proposed,58bbb71ae9745600c6f5ad7e615fde3a6d13b739186286049c5a8ec8a9214201,"accept VOL-I-6.7-01 as quoted, or reject","python -m tenderpack accept VOL-I-6.7-01 --reviewer ""Your Name"""
5,row,VOL-I-7.1-01,proposed,26766e3a6e3f5ad2a816f1c1afb6eed30c47cec2125af7c55bf0f6fb2a6d7149,"accept VOL-I-7.1-01 as quoted, or reject","python -m tenderpack accept VOL-I-7.1-01 --reviewer ""Your Name"""
5,row,VOL-I-7.2-01,proposed,d57f614066fd65d4b35b44dce6851f6f7bd193ca75813db0ce0529ee0a81b355,"accept VOL-I-7.2-01 as quoted, or reject","python -m tenderpack accept VOL-I-7.2-01 --reviewer ""Your Name"""
6,row,VOL-I-8.10-01,proposed,6befe7aeaf3b32dbeda8555a6b0ba3d0741728e6169c8242a41e80d00ba43fa8,"accept VOL-I-8.10-01 as quoted, or reject","python -m tenderpack accept VOL-I-8.10-01 --reviewer ""Your Name"""
6,row,VOL-I-8.3-01,proposed,ddcb8a1f8b39c84811a4302cc0914ac17908b1dbdb83213e65b1c28d0610a7ed,"accept VOL-I-8.3-01 as quoted, or reject","python -m tenderpack accept VOL-I-8.3-01 --reviewer ""Your Name"""
6,row,VOL-I-8.4-01,proposed,da2eb8e386b29cc9348866a365f614b6df0e789bb5d6737499e1d75f20222a66,"accept VOL-I-8.4-01 as quoted, or reject","python -m tenderpack accept VOL-I-8.4-01 --reviewer ""Your Name"""
6,row,VOL-I-8.4-02,proposed,47aaf08a0256d322da481ffeb77d8470001b25ae27daee344054db94ab41d30a,"accept VOL-I-8.4-02 as quoted, or reject","python -m tenderpack accept VOL-I-8.4-02 --reviewer ""Your Name"""
6,row,VOL-I-8.7-01,proposed,896ddd842e79a345695c03a307a4dca41e9f52f415c67de397e2d73731dbe0a4,"accept VOL-I-8.7-01 as quoted, or reject","python -m tenderpack accept VOL-I-8.7-01 --reviewer ""Your Name"""
6,row,VOL-I-8.8-01,proposed,04f97ca2c5bec0b556d6a8e8e110e4db56c6208bdb2a854ed8bff49bd7712f64,"accept VOL-I-8.8-01 as quoted, or reject","python -m tenderpack accept VOL-I-8.8-01 --reviewer ""Your Name"""
6,row,VOL-I-8.9-01,proposed,06bd824948a4e8a1644ba6d19ca41731a519773c3256eac086c58b834967a02d,"accept VOL-I-8.9-01 as quoted, or reject","python -m tenderpack accept VOL-I-8.9-01 --reviewer ""Your Name"""
6,row,VOL-I-9.1-01,proposed,d922d8f6e5db7409e6204b009e5d87ca371df5e68edf723bd50b204609c821ec,"accept VOL-I-9.1-01 as quoted, or reject","python -m tenderpack accept VOL-I-9.1-01 --reviewer ""Your Name"""
6,row,VOL-I-9.1h-01,proposed,9e7f39e87e6c68285cdaf6b91afb1fd49414bdf80be7821947c3fa0248743dd0,"accept VOL-I-9.1h-01 as quoted, or reject","python -m tenderpack accept VOL-I-9.1h-01 --reviewer ""Your Name"""
6,row,VOL-I-9.2-01,proposed,06df2fe6adcff64bb9b6167b3132d70f9dd8dfb1e93653069a1084b40a26be56,"accept VOL-I-9.2-01 as quoted, or reject","python -m tenderpack accept VOL-I-9.2-01 --reviewer ""Your Name"""
6,row,VOL-I-9.5-01,proposed,ea7489926b3541caeb2b45942b8c39851157fb1e38523af168d39af0c2ef00f8,"accept VOL-I-9.5-01 as quoted, or reject","python -m tenderpack accept VOL-I-9.5-01 --reviewer ""Your Name"""
6,row,VOL-I-9.7-01,proposed,a0f09333bc4c6bb669b226cf0df6e6515b4f01213476fd0b426d1d765ec94a55,"accept VOL-I-9.7-01 as quoted, or reject","python -m tenderpack accept VOL-I-9.7-01 --reviewer ""Your Name"""
6,row,VOL-I-App3-01,proposed,515542213514070f3078d4f1de3ab6de661a7c71f721543dba642cf2650ca5b2,"accept VOL-I-App3-01 as quoted, or reject","python -m tenderpack accept VOL-I-App3-01 --reviewer ""Your Name"""
6,row,VOL-I-T1-1-A,proposed,88ef974869683d50059152bfbcc494ad7a1776038098ccb8c5b9b1e5981ee1d9,"accept VOL-I-T1-1-A as quoted, or reject","python -m tenderpack accept VOL-I-T1-1-A --reviewer ""Your Name"""
6,row,VOL-I-T1-1-B,proposed,c6dcceb2975cd9745efa34ea27828045a894849331995edd1330990f3023cac0,"accept VOL-I-T1-1-B as quoted, or reject","python -m tenderpack accept VOL-I-T1-1-B --reviewer ""Your Name"""
6,row,VOL-I-T1-1-C,proposed,61798855f49e893cbe3452edce05d91d0a43d9a42853ca791929f6b637aca4ad,"accept VOL-I-T1-1-C as quoted, or reject","python -m tenderpack accept VOL-I-T1-1-C --reviewer ""Your Name"""
6,row,VOL-I-T1-1-D,proposed,c59993eb145f6c181c2ff7be80c41a567bf0be3ea25d00670377be75b6d625a3,"accept VOL-I-T1-1-D as quoted, or reject","python -m tenderpack accept VOL-I-T1-1-D --reviewer ""Your Name"""
6,row,VOL-I-T1-1-E,proposed,0655ea01fa2e30ac56dfd532b944e35d38eba7845190866e6cf04e86dad31332,"accept VOL-I-T1-1-E as quoted, or reject","python -m tenderpack accept VOL-I-T1-1-E --reviewer ""Your Name"""
6,row,VOL-I-T1-1-F,proposed,7b0b35b07451490354a7b876dbb9f0b3e43a4f9988b808252198f1ff66997088,"accept VOL-I-T1-1-F as quoted, or reject","python -m tenderpack accept VOL-I-T1-1-F --reviewer ""Your Name"""
6,row,VOL-II-1.1-01,proposed,d208afea976c934e16bcfc2c5b3eccfcad21a7a214cdff1d4cf5a960a799cd52,"accept VOL-II-1.1-01 as quoted, or reject","python -m tenderpack accept VOL-II-1.1-01 --reviewer ""Your Name"""
6,row,VOL-II-1.2-01,proposed,7ab301351a1e30342b812ca11aa4859164faff93423b94a9601db71497cebf2a,"accept VOL-II-1.2-01 as quoted, or reject","python -m tenderpack accept VOL-II-1.2-01 --reviewer ""Your Name"""
6,row,VOL-II-1.3-01,proposed,cdf0820b3b5ac38bb88e596027be1988250ef94ebc65b527eb6020416c7114e2,"accept VOL-II-1.3-01 as quoted, or reject","python -m tenderpack accept VOL-II-1.3-01 --reviewer ""Your Name"""
6,row,VOL-II-1.4-01,proposed,fd3e9aa8a9946aee9c783168e390e9d8625051e8aca86d9d9e696503c9f40b88,"accept VOL-II-1.4-01 as quoted, or reject","python -m tenderpack accept VOL-II-1.4-01 --reviewer ""Your Name"""
6,row,VOL-II-2.1-01,proposed,7417adf43485c5f974935adfb068ebd009f3991227352c6cf55207b38710ac11,"accept VOL-II-2.1-01 as quoted, or reject","python -m tenderpack accept VOL-II-2.1-01 --reviewer ""Your Name"""
6,row,VOL-II-2.2-01,proposed,6281596c9d60e5550d839306864a3f600e1d48f002b960eb532840765c2fdd88,"accept VOL-II-2.2-01 as quoted, or reject","python -m tenderpack accept VOL-II-2.2-01 --reviewer ""Your Name"""
6,row,VOL-II-2.2-02,proposed,dde635822f4b660f4a6457f9f1dd05a403079ea197a61d26ae2f90ead6d2c252,"accept VOL-II-2.2-02 as quoted, or reject","python -m tenderpack accept VOL-II-2.2-02 --reviewer ""Your Name"""
6,row,VOL-II-2.3-01,proposed,fe3f91030476dd0fa4016a97c82e32cf8a32d747b632dba582a2314240a25033,"accept VOL-II-2.3-01 as quoted, or reject","python -m tenderpack accept VOL-II-2.3-01 --reviewer ""Your Name"""
6,row,VOL-II-2.4-01,proposed,c0c38654154c98f19c57bcfc72b197032833bf4275338bbb065cd0fccd81ef94,"accept VOL-II-2.4-01 as quoted, or reject","python -m tenderpack accept VOL-II-2.4-01 --reviewer ""Your Name"""
6,row,VOL-II-2.5-01,proposed,d93cd0e33362994ff18d90df4e91d1725f98e1275dbd76495e02da1dd8113c70,"accept VOL-II-2.5-01 as quoted, or reject","python -m tenderpack accept VOL-II-2.5-01 --reviewer ""Your Name"""
6,row,VOL-II-3.1-01,proposed,79500f276bd074e52255f8342be8102cbc7c0b4387ce4dd1b05a233ff55e3834,"accept VOL-II-3.1-01 as quoted, or reject","python -m tenderpack accept VOL-II-3.1-01 --reviewer ""Your Name"""
6,row,VOL-II-3.2-01,proposed,52b25a776ec3b36b35f234a81139d32c0bd470be7bea30b016d79758e2266bcb,"accept VOL-II-3.2-01 as quoted, or reject","python -m tenderpack accept VOL-II-3.2-01 --reviewer ""Your Name"""
6,row,VOL-II-3.2-02,proposed,eaff946a5003393b287f3a84e7af28ff0440a02943463098ebce20614d3034a7,"accept VOL-II-3.2-02 as quoted, or reject","python -m tenderpack accept VOL-II-3.2-02 --reviewer ""Your Name"""
6,row,VOL-II-3.3-01,proposed,026f0e329aedca5505c7440d8dc898e7b043e67afd5308f4d707835e2c152bde,"accept VOL-II-3.3-01 as quoted, or reject","python -m tenderpack accept VOL-II-3.3-01 --reviewer ""Your Name"""
6,row,VOL-II-3.4-01,proposed,925df7b702be2fd0b9d0d2d58cc888f9a39ffc66d122c33896e1db43f952527b,"accept VOL-II-3.4-01 as quoted, or reject","python -m tenderpack accept VOL-II-3.4-01 --reviewer ""Your Name"""
6,row,VOL-II-3.5-01,proposed,62567ae1e70046afa87c73d5f10ed702bcb4b020f01bda2124afe9d8baab0ca4,"accept VOL-II-3.5-01 as quoted, or reject","python -m tenderpack accept VOL-II-3.5-01 --reviewer ""Your Name"""
6,row,VOL-II-4.1-01,proposed,31d96d0e782b864704da30476c2bd6a6e1508bdcbde461b7c9701a9fb0e8debe,"accept VOL-II-4.1-01 as quoted, or reject","python -m tenderpack accept VOL-II-4.1-01 --reviewer ""Your Name"""
6,row,VOL-II-4.2-01,proposed,c2e1573f96d5d6a1bda4be189e1936be97c88ec103836fdb9c1af8b281d599d3,"accept VOL-II-4.2-01 as quoted, or reject","python -m tenderpack accept VOL-II-4.2-01 --reviewer ""Your Name"""
6,row,VOL-II-4.3-01,proposed,eb638cd0d118e5a1bd9267d4b84751dde5b401897a6fc9d0661414cc0c34f327,"accept VOL-II-4.3-01 as quoted, or reject","python -m tenderpack accept VOL-II-4.3-01 --reviewer ""Your Name"""
6,row,VOL-II-4.3-02,proposed,9c81919a77c951b7efdad3434364f53221f9a505804b52256924582bb90fb53f,"accept VOL-II-4.3-02 as quoted, or reject","python -m tenderpack accept VOL-II-4.3-02 --reviewer ""Your Name"""
6,row,VOL-II-4.4-01,proposed,50b9888d79f788551644578795aa10e0b8a95a6115c55afdb8a676fd184f8007,"accept VOL-II-4.4-01 as quoted, or reject","python -m tenderpack accept VOL-II-4.4-01 --reviewer ""Your Name"""
7,row,VOL-II-4.4-02,proposed,5515caa9ab022fb67ce9955e718da4b3c73e103b8c10c81d6b942899d59eb747,"accept VOL-II-4.4-02 as quoted, or reject","python -m tenderpack accept VOL-II-4.4-02 --reviewer ""Your Name"""
7,row,VOL-II-4.5-01,proposed,2cc71021a4b54c88b10d73da3e93713426c634bb870a1c84b52d59f5152e7a41,"accept VOL-II-4.5-01 as quoted, or reject","python -m tenderpack accept VOL-II-4.5-01 --reviewer ""Your Name"""
7,row,VOL-II-5.1-01,proposed,9edeb2cbebbcf0c62d575fa17628ea39f4492c4bca776f8db55d718477935b46,"accept VOL-II-5.1-01 as quoted, or reject","python -m tenderpack accept VOL-II-5.1-01 --reviewer ""Your Name"""
7,row,VOL-II-5.2-01,proposed,4c007d80a1123dc0daa3af5cee499862a2108016acb5754a94f50e2fd89dd3eb,"accept VOL-II-5.2-01 as quoted, or reject","python -m tenderpack accept VOL-II-5.2-01 --reviewer ""Your Name"""
7,row,VOL-II-5.2-02,proposed,71ed02293fd2e5cd756f83eb5bf9e68a1e29211fde3f4ab54732d8f457208fbc,"accept VOL-II-5.2-02 as quoted, or reject","python -m tenderpack accept VOL-II-5.2-02 --reviewer ""Your Name"""
7,row,VOL-II-5.3-01,proposed,ef07f05c59a3e80404c536aae6a174b1d02edf96460f7a597bdffcfe132032a0,"accept VOL-II-5.3-01 as quoted, or reject","python -m tenderpack accept VOL-II-5.3-01 --reviewer ""Your Name"""
7,row,VOL-II-5.3-02,proposed,93f8062f689324a843cfd7776d7e2cc4010b7fcaef8cdef79c1b4206784b1709,"accept VOL-II-5.3-02 as quoted, or reject","python -m tenderpack accept VOL-II-5.3-02 --reviewer ""Your Name"""
7,row,VOL-II-5.4-01,proposed,d0eb3865438427f3317c8b9a092786a5f947d7ded6730bf79b28a3a8f05990f4,"accept VOL-II-5.4-01 as quoted, or reject","python -m tenderpack accept VOL-II-5.4-01 --reviewer ""Your Name"""
7,row,VOL-II-5.4-02,proposed,1367ba1624cbfbb475efb5ff1301f012bdd493fe298abd78ab6e4ceac48cdb49,"accept VOL-II-5.4-02 as quoted, or reject","python -m tenderpack accept VOL-II-5.4-02 --reviewer ""Your Name"""
7,row,VOL-II-5.5-01,proposed,cae72491e300972e45251c4bbc48813312e2b0b7df1714c789604d2a6f6ca585,"accept VOL-II-5.5-01 as quoted, or reject","python -m tenderpack accept VOL-II-5.5-01 --reviewer ""Your Name"""
7,row,VOL-II-5.5-02,proposed,3558d07d06b6708cd45e999d55aaab81225a6a2c72776b07b0c27252759dd5da,"accept VOL-II-5.5-02 as quoted, or reject","python -m tenderpack accept VOL-II-5.5-02 --reviewer ""Your Name"""
7,row,VOL-II-6.1-01,proposed,3c952093aa45930886b1230e298610ba81759a841a18b3c39ab3b3e7b0ffced0,"accept VOL-II-6.1-01 as quoted, or reject","python -m tenderpack accept VOL-II-6.1-01 --reviewer ""Your Name"""
7,row,VOL-II-6.1-02,proposed,e96060ecc38424d0b60c11602b4e9360f3169bdd6db2e719a23da782baae5311,"accept VOL-II-6.1-02 as quoted, or reject","python -m tenderpack accept VOL-II-6.1-02 --reviewer ""Your Name"""
7,row,VOL-II-6.2-01,proposed,2bfb2a6f50378119bbc23d3a71a98f1720b007206b548b8cf63663521c1f9bd1,"accept VOL-II-6.2-01 as quoted, or reject","python -m tenderpack accept VOL-II-6.2-01 --reviewer ""Your Name"""
7,row,VOL-II-6.3-01,proposed,cae3872199bfc17777ed9dad268fecd408efd19f67200c3c882bb679b6a234ad,"accept VOL-II-6.3-01 as quoted, or reject","python -m tenderpack accept VOL-II-6.3-01 --reviewer ""Your Name"""
7,row,VOL-II-6.3-02,proposed,4d0159dea82d614d434eb3313212ae2f251dfd12939d3387e7f2182aadbed745,"accept VOL-II-6.3-02 as quoted, or reject","python -m tenderpack accept VOL-II-6.3-02 --reviewer ""Your Name"""
7,row,VOL-II-6.4-01,proposed,75b10bf297303ebbcc062d4948e5ce0e8bbf1de110032f7486bd5461d585d828,"accept VOL-II-6.4-01 as quoted, or reject","python -m tenderpack accept VOL-II-6.4-01 --reviewer ""Your Name"""
7,row,VOL-II-6.4-02,proposed,fd516c4491469700996d66848e56d2b501a84019d980bc388b8e6c12ca2d4dff,"accept VOL-II-6.4-02 as quoted, or reject","python -m tenderpack accept VOL-II-6.4-02 --reviewer ""Your Name"""
7,row,VOL-II-7.1-01,proposed,7cf0a700f2d3ce737f134b1c3d5e6d1aff17ffc89e6558ec21082ccf3858503f,"accept VOL-II-7.1-01 as quoted, or reject","python -m tenderpack accept VOL-II-7.1-01 --reviewer ""Your Name"""
7,row,VOL-II-7.2-01,proposed,7eb9f52f03876824f50170795dc675a227c6be09e5fce001e393ff928a575818,"accept VOL-II-7.2-01 as quoted, or reject","python -m tenderpack accept VOL-II-7.2-01 --reviewer ""Your Name"""
7,row,VOL-II-7.4-01,proposed,671008a0af67f2d68a490887a6a3ffcc7da83932d210a60c52b0bdf00e24dfc8,"accept VOL-II-7.4-01 as quoted, or reject","python -m tenderpack accept VOL-II-7.4-01 --reviewer ""Your Name"""
7,row,VOL-II-8.1-01,proposed,dc78f97822437d3bee4698152f34ef6461dc5dd6e4c789b9e18a1ff73ce6c0e5,"accept VOL-II-8.1-01 as quoted, or reject","python -m tenderpack accept VOL-II-8.1-01 --reviewer ""Your Name"""
7,row,VOL-II-8.2-01,proposed,ab5bc77d8844e5022f9509b80bf80511485bfc70f9c84e20babf7603eeb09f9c,"accept VOL-II-8.2-01 as quoted, or reject","python -m tenderpack accept VOL-II-8.2-01 --reviewer ""Your Name"""
7,row,VOL-II-8.3-01,proposed,b58d1431323b0617e45c8cd14ae20b3d5e464d3052906fc3993c502fad39903b,"accept VOL-II-8.3-01 as quoted, or reject","python -m tenderpack accept VOL-II-8.3-01 --reviewer ""Your Name"""
7,row,VOL-II-8.3-02,proposed,7cfeb7c280d25ec46fcf09cee316e9b6186cd8dfaf444a47c49b2f63f95b43a3,"accept VOL-II-8.3-02 as quoted, or reject","python -m tenderpack accept VOL-II-8.3-02 --reviewer ""Your Name"""
7,row,VOL-II-8.4-01,proposed,527e616c2855654f2feac79e56b1c068a990201d99797a415421c8b3ea29a773,"accept VOL-II-8.4-01 as quoted, or reject","python -m tenderpack accept VOL-II-8.4-01 --reviewer ""Your Name"""
7,row,VOL-II-8.4-02,proposed,395282fac87d16d969c6dd6462cbaed19f9fa54faa8d722cac0156caa6045435,"accept VOL-II-8.4-02 as quoted, or reject","python -m tenderpack accept VOL-II-8.4-02 --reviewer ""Your Name"""
7,row,VOL-II-8.5-01,proposed,b3e83fb1cbb0a7fd67ead7e90c386a478440d366da1f210acc4369b10b3ac795,"accept VOL-II-8.5-01 as quoted, or reject","python -m tenderpack accept VOL-II-8.5-01 --reviewer ""Your Name"""
7,row,VOL-II-8.5-02,proposed,a8a670075b8fab5a10d80ea3d7cd538bba8c67d2d409111374432048cc2cfc8e,"accept VOL-II-8.5-02 as quoted, or reject","python -m tenderpack accept VOL-II-8.5-02 --reviewer ""Your Name"""
7,row,VOL-II-9.1-01,proposed,1dedceb35db4f49dc592363bd264c9faa92ca99c9eb9c7a47df4cabcfefeac46,"accept VOL-II-9.1-01 as quoted, or reject","python -m tenderpack accept VOL-II-9.1-01 --reviewer ""Your Name"""
7,row,VOL-II-9.1-02,proposed,d54b7d4e6d50415a38fa3468781c761e1ff17ad05aae449fa53d5aa51b5502d1,"accept VOL-II-9.1-02 as quoted, or reject","python -m tenderpack accept VOL-II-9.1-02 --reviewer ""Your Name"""
7,row,VOL-II-9.2-01,proposed,cf4b352ae236982ea860d292f420442bf55b41fff205fdf8a99bc7c53a27e469,"accept VOL-II-9.2-01 as quoted, or reject","python -m tenderpack accept VOL-II-9.2-01 --reviewer ""Your Name"""
7,row,VOL-II-9.3-01,proposed,80877f3ac8106b287a559a42b74d8ad6eb89ac48167bff0ff9df682ee87c5581,"accept VOL-II-9.3-01 as quoted, or reject","python -m tenderpack accept VOL-II-9.3-01 --reviewer ""Your Name"""
7,row,VOL-II-9.4-01,proposed,7f6685720dcf9473828d05f555e8a06528beec388d110a115495af80a56ba4c7,"accept VOL-II-9.4-01 as quoted, or reject","python -m tenderpack accept VOL-II-9.4-01 --reviewer ""Your Name"""
7,row,VOL-II-9.5-01,proposed,8d82c7272a87b413c5b04f240036cdece4234acbe511457686cae74aa35ef50a,"accept VOL-II-9.5-01 as quoted, or reject","python -m tenderpack accept VOL-II-9.5-01 --reviewer ""Your Name"""
7,row,VOL-II-T2-4-BOD5,proposed,994ce7f3e0b844de55a19e168cbe1e33c1838f72d8a6c8cf0050b5a65bdd6648,"accept VOL-II-T2-4-BOD5 as quoted, or reject","python -m tenderpack accept VOL-II-T2-4-BOD5 --reviewer ""Your Name"""
7,row,VOL-II-T2-4-COD,proposed,09104a15a75f58ddc4998d65a890b2ad4be420658663bdb8103dfe120394dcdb,"accept VOL-II-T2-4-COD as quoted, or reject","python -m tenderpack accept VOL-II-T2-4-COD --reviewer ""Your Name"""
7,row,VOL-II-T2-4-FaecalColiforms,proposed,63012f0e5f6a3772d6c271bd314ed87203972a81b6a2b8509442eea3b7b4d34f,"accept VOL-II-T2-4-FaecalColiforms as quoted, or reject","python -m tenderpack accept VOL-II-T2-4-FaecalColiforms --reviewer ""Your Name"""
7,row,VOL-II-T2-4-NOTE1,proposed,66d0443a589f50fd09769b4e3c6c04172c5a7f4a5f6792ce0a6a33a8076751bc,"accept VOL-II-T2-4-NOTE1 as quoted, or reject","python -m tenderpack accept VOL-II-T2-4-NOTE1 --reviewer ""Your Name"""
7,row,VOL-II-T2-4-OilGrease,proposed,5d137ba33dcaf84357538a29ef6b591753854b81eaa5b55484d2f27680b1877e,"accept VOL-II-T2-4-OilGrease as quoted, or reject","python -m tenderpack accept VOL-II-T2-4-OilGrease --reviewer ""Your Name"""
8,row,VOL-II-T2-4-ResidualChlorine,proposed,c48c66382a38e679253034327cd1fcf3ed2ecccbb0af7f78a640ca9ffa09770b,"accept VOL-II-T2-4-ResidualChlorine as quoted, or reject","python -m tenderpack accept VOL-II-T2-4-ResidualChlorine --reviewer ""Your Name"""
8,row,VOL-II-T2-4-TN,proposed,f9fb989de07ec1b3ad01ccc94ebcffefffccddfa4ddf114ff13ffaf8ade170ae,"accept VOL-II-T2-4-TN as quoted, or reject","python -m tenderpack accept VOL-II-T2-4-TN --reviewer ""Your Name"""
8,row,VOL-II-T2-4-TP,proposed,cb010949fd9b56d72834d7fd4e68bee991e0cf7b9445e313d1df9c6d61db9aa3,"accept VOL-II-T2-4-TP as quoted, or reject","python -m tenderpack accept VOL-II-T2-4-TP --reviewer ""Your Name"""
8,row,VOL-II-T2-4-TSS,proposed,d0714e5a307a9f7495e4c9dd3a0b0986f896227fe2eb866bc0954486219dba40,"accept VOL-II-T2-4-TSS as quoted, or reject","python -m tenderpack accept VOL-II-T2-4-TSS --reviewer ""Your Name"""
8,row,VOL-II-T2-4-Turbidity,proposed,0e3f4819188f21ff59a57e35b6af524dd1db66d1510cfca33622fd7d9e2a70ca,"accept VOL-II-T2-4-Turbidity as quoted, or reject","python -m tenderpack accept VOL-II-T2-4-Turbidity --reviewer ""Your Name"""
8,row,VOL-II-T2-4-pH,proposed,758d804d0f3d00627c51c1e0754fa90d7d90512e514d6b497f8bb2b2a3a78dbb,"accept VOL-II-T2-4-pH as quoted, or reject","python -m tenderpack accept VOL-II-T2-4-pH --reviewer ""Your Name"""
8,row,VOL-II-T2-6-1,proposed,0653c35d62cce3a900fff7574d5962429ffccee62733245aa773205d51d4745c,"accept VOL-II-T2-6-1 as quoted, or reject","python -m tenderpack accept VOL-II-T2-6-1 --reviewer ""Your Name"""
8,row,VOL-II-T2-6-2,proposed,6ef8173e01a75791848151d626f71b511e63fc74a7d3de2b067070968a81f639,"accept VOL-II-T2-6-2 as quoted, or reject","python -m tenderpack accept VOL-II-T2-6-2 --reviewer ""Your Name"""
8,row,VOL-II-T2-6-3,proposed,00c185b053d7f4b83e5f3d59eddd747f654b176a60346ce100d96ebfc58182cb,"accept VOL-II-T2-6-3 as quoted, or reject","python -m tenderpack accept VOL-II-T2-6-3 --reviewer ""Your Name"""
8,row,VOL-II-T2-6-4,proposed,8719fdf80a746d522eb3b4e9f37b49c6e26e58322ca67eb3381e48ab8f782bbf,"accept VOL-II-T2-6-4 as quoted, or reject","python -m tenderpack accept VOL-II-T2-6-4 --reviewer ""Your Name"""
8,row,VOL-II-T2-6-5,proposed,857431fca2986d779a249c5480369fb340b9e2c28de024e8a591ddaf789f228f,"accept VOL-II-T2-6-5 as quoted, or reject","python -m tenderpack accept VOL-II-T2-6-5 --reviewer ""Your Name"""
8,row,VOL-II-T2-6-6,proposed,be7c0db77d79fc062fb74035dd033582be24cd5cf345f46ca8fcad7f651a1785,"accept VOL-II-T2-6-6 as quoted, or reject","python -m tenderpack accept VOL-II-T2-6-6 --reviewer ""Your Name"""
8,row,VOL-IV-F4A-01,proposed,557481d4213e590a29fb9ee33f1575a916b2c3f87800efd78fec515dfaf58c28,"accept VOL-IV-F4A-01 as quoted, or reject","python -m tenderpack accept VOL-IV-F4A-01 --reviewer ""Your Name"""
8,row,VOL-IV-F4A-02,proposed,86ab2199b408c59b51ee67e9a3dd664255143610432bc1a0ea26d933aadcba74,"accept VOL-IV-F4A-02 as quoted, or reject","python -m tenderpack accept VOL-IV-F4A-02 --reviewer ""Your Name"""
8,row,VOL-IV-F4A-03,proposed,f4cd5ec08dce4fc9868444475c88f1e8c7cd8aa905263342a6dd6631232a92ec,"accept VOL-IV-F4A-03 as quoted, or reject","python -m tenderpack accept VOL-IV-F4A-03 --reviewer ""Your Name"""
8,row,VOL-IV-F4A-04,proposed,6adcf52957d347a2c263d8547a11b81e51115948075be710de6625c34fe96a73,"accept VOL-IV-F4A-04 as quoted, or reject","python -m tenderpack accept VOL-IV-F4A-04 --reviewer ""Your Name"""
8,row,VOL-IV-F4A-05,proposed,18f375ce51e121190faa18bf7cdf3817068853df9185300264fb9706beb7e012,"accept VOL-IV-F4A-05 as quoted, or reject","python -m tenderpack accept VOL-IV-F4A-05 --reviewer ""Your Name"""
8,row,VOL-IV-F4A-06,proposed,3a2dac0b3667d3de64309cb18bbb201bdc5fd3e7e1435d4580e71c9db1b5be9d,"accept VOL-IV-F4A-06 as quoted, or reject","python -m tenderpack accept VOL-IV-F4A-06 --reviewer ""Your Name"""
8,row,VOL-IV-F4A-07,proposed,21e32a4df05019cc1ad920a71984a207a65979bf8e438177b0b7a75706f07bba,"accept VOL-IV-F4A-07 as quoted, or reject","python -m tenderpack accept VOL-IV-F4A-07 --reviewer ""Your Name"""
8,row,VOL-IV-F4B-01,proposed,58b359b29d135dc80e0c3f833358aabd2591b28706b741719e6f3c4a8ed8dfb4,"accept VOL-IV-F4B-01 as quoted, or reject","python -m tenderpack accept VOL-IV-F4B-01 --reviewer ""Your Name"""
8,row,VOL-IV-F4C-01,proposed,b9015f1152641b24488c04c4564c5210ff14fb30ab873402cecf27550f97cdb2,"accept VOL-IV-F4C-01 as quoted, or reject","python -m tenderpack accept VOL-IV-F4C-01 --reviewer ""Your Name"""
8,row,VOL-IV-F4C-02,proposed,ecd05193a6fa12f05c2563325d56f404bc2841015f996f65a8614bc548bccd43,"accept VOL-IV-F4C-02 as quoted, or reject","python -m tenderpack accept VOL-IV-F4C-02 --reviewer ""Your Name"""
8,row,VOL-IV-F4C-03,proposed,06705a78a72ce7cac1e456b8ca7efe24e332713c9a455a1ff9cbfdcd4e42d0e1,"accept VOL-IV-F4C-03 as quoted, or reject","python -m tenderpack accept VOL-IV-F4C-03 --reviewer ""Your Name"""
8,row,VOL-IV-F4C-05,proposed,84c681a75587ccf84891b4d6fed08002621388daa2d517ad7df5e2c017562a8b,"accept VOL-IV-F4C-05 as quoted, or reject","python -m tenderpack accept VOL-IV-F4C-05 --reviewer ""Your Name"""
8,row,VOL-IV-F4D-01,proposed,dbfe33e8db23efc7a786136a7b34ee6f5b036500e4429d81e449e8c825d57aab,"accept VOL-IV-F4D-01 as quoted, or reject","python -m tenderpack accept VOL-IV-F4D-01 --reviewer ""Your Name"""
8,row,VOL-IV-F4D-02,proposed,1cef4dda48641498c983bd452175c69da56042e671d403f5ba426b4c49f405e4,"accept VOL-IV-F4D-02 as quoted, or reject","python -m tenderpack accept VOL-IV-F4D-02 --reviewer ""Your Name"""
8,row,VOL-IV-F4D-03,proposed,7c4044e890d08295c03a082ff24490eeadec3e38efb537d0c87a8c649994cf49,"accept VOL-IV-F4D-03 as quoted, or reject","python -m tenderpack accept VOL-IV-F4D-03 --reviewer ""Your Name"""
8,row,VOL-IV-F4D-04,proposed,29400cac365772a62c8ade00d92cfee8d082649192e2f26e4b7c13842bcc5eea,"accept VOL-IV-F4D-04 as quoted, or reject","python -m tenderpack accept VOL-IV-F4D-04 --reviewer ""Your Name"""
8,row,VOL-IV-F4D-05,proposed,d04cda8d89947162b8f26033c28a8ec2a58408e86801f8d6bce70092a7e60eab,"accept VOL-IV-F4D-05 as quoted, or reject","python -m tenderpack accept VOL-IV-F4D-05 --reviewer ""Your Name"""
8,row,VOL-IV-F4D-06,proposed,fa30f55ba3bf2a11d7a5c8829064101965d8ded7e8b8530f32578dd5623a33de,"accept VOL-IV-F4D-06 as quoted, or reject","python -m tenderpack accept VOL-IV-F4D-06 --reviewer ""Your Name"""
8,row,VOL-IV-F4D-07,proposed,8e08bf04aac32ddbde2618b418f8b68beb25691f07fd945ef507ac2941f73fa9,"accept VOL-IV-F4D-07 as quoted, or reject","python -m tenderpack accept VOL-IV-F4D-07 --reviewer ""Your Name"""
8,row,VOL-IV-F4D-08,proposed,4640f9119b5b150ad47996acfaa75c7b57ddc8bd94f9c7f03cc185677a1ed5d6,"accept VOL-IV-F4D-08 as quoted, or reject","python -m tenderpack accept VOL-IV-F4D-08 --reviewer ""Your Name"""
8,row,VOL-IV-F4E-01,proposed,b48fea74000c73ee5864289cd0639defe0a9794c71ca3f182ace24b2791f187e,"accept VOL-IV-F4E-01 as quoted, or reject","python -m tenderpack accept VOL-IV-F4E-01 --reviewer ""Your Name"""
8,row,VOL-IV-F4F-01,proposed,b4b1b76bcce3c098901430e4da64b87ad6296ac01fef7b42ec73aae5d430b7f5,"accept VOL-IV-F4F-01 as quoted, or reject","python -m tenderpack accept VOL-IV-F4F-01 --reviewer ""Your Name"""
8,row,VOL-IV-F4F-02,proposed,0f2b3f225b6cb5c01ab99848b411909a278a760e7baed89c68c30c24994c67a9,"accept VOL-IV-F4F-02 as quoted, or reject","python -m tenderpack accept VOL-IV-F4F-02 --reviewer ""Your Name"""
8,row,VOL-IV-FORMS-01,proposed,2f3c226730cd294f1326db031c78508dd028ad236b1859457dbc6d3e38e83d77,"accept VOL-IV-FORMS-01 as quoted, or reject","python -m tenderpack accept VOL-IV-FORMS-01 --reviewer ""Your Name"""
8,row,VOL-V-12.1-01,proposed,72a2c1f812dc3c7f6ddef1c0c94007e83a16982103fe7c745102d1dec061bc61,"accept VOL-V-12.1-01 as quoted, or reject","python -m tenderpack accept VOL-V-12.1-01 --reviewer ""Your Name"""
8,row,VOL-V-12.2-01,proposed,06a21bac952d6a0107adb6a8e38e1315428a3a346035ada4e385dff9d3873494,"accept VOL-V-12.2-01 as quoted, or reject","python -m tenderpack accept VOL-V-12.2-01 --reviewer ""Your Name"""
8,row,VOL-V-12.3-01,proposed,527490780c5dd4387be5a4754ec6aa56407b8a1ed6147b713bf58e6ca11b8f23,"accept VOL-V-12.3-01 as quoted, or reject","python -m tenderpack accept VOL-V-12.3-01 --reviewer ""Your Name"""
8,row,VOL-V-12.4-01,proposed,42b23c1998c9a1cb9ebb88e817179fc8b8ad5faac864b39cfb074403b6a6547e,"accept VOL-V-12.4-01 as quoted, or reject","python -m tenderpack accept VOL-V-12.4-01 --reviewer ""Your Name"""
9,row,VOL-V-12.4-02,proposed,d145bec4f64ac483b8c128400e7225bd0677a6dc38feb36c99352da2d7ccef50,"accept VOL-V-12.4-02 as quoted, or reject","python -m tenderpack accept VOL-V-12.4-02 --reviewer ""Your Name"""
9,row,VOL-V-18.3-01,proposed,fb5a7ad2694b1c1b2f65181d412c8d5bba486cb6b7cd74133c619f02a62712cb,"accept VOL-V-18.3-01 as quoted, or reject","python -m tenderpack accept VOL-V-18.3-01 --reviewer ""Your Name"""
9,row,VOL-V-24.1-01,proposed,c3974b31a0604df73b6da5ecd4d1dd067e34715d1d4d53bcb4e9c40b43f43749,"accept VOL-V-24.1-01 as quoted, or reject","python -m tenderpack accept VOL-V-24.1-01 --reviewer ""Your Name"""
9,row,VOL-V-24.2-01,proposed,2e9589828a4f9468df6569845f88f5ea019e3030e20c3a7b94d4da5951733140,"accept VOL-V-24.2-01 as quoted, or reject","python -m tenderpack accept VOL-V-24.2-01 --reviewer ""Your Name"""
9,row,VOL-V-24.3-01,proposed,e020c3bbee881f06dc0ccac1ee77b5fc5d8fddf0232640f30739428087e36671,"accept VOL-V-24.3-01 as quoted, or reject","python -m tenderpack accept VOL-V-24.3-01 --reviewer ""Your Name"""
9,row,VOL-V-24.4-01,proposed,2d257a09af0b15b72cdc38309c59c889ec1e22fddaa661935aef233c70550035,"accept VOL-V-24.4-01 as quoted, or reject","python -m tenderpack accept VOL-V-24.4-01 --reviewer ""Your Name"""
9,row,VOL-V-29.2-01,proposed,7d7e0b03362812abec0fd625f12055de3469008acc90ca5c9520e410fe52256a,"accept VOL-V-29.2-01 as quoted, or reject","python -m tenderpack accept VOL-V-29.2-01 --reviewer ""Your Name"""
9,row,VOL-V-29.3-01,proposed,6d5a8e8cb0ff1db251adbe007da1477c3f57fb362d49a5c7e3a5e0511f49e612,"accept VOL-V-29.3-01 as quoted, or reject","python -m tenderpack accept VOL-V-29.3-01 --reviewer ""Your Name"""
9,row,VOL-V-29.4-01,proposed,b98870f85b45e9ca2242217a1e7fbeea5741840d602f63b8282e17b6b223169d,"accept VOL-V-29.4-01 as quoted, or reject","python -m tenderpack accept VOL-V-29.4-01 --reviewer ""Your Name"""
9,row,VOL-V-3.1-01,proposed,b58ca92fe6aeb3a7d293bec1dbd158c5b607382d5a457d26de55389fc55e2454,"accept VOL-V-3.1-01 as quoted, or reject","python -m tenderpack accept VOL-V-3.1-01 --reviewer ""Your Name"""
9,row,VOL-V-3.2-01,proposed,b00833b30bccab6f876d4d4244a12189afaee03a3d4b6fb51a1c298bd3550846,"accept VOL-V-3.2-01 as quoted, or reject","python -m tenderpack accept VOL-V-3.2-01 --reviewer ""Your Name"""
9,row,VOL-V-31.1-01,proposed,f92f66e0a2612871d014d7f00f414e98a68e7165f8fccf880eba4ba3dc07082b,"accept VOL-V-31.1-01 as quoted, or reject","python -m tenderpack accept VOL-V-31.1-01 --reviewer ""Your Name"""
9,row,VOL-V-31.1-02,proposed,3119e7595b2a4a129ab98f5629b1f89668f345cde4339c4f67fdf7ca243d00e2,"accept VOL-V-31.1-02 as quoted, or reject","python -m tenderpack accept VOL-V-31.1-02 --reviewer ""Your Name"""
9,row,VOL-V-31.1-03,proposed,43629de3f9455674a0e4f9f898455d3ca126685454faca3f7d27f7a6f75214f1,"accept VOL-V-31.1-03 as quoted, or reject","python -m tenderpack accept VOL-V-31.1-03 --reviewer ""Your Name"""
9,row,VOL-V-31.3-01,proposed,342726d19f650abbc4ef3b89e1c459cdb901412ab9c6bb3597c66d0def7e4e84,"accept VOL-V-31.3-01 as quoted, or reject","python -m tenderpack accept VOL-V-31.3-01 --reviewer ""Your Name"""
9,row,VOL-V-31.3-02,proposed,e15b9ad5849668ec01f6886fd4015df21d6b337a3bc97418538f43e545cc864f,"accept VOL-V-31.3-02 as quoted, or reject","python -m tenderpack accept VOL-V-31.3-02 --reviewer ""Your Name"""
9,row,VOL-V-31.3-03,proposed,15efb2627e27c2dec815e977c6f9b237d510b792f4b520ba09eedd9fa29bf172,"accept VOL-V-31.3-03 as quoted, or reject","python -m tenderpack accept VOL-V-31.3-03 --reviewer ""Your Name"""
9,row,VOL-V-31.4-01,proposed,cc91bd0b91da0679fd6c5eae20be7cbcb4ad061b27c34d1cc6b7d35b0ea8f748,"accept VOL-V-31.4-01 as quoted, or reject","python -m tenderpack accept VOL-V-31.4-01 --reviewer ""Your Name"""
9,row,VOL-V-34.3-01,proposed,63282028c4ed26f55ed0fcc19172a18d1994f4c2448be832fa541ab6cf085295,"accept VOL-V-34.3-01 as quoted, or reject","python -m tenderpack accept VOL-V-34.3-01 --reviewer ""Your Name"""
9,row,VOL-V-36.2-01,proposed,1281b1240684c8fb53bf6734ba4a7b4007adb073ece3298c461f9370c1b7f955,"accept VOL-V-36.2-01 as quoted, or reject","python -m tenderpack accept VOL-V-36.2-01 --reviewer ""Your Name"""
9,row,VOL-V-39.1-01,proposed,8f8b837b78617a69186faf1fe0dde5ed6a2e54ad12e490220192acdf0fecb7b1,"accept VOL-V-39.1-01 as quoted, or reject","python -m tenderpack accept VOL-V-39.1-01 --reviewer ""Your Name"""
9,row,VOL-V-42.1-01,proposed,7424dfd662fecc53aaa8b05bdbdb41b3225e4eb31167d16833425581b407eefe,"accept VOL-V-42.1-01 as quoted, or reject","python -m tenderpack accept VOL-V-42.1-01 --reviewer ""Your Name"""
9,row,VOL-V-42.1-02,proposed,0f8e41e245556afe3c922108232b8e5d3157a43b85ed791ec58161529554d31c,"accept VOL-V-42.1-02 as quoted, or reject","python -m tenderpack accept VOL-V-42.1-02 --reviewer ""Your Name"""
9,row,VOL-V-42.2-01,proposed,da186607b12c10a4cddbe2ae2d40a23b1c02120e524604764b7f26d68dcac965,"accept VOL-V-42.2-01 as quoted, or reject","python -m tenderpack accept VOL-V-42.2-01 --reviewer ""Your Name"""
9,row,VOL-V-44.2-01,proposed,d2519ec03e92f7cc69e76852eeb9892ab95e51a7fd036ac2c65f62ae06bb1e90,"accept VOL-V-44.2-01 as quoted, or reject","python -m tenderpack accept VOL-V-44.2-01 --reviewer ""Your Name"""
9,row,VOL-V-44.3-01,proposed,3fe444e060fdd75711c161dad21758f7beaba465c062a5d4540cdaf271ea3314,"accept VOL-V-44.3-01 as quoted, or reject","python -m tenderpack accept VOL-V-44.3-01 --reviewer ""Your Name"""
9,row,VOL-V-NOTE-01,proposed,b410b02bd79d976f769a1a40149355e65c7f9aced61dd77c5c7711ef1de45dc9,"accept VOL-V-NOTE-01 as quoted, or reject","python -m tenderpack accept VOL-V-NOTE-01 --reviewer ""Your Name"""
