# CANDIDATE: proposed by the AI workflow; not reviewed; nothing accepted
﻿id,name,resource,duration_assumption,duration_wd_base,duration_wd,count_base,count,earliest_start_base,earliest_start,latest_start_base,latest_start,latest_finish_base,latest_finish,float_wd_base,float_wd,shift_wd,status_base,status,change
lcc-ratio,Compute the construction-phase local content ratio,commercial_manager,lcc_ratio_calc,5,5,1,1,2026-10-22,2026-10-22,2026-10-06,2026-10-06,2026-10-12,2026-10-12,-12,-12,0,INFEASIBLE by 12 WD,INFEASIBLE by 12 WD,
attendance-notice,"If the attendance record is wrong, notify the Authority through the Portal",bid_manager,clarification_drafting,2,2,1,1,2026-10-22,2026-10-22,2026-10-13,2026-10-13,2026-10-14,2026-10-14,-7,-7,0,CONDITIONAL — window elapsed 2026-10-14; whether the condition arose is not known,CONDITIONAL — window elapsed 2026-10-14; whether the condition arose is not known,
lcc-certificate,Obtain the Local Content Certificate from the competent authority,commercial_manager,lcc_certificate,30,30,1,1,2026-10-29,2026-10-29,2026-10-13,2026-10-13,2026-11-23,2026-11-23,-12,-12,0,INFEASIBLE by 12 WD,INFEASIBLE by 12 WD,
fin-model-build,"Complete the Financial Model (unlocked, fully formula-linked Excel, no macros, no hard-coded values in calculation cells), reflecting ADD-03 Section 3 (Base Date pricing and indexation, Indexed Proportion)",financial_modeller,fin_model_build,15,15,1,1,2026-10-22,2026-10-22,2026-10-22,2026-10-22,2026-11-11,2026-11-11,0,0,0,OK,OK,
model-auditor-appoint,Appoint the independent model auditor (opinion to be addressed to the Authority),commercial_manager,model_auditor_appointment,5,5,1,1,2026-10-22,2026-10-22,2026-10-25,2026-10-25,2026-10-29,2026-10-29,1,1,0,OK,OK,
technical-proposal,Write the Technical Proposal narrative (process design to the effective TN limit; standby power duration; page limit as amended),proposal_writers,technical_proposal,20,20,1,1,2026-10-22,2026-10-22,2026-10-25,2026-10-25,2026-11-19,2026-11-19,1,1,0,OK,OK,
pcg-wording,Agree the Parent Company Guarantee wording (substantially Form 4-D; unconditional for the construction period) with the EPC Contractor's ultimate parent,legal_counsel,pcg_wording,10,10,1,1,2026-10-22,2026-10-22,2026-10-27,2026-10-27,2026-11-09,2026-11-09,3,3,0,OK,OK,
ground-dd,Review the data-room geotechnical report and satisfy the Bidder as to ground conditions (e.g. the wadi crossing; ADD-01 Q4); feed the construction methodology and the price,technical_lead,ground_due_diligence,10,10,1,1,2026-10-22,2026-10-22,2026-10-29,2026-10-29,2026-11-11,2026-11-11,5,5,0,OK,OK,
lender-terms,"Obtain indicative financing terms (debt tenor, margin, gearing) for the model",commercial_manager,lender_terms,10,10,1,1,2026-10-22,2026-10-22,2026-10-29,2026-10-29,2026-11-11,2026-11-11,5,5,0,OK,OK,
model-audit-review,Rolling review of the draft Financial Model by the model auditor,financial_modeller,model_audit_review,10,10,1,1,2026-10-29,2026-10-29,2026-11-01,2026-11-01,2026-11-12,2026-11-12,1,1,0,OK,OK,
completion-certs,"Obtain the client completion certificate for each reference project (a reference without one is disregarded, VOL-I 9.5)",technical_lead,completion_certificate,15,15,2,2,2026-10-22,2026-10-22,2026-11-02,2026-11-02,2026-11-22,2026-11-22,7,7,0,OK,OK,
poa-resolutions,Obtain the board resolutions of each member authorising its signatories,legal_counsel,poa_board_resolutions,5,5,3,3,2026-10-22,2026-10-22,2026-11-03,2026-11-03,2026-11-09,2026-11-09,8,8,0,OK,OK,
references,"Collect commercial-operation evidence for the reference plants (capacity, commercial operation within the look-back window)",technical_lead,reference_evidence,10,10,2,2,2026-10-22,2026-10-22,2026-11-04,2026-11-04,2026-11-17,2026-11-17,9,9,0,OK,OK,
bond-approval,Obtain bank approval for the Bid Bond,commercial_manager,bid_bond_bank_approval,10,10,1,1,2026-10-22,2026-10-22,2026-11-05,2026-11-05,2026-11-18,2026-11-18,10,10,0,OK,OK,
deviations-review,"Review Volume V and list every deviation, qualification or reservation, including any assumption that limits or qualifies a Volume V obligation (ADD-03 response 16)",legal_counsel,deviations_review,10,10,1,1,2026-10-22,2026-10-22,2026-11-08,2026-11-08,2026-11-19,2026-11-19,11,11,0,OK,OK,
consortium-check,"Confirm the Proposal is submitted by the Bidder prequalified and named in VOL-I Appendix 1, with no change to its composition, shareholding or lead member, or that the Authority's prior written consent to any change is held (VOL-I 1.4, 8.1)",legal_counsel,consortium_confirmation,1,1,1,1,2026-10-22,2026-10-22,2026-11-10,2026-11-10,2026-11-10,2026-11-10,13,13,0,OK,OK,
om-evidence,Obtain evidence of the O&M Operator's continuous operation of a qualifying facility (VOL-I 8.8),technical_lead,om_experience_evidence,10,10,1,1,2026-10-22,2026-10-22,2026-11-10,2026-11-10,2026-11-23,2026-11-23,13,13,0,OK,OK,
pcg-execution,Obtain the executed Parent Company Guarantee from the ultimate parent,legal_counsel,pcg_execution,10,10,1,1,2026-11-05,2026-11-05,2026-11-10,2026-11-10,2026-11-23,2026-11-23,3,3,0,OK,OK,
poa,Notarise the Power of Attorney of each signatory (Form 4-A signatory of the lead member; Form 4-C signatory of each member),legal_counsel,poa_notarisation,5,5,3,3,2026-10-29,2026-10-29,2026-11-10,2026-11-10,2026-11-16,2026-11-16,8,8,0,OK,OK,
clarifications,"Submit clarification requests citing Volume, Clause and page (e.g. Form 4-A printed date; Envelope B contents; one USB per envelope)",bid_manager,clarification_drafting,2,2,1,1,2026-10-25,2026-10-25,2026-11-11,2026-11-11,2026-11-12,2026-11-12,13,13,0,OK,OK,
fin-model-freeze,Freeze the Financial Model (final inputs and version) for the audit opinion and Form 4-F; check the model reflects ADD-03 Section 3 (Base Date indexation and the Indexed Proportion stated in Form 4-F),financial_modeller,fin_model_freeze,1,1,1,1,2026-11-12,2026-11-12,2026-11-12,2026-11-12,2026-11-12,2026-11-12,0,0,0,OK,OK,
fin-statements,Collect each member's most recent audited financial statements (three financial years),commercial_manager,fin_statements_collection,5,5,3,3,2026-10-22,2026-10-22,2026-11-12,2026-11-12,2026-11-18,2026-11-18,15,15,0,OK,OK,
model-audit-opinion,Audit of the frozen Financial Model and issue of the opinion addressed to the Authority (VOL-I 10.3),commercial_manager,model_audit_opinion,5,5,1,1,2026-11-15,2026-11-15,2026-11-15,2026-11-15,2026-11-19,2026-11-19,0,0,0,OK,OK,
form-4g-review,Review the six Form 4-G undertakings with the O&M and OT security leads,technical_lead,form_4g_review,5,5,1,1,2026-10-22,2026-10-22,2026-11-16,2026-11-16,2026-11-22,2026-11-22,17,17,0,OK,OK,
form-4c-prep,Prepare Form 4-C in Arabic for each member,legal_counsel,form_4c_arabic_prep,2,2,1,1,2026-10-22,2026-10-22,2026-11-17,2026-11-17,2026-11-18,2026-11-18,18,18,0,OK,OK,
investment-licence,"For each foreign member: evidence of a current investment licence, or a signed undertaking to obtain it before Financial Close (VOL-I 8.9)",legal_counsel,investment_licence,5,5,1,2,2026-11-05,2026-11-05,2026-11-17,2026-11-17,2026-11-23,2026-11-23,8,8,0,OK,OK,COUNT
form-4b-prep,"Prepare one Form 4-B for each reference project from the reference evidence, every printed field drafted (preparation; not gated)",technical_lead,form_4b_preparation,3,3,2,2,2026-11-05,2026-11-05,2026-11-18,2026-11-18,2026-11-22,2026-11-22,9,9,0,OK,OK,
bond-issue,Issue the Bid Bond (validity per VOL-I 6.3),commercial_manager,bid_bond_issue,3,3,1,1,2026-11-05,2026-11-05,2026-11-19,2026-11-19,2026-11-23,2026-11-23,10,10,0,OK,OK,
fin-standing,"Compute and evidence combined tangible net worth and three-year average turnover, weighted by shareholding (VOL-I 8.4)",commercial_manager,fin_standing_calc,3,3,1,1,2026-10-29,2026-10-29,2026-11-19,2026-11-19,2026-11-23,2026-11-23,15,15,0,OK,OK,
form-4c-sign,Sign and stamp Form 4-C at each member (Arabic governs; a translation may be attached),legal_counsel,form_4c_member_sign,3,3,3,3,2026-11-05,2026-11-05,2026-11-19,2026-11-19,2026-11-23,2026-11-23,10,10,0,OK,OK,
fin-assumptions,Prepare the schedule of principal financing assumptions to accompany Form 4-F (VOL-I 10.6),commercial_manager,fin_assumptions_schedule,2,2,1,1,2026-11-15,2026-11-15,2026-11-22,2026-11-22,2026-11-23,2026-11-23,5,5,0,OK,OK,
form-4a-prep,"Prepare Form 4-A on the version reissued by ADD-01 Appendix A: Bidder and lead member, Addenda acknowledged, single point of contact (preparation; not gated)",legal_counsel,form_4a_preparation,1,1,1,1,2026-10-25,2026-10-25,2026-11-22,2026-11-22,2026-11-22,2026-11-22,20,20,0,OK,OK,
form-4e,Finalise and sign Form 4-E; check that no qualification appears elsewhere in the Proposal (VOL-I 9.6),legal_counsel,form_4e_finalise,2,2,1,1,2026-11-19,2026-11-19,2026-11-22,2026-11-22,2026-11-23,2026-11-23,1,1,0,OK,OK,
form-4f,"Complete and sign Form 4-F from the frozen Financial Model (single Availability Payment, SAR per annum, excluding VAT)",commercial_manager,form_4f_preparation,2,2,1,1,2026-11-22,2026-11-22,2026-11-22,2026-11-22,2026-11-23,2026-11-23,0,0,0,OK,OK,
iso-copy,Obtain a copy of the EPC Contractor's ISO 9001:2015 certificate and check it is current at the PDD,technical_lead,iso_certificate_copy,2,2,1,1,2026-10-22,2026-10-22,2026-11-22,2026-11-22,2026-11-23,2026-11-23,21,21,0,OK,OK,
spoc,Confirm the single point of contact to be named in Form 4-A; notify any later change within 2 Working Days (VOL-I 4.3),bid_manager,spoc_confirmation,1,1,1,1,2026-10-22,2026-10-22,2026-11-22,2026-11-22,2026-11-22,2026-11-22,21,21,0,OK,OK,
form-4a,"Finalise Form 4-A (which form version and fields, and how its stale printed Proposal Due Date is corrected, as decided on I-F4A-FIELDS) and sign by the lead member's PoA holder",legal_counsel,form_4a_signature,1,1,1,1,2026-11-05,2026-11-05,2026-11-23,2026-11-23,2026-11-23,2026-11-23,12,12,0,OK,OK,
form-4b,Finalise each Form 4-B: the 'Contract value (SAR equivalent)' field is kept (not deleted or relocated) and completed as the decision on I-VOL-I-ENV-A-PRICES directs (VOL-I 6.2: no commercial information in Envelope A),technical_lead,form_4b_finalise,1,1,2,2,2026-11-12,2026-11-12,2026-11-23,2026-11-23,2026-11-23,2026-11-23,7,7,0,OK,OK,
form-4g-sign,Complete and sign Form 4-G,technical_lead,form_4g_signature,1,1,1,1,2026-11-05,2026-11-05,2026-11-23,2026-11-23,2026-11-23,2026-11-23,12,12,0,OK,OK,
assemble-envelope-a,Assemble the marked original of Envelope A in the VOL-I 9.1 order with numbered dividers (Form 4-G after item (e)); check that no price or commercial information appears (VOL-I 6.2) and that the Indexed Proportion is not stated anywhere in Envelope A (ADD-03 response 20); include a copy of each ISO 9001:2015 certificate required (ADD-03 response 17),document_controller,envelope_assembly,1,1,1,1,2026-12-10,2026-12-10,2026-11-24,2026-11-24,2026-11-24,2026-11-24,-12,-12,0,INFEASIBLE by 12 WD,INFEASIBLE by 12 WD,
assemble-envelope-b,Assemble the marked original of Envelope B: Form 4-F and the Financial Model (VOL-I 10.1); package the model auditor's opinion and the financing-assumptions schedule as the decision on I-VOL-I-ENV-B directs (both are prepared regardless),document_controller,envelope_assembly,1,1,1,1,2026-11-24,2026-11-24,2026-11-24,2026-11-24,2026-11-24,2026-11-24,0,0,0,OK,OK,
copies,"Make three hard copies of each envelope and the searchable electronic copy on encrypted USB, files named ISTP2026-014_[BIDDER]_[ENV]_[VOL]_[NN]_[YYYYMMDD].pdf (max 120 characters, folders max 3 levels); check the electronic copy against the marked original (VOL-I 6.5, Appendix 2); the USB split between the envelopes follows the decision on I-VOL-I-COPIES",document_controller,copies_and_usb,1,1,1,1,2026-12-13,2026-12-13,2026-11-25,2026-11-25,2026-11-25,2026-11-25,-12,-12,0,INFEASIBLE by 12 WD,INFEASIBLE by 12 WD,
seal-and-mark,"Seal Envelopes A and B separately and mark each 'NUPA/ISTP/2026/014 — NOT TO BE OPENED BEFORE 14:00 ON THE PROPOSAL DUE DATE' (VOL-I 6.2, Appendix 3)",document_controller,seal_and_mark,0,0,1,1,2026-12-13,2026-12-13,2026-11-25,2026-11-25,2026-11-25,2026-11-25,-12,-12,0,INFEASIBLE by 12 WD,INFEASIBLE by 12 WD,
deliver,"Deliver both sealed envelopes to Tender Box 4, Ground Floor, Northern Utilities Procurement Authority, Administrative Building C, Sakaka before 14:00 Riyadh time on the PDD (VOL-I 6.1, Appendix 3; late Proposals are rejected unopened, VOL-I 6.6)",document_controller,delivery,1,1,1,1,2026-12-14,2026-12-14,2026-11-26,2026-11-26,2026-11-26,2026-11-26,-12,-12,0,INFEASIBLE by 12 WD,INFEASIBLE by 12 WD,
