Requirement ID,Clause group,Scope tags,Requirement (summary),"Verbatim source text (effective, validated state)",Document / clause / page,Pass/fail or scored,Discipline,Evidence needed,Status after BASE,Status after ADD-01,Status after ADD-02,"Status after ADD-03 (WORKING, not validated)",Stated consequence (quoted),Consequence source,Dates (planning reading; all readings in Dates sheet),Confidence,Image reading status,Interpretation review,Amendment ops review,Evidence chain (original -> ops),Issues
VOL-I-6.1-01,VOL-I:6.1,bid_submission; deadline,"Deliver the Proposal to the Authority by the Proposal Due Date and time, at the Appendix 3 address",Proposals shall be received by the Authority not later than 14:00 hours Riyadh time on Thursday 26 November 2026 at the address given in Appendix 3.,VOL-I 6.1 p3,pass_fail,Bid management,EV-DELIVERY,ACTIVE,AMENDED (ADD-01/2.1),ACTIVE (as amended by ADD-01/2.1),AMENDED (ADD-03/2.1) — STALE,"rejection: ""will be rejected unopened and returned to the Bidder""",VOL-I:6.6,PDD: 2026-11-26 (as_stated),high: verbatim text-layer clause; the consequence is stated in VOL-I 6.6,n/a (text layer),proposed (not reviewed),proposed,VOL-I:6.1 (VOL-I p3; text layer); ADD-01/2.1 [proposed] <- ADD-01:2.1 (ADD-01 p1),
VOL-I-5.2-01,VOL-I:5.2,clarification; deadline,Submit any clarification requests no later than ten Working Days before the Proposal Due Date,Requests for clarification shall be submitted no later than ten (10) Working Days before the Proposal Due Date. Requests received after that time will not be answered.,VOL-I 5.2 p3,procedural,Bid management,EV-CLARIFICATIONS,ACTIVE,ACTIVE,ACTIVE,ACTIVE — STALE,"lesser consequence: ""Requests received after that time will not be answered.""",VOL-I:5.2,CLARIFICATION-CUTOFF: 2026-11-12 (stated_date_excluded),high: backward Working Day counting is defined in VOL-I 2.4,n/a (text layer),proposed (not reviewed),n/a,VOL-I:5.2 (VOL-I p3; text layer),
VOL-I-6.3-01,VOL-I:6.3,envelope_A; bid_security; validity,Bid Bond valid for 180 days from the Proposal Due Date (extendable on demand),Envelope A shall be accompanied by a Bid Bond which shall remain valid for one hundred and eighty (180) days from the Proposal Due Date and shall be extended on demand where the Authority extends the period of Proposal validity.,VOL-I 6.3 p3,pass_fail,Commercial,EV-BID-BOND,ACTIVE,ACTIVE,ACTIVE,ACTIVE — STALE,none stated in the documents,,BID-BOND-VALIDITY: 2027-05-25 (day0),medium: no consequence is stated; whether day 0 or day 1 is the PDD is not stated (two readings),n/a (text layer),proposed (not reviewed),n/a,VOL-I:6.3 (VOL-I p3; text layer),I-NO-CONSEQUENCE
VOL-I-6.4-01,VOL-I:6.4,envelope_A; bid_security,"Bid Bond of SAR 4,500,000, unconditional and payable on first written demand","The Bid Bond shall be in the amount of SAR 4,500,000 (four million five hundred thousand Saudi Riyals), shall be unconditional and payable on first written demand, and shall be issued by a bank licensed to operate in the Kingdom holding a long-term credit rating of not lower than A- from a recognised international rating agency.",VOL-I 6.4 p3,pass_fail,Commercial,EV-BID-BOND,ACTIVE,ACTIVE,ACTIVE,ACTIVE,none stated in the documents,,,high: verbatim; confirmed by ADD-02 Q8 (no consequence stated),n/a (text layer),proposed (not reviewed),n/a,VOL-I:6.4 (VOL-I p3; text layer),I-NO-CONSEQUENCE
VOL-I-6.4-02,VOL-I:6.4,envelope_A; bid_security,Bid Bond issued by a bank licensed in the Kingdom with a long-term rating not lower than A-,"The Bid Bond shall be in the amount of SAR 4,500,000 (four million five hundred thousand Saudi Riyals), shall be unconditional and payable on first written demand, and shall be issued by a bank licensed to operate in the Kingdom holding a long-term credit rating of not lower than A- from a recognised international rating agency.",VOL-I 6.4 p3,pass_fail,Commercial,EV-BID-BOND,ACTIVE,ACTIVE,ACTIVE,ACTIVE,none stated in the documents,,,high: verbatim; clarified by ADD-01 Q3 (no consequence stated),n/a (text layer),proposed (not reviewed),n/a,VOL-I:6.4 (VOL-I p3; text layer),I-NO-CONSEQUENCE
VOL-I-7.1-01,VOL-I:7.1,validity,Proposal open for acceptance for 150 days from the Proposal Due Date,Each Proposal shall remain open for acceptance for one hundred and fifty (150) days from the Proposal Due Date.,VOL-I 7.1 p4,pass_fail,Commercial,EV-FORM-4A,ACTIVE,ACTIVE,ACTIVE,ACTIVE — STALE,none stated in the documents,,PROPOSAL-VALIDITY: 2027-04-25 (day0),medium: no consequence stated; day 0 / day 1 not stated,n/a (text layer),proposed (not reviewed),n/a,VOL-I:7.1 (VOL-I p4; text layer),I-NO-CONSEQUENCE
VOL-I-8.3-01,VOL-I:8.3,qualification; envelope_A,"EPC Contractor ISO 9001:2015 certificate, current as at the Proposal Due Date, copy in Envelope A","The proposed EPC Contractor shall hold a valid ISO 9001:2015 quality management certificate, current as at the Proposal Due Date, issued by an accredited certification body. A copy of the certificate shall be submitted with Envelope A.",VOL-I 8.3 p4,pass_fail,Technical,EV-ISO,ACTIVE,ACTIVE — STALE,ACTIVE — STALE,ACTIVE — STALE,none stated in the documents,,ISO-CURRENT-AT: 2026-11-26 (as_stated),medium: no consequence stated; this period is not named in ADD-01 §2.2 (whose list is non-exhaustive),n/a (text layer),proposed (not reviewed),n/a,VOL-I:8.3 (VOL-I p4; text layer),I-NO-CONSEQUENCE
VOL-I-8.5-01,VOL-I:8.5,qualification; references,"Evidence two reference sewage treatment plants of at least 80,000 m3/day, each in commercial operation within the ten years before the Proposal Due Date","For the avoidance of doubt, a Bidder that does not evidence at least two (2) reference sewage treatment plants, each of nominal capacity not less than 80,000 m³/day and each having achieved commercial operation within the ten (10) years preceding the Proposal Due Date, shall be rejected without further evaluation.",VOL-I 8.5#fn12 p4,pass_fail,Technical,EV-REFERENCES,ACTIVE,ACTIVE,ACTIVE,ACTIVE — STALE,"rejection: ""shall be rejected without further evaluation""",VOL-I:8.5#fn12,REFERENCE-LOOKBACK: 2016-11-27 (boundary_exclusive),high: verbatim footnote; boundary of the look-back not stated (two readings),n/a (text layer),proposed (not reviewed),n/a,VOL-I:8.5#fn12 (VOL-I p4; text layer),
VOL-I-8.6-01,VOL-I:8.6,qualification; envelope_A,Local Content Certificate from the competent authority showing the minimum construction-phase local content ratio,The Bidder shall submit a Local Content Certificate issued by the competent authority evidencing a local content ratio of not less than thirty-five per cent (35%) for the construction phase. Failure to submit the certificate shall render the Proposal non-responsive.,VOL-I 8.6 p4,pass_fail,Commercial,EV-LCC,ACTIVE,DELETED (ADD-01/4.1),REINSTATED-AMENDED (ADD-02/9.1),DELETED (ADD-03/4.1),"non-responsive: ""Failure to submit the certificate shall render the Proposal non-responsive.""",VOL-I:8.6,,high: verbatim at every stage; the issuing authority is not named and the lead time is unknown,n/a (text layer),proposed (not reviewed),proposed,VOL-I:8.6 (VOL-I p4; text layer); ADD-01/4.1 [proposed] <- ADD-01:4.1 (ADD-01 p1); ADD-02/9.1 [proposed] <- ADD-02:9.1 (ADD-02 p3),I-LCC-ISSUER
VOL-I-5.4-01,VOL-I:5.4,pre_bid; fixed_date,Be represented at the Pre-Bid Conference on 30 September 2026,A Pre-Bid Conference will be held on Wednesday 30 September 2026 at 10:00 Riyadh time at the Authority's offices. Attendance by at least one authorised representative of each Bidder is mandatory. A Bidder that is not represented at the Pre-Bid Conference shall be disqualified.,VOL-I 5.4 p3,pass_fail,Bid management,EV-ATTENDANCE,ACTIVE,ACTIVE,ACTIVE,ACTIVE,"disqualification: ""A Bidder that is not represented at the Pre-Bid Conference shall be disqualified.""",VOL-I:5.4,PRE-BID: 2026-09-30 (as_stated),high: verbatim; a fixed past date (does not move with the PDD); attendance is a bidder fact,n/a (text layer),proposed (not reviewed),n/a,VOL-I:5.4 (VOL-I p3; text layer),I-BIDDER-FACTS
ADD-01-3.1-01,ADD-01:3.1,pre_bid; deadline,"If the attendance record is wrong, notify the Authority within five Working Days of Addendum No. 1",The attendance record is held by the Authority. A Bidder that considers its attendance to have been incorrectly recorded shall notify the Authority through the Portal within five (5) Working Days of this Addendum.,ADD-01 3.1 p1,procedural,Bid management,EV-ATTENDANCE,NOT ISSUED,NEW,ACTIVE,ACTIVE,none stated in the documents,,ATTENDANCE-NOTICE: 2026-10-14 (event_day_counted),medium: forward Working Day counting is not defined (two readings),n/a (text layer),proposed (not reviewed),n/a,ADD-01:3.1 (ADD-01 p1; text layer),
VOL-I-9.3-01,VOL-I:9.3,envelope_A; forms,Form 4-A signed by a person holding a notarised Power of Attorney from the lead member,Form 4-A shall be signed by a person holding a notarised Power of Attorney from the lead member of the Bidder. An unsigned or improperly executed Form 4-A shall render the Proposal non-responsive.,VOL-I 9.3 p5,pass_fail,Legal,EV-FORM-4A; EV-POA,ACTIVE,ACTIVE,ACTIVE,ACTIVE,"non-responsive: ""An unsigned or improperly executed Form 4-A shall render the Proposal non-responsive.""",VOL-I:9.3,,high: verbatim,n/a (text layer),proposed (not reviewed),n/a,VOL-I:9.3 (VOL-I p5; text layer),I-F4A-FIELDS
VOL-IV-F4A-01,VOL-IV:F4-A,forms; printed_date,Use the Form 4-A as issued (reissued by ADD-01 App A: 'Bidders shall use this version'); its printed Proposal Due Date,"Proposal Due Date: 12 November 2026, 14:00 Riyadh time",ADD-01 AppA/proposal-due-date p3,procedural,Legal,EV-FORM-4A,ACTIVE,AMENDED (ADD-01/AppA/para1),ACTIVE (as amended by ADD-01/AppA/para1),ACTIVE (as amended by ADD-01/AppA/para1),none stated in the documents,,,"high: verbatim printed field; the conflict with the amended PDD is shown, not resolved",n/a (text layer),proposed (not reviewed),proposed,VOL-IV:F4-A/proposal-due-date (VOL-IV p3; text layer); ADD-01/AppA/para1 [proposed] <- ADD-01:AppA/para1 (ADD-01 p3),I-F4A-FIELDS
VOL-I-9.4-01,VOL-I:9.4,envelope_A; forms; arabic,"Form 4-C completed in Arabic, signed and stamped by an authorised signatory of each member","Form 4-C shall be completed in the Arabic language, signed and stamped by an authorised signatory of each member of the Bidder. A translation may be attached for convenience but the Arabic text shall govern. Failure to submit a complete and properly executed Form 4-C for each member shall render the Proposal non-responsive.",VOL-I 9.4 p5,pass_fail,Legal,EV-FORM-4C,ACTIVE,ACTIVE,ACTIVE,ACTIVE,"non-responsive: ""Failure to submit a complete and properly executed Form 4-C for each member shall render the Proposal non-responsive.""",VOL-I:9.4,,high: text-layer clause; the form itself is an image whose reading is pending,pending,proposed (not reviewed),n/a,VOL-I:9.4 (VOL-I p5; text layer),I-BIDDER-FACTS
VOL-IV-F4C-04,VOL-IV:F4-C,forms; arabic; declaration,Form 4-C declaration 4 (Arabic only): all information in the Proposal is true and complete,رابعاً: أن جميع المعلومات المقدمة في هذا العرض صحيحة وكاملة، وندرك أن أي بيان غير صحيح يؤدي إلى استبعاد العرض.,VOL-IV F4-C/image/decl4 p6,pass_fail,Legal,EV-FORM-4C,ACTIVE,ACTIVE,ACTIVE,ACTIVE,"exclusion: ""يؤدي إلى استبعاد العرض"" (proposed translation, not reviewed: 'leads to the exclusion of the proposal')",VOL-IV:F4-C/image/decl4,,medium: from an image reading still pending the owner's review; Arabic-only consequence,pending,proposed (not reviewed),n/a,VOL-IV:F4-C/image/decl4 (VOL-IV p6; image reading),I-READING-F4C
VOL-IV-F4C-N1,VOL-IV:F4-C,forms; arabic,Form 4-C note (Arabic): submit the form in Arabic for each consortium member,ملاحظة: يجب تقديم هذا النموذج باللغة العربية عن كل عضو من أعضاء الائتلاف. عدم تقديمه كاملاً يجعل العرض غير مستجيب.,VOL-IV F4-C/image/note p6,pass_fail,Legal,EV-FORM-4C,ACTIVE,ACTIVE,ACTIVE,ACTIVE,"non-responsive: ""عدم تقديمه كاملاً يجعل العرض غير مستجيب"" (proposed translation, not reviewed: 'failure to submit it complete renders the proposal non-responsive')",VOL-IV:F4-C/image/note,,medium: from an image reading still pending the owner's review,pending,proposed (not reviewed),n/a,VOL-IV:F4-C/image/note (VOL-IV p6; image reading),I-READING-F4C
ADD-02-7.2-01,ADD-02:7,envelope_A; forms; new_in_addendum,Complete and submit the new Form 4-G (cybersecurity undertaking) with Envelope A,Form 4-G shall be completed and submitted with Envelope A. Failure to submit Form 4-G shall render the Proposal non-responsive.,ADD-02 7.2 p3,pass_fail,Technical,EV-FORM-4G,NOT ISSUED,NOT ISSUED,NEW,ACTIVE,"non-responsive: ""Failure to submit Form 4-G shall render the Proposal non-responsive.""",ADD-02:7.2,,high: verbatim; the re-lettering of the Envelope A list after item (e) is not stated,n/a (text layer),proposed (not reviewed),n/a,ADD-02:7.2 (ADD-02 p3; text layer),I-F4G-LETTERING
ADD-02-F4G-01,ADD-02:F4-G,forms; post_award; new_in_addendum,"Form 4-G undertakings 1-6, each confirmed Yes or No (3-6 are new obligations not in VOL-II 6)",Item: 3 | Undertaking: A named accountable security officer will be appointed for the concession period. | Confirmed: Yes / No,ADD-02 F4-G/T1/3 p3,contractual_post_award,Technical,EV-FORM-4G,NOT ISSUED,NOT ISSUED,NEW,ACTIVE (as amended by ADD-02/7.1),none stated in the documents,,,medium: verbatim; the effect of answering 'No' is not stated,n/a (text layer),proposed (not reviewed),proposed,ADD-02:F4-G/T1/3 (ADD-02 p3; text layer); ADD-02/7.1 [proposed] <- ADD-02:7.1 (ADD-02 p3),I-F4G-NO
VOL-II-4.4-01,VOL-II:4.4,technical_design; repeated_wording,"Standby power sized to carry the inlet works, disinfection and effluent pumping for the stated duration","Standby provision for all rotating equipment shall be N+1. Standby power shall be sized to carry the full inlet works, the disinfection stage and the effluent pumping station for not less than ninety-six (96) hours.",VOL-II 4.4 p4,pass_fail,Technical,EV-TECH-PROPOSAL,ACTIVE,ACTIVE,AMENDED (ADD-02/4.1),ACTIVE (as amended by ADD-02/4.1),none stated in the documents,,,high: verbatim; how non-compliance in the technical proposal is treated is not stated,n/a (text layer),proposed (not reviewed),proposed,VOL-II:4.4 (VOL-II p4; text layer); ADD-02/4.1 [proposed] <- ADD-02:4.1 (ADD-02 p1),
VOL-V-31.3-01,VOL-V:31.3,contract; post_award; repeated_wording,Cure period of 72 hours for an Unavailability Event under VOL-V 31.1(c) (unchanged by the addenda),A cure period of twenty-four (24) hours applies to an Unavailability Event under Clause 31.1(a) and of seventy-two (72) hours to an event under Clause 31.1(c). No cure period applies to an event under Clause 31.1(b).,VOL-V 31.3 p3,contractual_post_award,Legal,,ACTIVE,ACTIVE,ACTIVE,AMENDED (ADD-03/3.1) — STALE,none stated in the documents,,,high: verbatim; must not change when VOL-II 4.4's identical words do,n/a (text layer),proposed (not reviewed),n/a,VOL-V:31.3 (VOL-V p3; text layer),
VOL-I-11.2-01,VOL-I:11.2,evaluation; weighting; repeated_wording,"Combined score weighting, technical / commercial",Proposals reaching stage (iii) will be ranked on a combined score calculated on a weighting of sixty-five per cent (65%) technical and thirty-five per cent (35%) commercial.,VOL-I 11.2 p5,scored,Bid management,,ACTIVE,ACTIVE,AMENDED (ADD-02/T1-1-rev/note(2)),ACTIVE (as amended by ADD-02/T1-1-rev/note(2)),none stated in the documents,,,medium: the amendment is in a small-print table note and does not quote the words it replaces,n/a (text layer),proposed (not reviewed),proposed,VOL-I:11.2 (VOL-I p5; text layer); ADD-02/T1-1-rev/note(2) [proposed] <- ADD-02:T1-1-rev/note(2) (ADD-02 p1),
VOL-V-29.2-01,VOL-V:29.2,contract; payment; repeated_wording,"Availability Payment indexation: 60% indexed to CPI, 40% fixed (unchanged by the addenda)","The Availability Payment shall be indexed annually in accordance with Schedule 9, with sixty per cent (60%) of the payment indexed to the published consumer price index and forty per cent (40%) remaining fixed.",VOL-V 29.2 p3,contractual_post_award,Commercial,,ACTIVE,ACTIVE,ACTIVE,ACTIVE,none stated in the documents,,,high: verbatim; must not change when VOL-I 11.2's similar words do,n/a (text layer),proposed (not reviewed),n/a,VOL-V:29.2 (VOL-V p3; text layer),
VOL-I-11.3-01,VOL-I:11.3,evaluation; threshold,Technical score of at least 70 out of 100 to proceed to commercial evaluation,A Proposal scoring less than seventy (70) marks out of one hundred (100) at the technical evaluation shall not proceed to commercial evaluation and its Envelope B shall be returned unopened.,VOL-I 11.3 p5,scored,Technical,,ACTIVE,ACTIVE,ACTIVE,ACTIVE,"Envelope B returned unopened: ""its Envelope B shall be returned unopened""",VOL-I:11.3,,high: verbatim; confirmed unchanged by ADD-02 note (1),n/a (text layer),proposed (not reviewed),n/a,VOL-I:11.3 (VOL-I p5; text layer),
VOL-I-T1-1-B,VOL-I:T1-1,evaluation; weighting,"Marks available for criterion B (construction methodology, programme and interfaces)","Ref: B | Criterion: Construction methodology, programme and interface management | Marks: 15",ADD-02 T1-1-rev/B p1,scored,Technical,,ACTIVE,ACTIVE,AMENDED (ADD-02/3.1),ACTIVE (as amended by ADD-02/3.1),none stated in the documents,,,high: verbatim table rows,n/a (text layer),proposed (not reviewed),proposed,VOL-I:T1-1/B (VOL-I p6; text layer); ADD-02/3.1 [proposed] <- ADD-02:3.1 (ADD-02 p1),
VOL-I-T1-1-D,VOL-I:T1-1,evaluation; weighting,Marks available for criterion D (environmental and social management),Ref: D | Criterion: Environmental and social management | Marks: 20,ADD-02 T1-1-rev/D p1,scored,Technical,,ACTIVE,ACTIVE,AMENDED (ADD-02/3.1),ACTIVE (as amended by ADD-02/3.1),none stated in the documents,,,high: verbatim table rows,n/a (text layer),proposed (not reviewed),proposed,VOL-I:T1-1/D (VOL-I p6; text layer); ADD-02/3.1 [proposed] <- ADD-02:3.1 (ADD-02 p1),
VOL-II-T2-4-TN,VOL-II:T2-4,technical_design; effluent; image,"Treated effluent Total Nitrogen (TN): value shown in Table 2-4, unit and basis of assessment",Parameter: Total Nitrogen (TN) | Unit: mg/l | Limit: 3 | Basis of assessment: 30-day rolling average,VOL-II T2-4/TN p3,pass_fail,Technical,EV-TECH-PROPOSAL,ACTIVE,ACTIVE,AMENDED (ADD-02/5.1),ACTIVE (as amended by ADD-02/5.1),none stated in the documents,,,medium: base value and basis come from an image reading still pending review; the Permit is not supplied,pending,proposed (not reviewed),proposed,VOL-II:T2-4/TN (VOL-II p3; image reading); ADD-02/5.1 [proposed] <- ADD-02:5.1 (ADD-02 p1),I-PERMIT; I-READING-T24
