stage,provision,page,disposition,reason,accounted_by,text
ADD-01,ADD-01:cover/para1,1,no_effect,the addendum's issue date line (used as the stage date),no_effect,Issued 8 October 2026
ADD-01,ADD-01:cover/para2,1,no_effect,recital or cover text; changes nothing by itself,no_effect,Tender NUPA/ISTP/2026/014
ADD-01,ADD-01:cover/para3,1,op,,ADD-01/cover/para3,"This Addendum amends the Proposal Due Date, deletes one qualification requirement, amends Volume II Clause 5.3, publishes the minutes of the Pre-Bid Conference,"
ADD-01,ADD-01:1.1,1,no_effect,recital or cover text; changes nothing by itself,no_effect,The Pre-Bid Conference was held on 30 September 2026. The minutes are published at Appendix B to this Addendum.
ADD-01,ADD-01:1.2,1,no_effect,recital or cover text; changes nothing by itself,no_effect,Capitalised terms have the meanings given in Volume I.
ADD-01,ADD-01:2.1,1,op,,ADD-01/2.1,Volume I Clause 6.1 is amended by deleting ‘Thursday 12 November 2026’ and substituting ‘Thursday 26 November 2026’. The time of 14:00 Riyadh time is unchanged.
ADD-01,ADD-01:2.2,1,op,,ADD-01/2.2,"Every period in the RFP Documents that is calculated by reference to the Proposal Due Date is adjusted accordingly, including without limitation the period in V"
ADD-01,ADD-01:3.1,1,op,,ADD-01/3.1,The attendance record is held by the Authority. A Bidder that considers its attendance to have been incorrectly recorded shall notify the Authority through the 
ADD-01,ADD-01:3.2,1,op,,ADD-01/3.2,Bidders' attention is drawn to Volume I Clause 5.3. Statements recorded in the minutes at Appendix B are a record of what was said and do not bind the Authority
ADD-01,ADD-01:4.1,1,op,,ADD-01/4.1,Volume I Clause 8.6 (Local Content Certificate) is deleted in its entirety. No Local Content Certificate is required with the Proposal.
ADD-01,ADD-01:4.2,1,op,,ADD-01/4.2,"Consequentially, any reference to a Local Content Certificate elsewhere in the RFP Documents shall be disregarded."
ADD-01,ADD-01:5.1,1,op,,ADD-01/5.1,Volume II Clause 5.3 is amended by adding at the end: ‘Glass reinforced plastic pipe of an equivalent pressure class is acceptable for the buried sections of th
ADD-01,ADD-01:Q1,1,op,,ADD-01/Q1,No: 1 | Bidder question: Is a membrane bioreactor process mandatory? | Authority response: No. Volume II Clause 3.1 does not mandate a process train. Any proces
ADD-01,ADD-01:Q2,1,op,,ADD-01/Q2,No: 2 | Bidder question: Does the 120-page limit in Volume I Clause 9.2 include the Form Sheets? | Authority response: No. The limit applies to the Technical Pr
ADD-01,ADD-01:Q3,2,op,,ADD-01/Q3,No: 3 | Bidder question: May the Bid Bond be issued by a branch of a foreign bank? | Authority response: Only where that branch is licensed to operate in the Ki
ADD-01,ADD-01:Q4,2,op,,ADD-01/Q4,No: 4 | Bidder question: Can the Authority confirm the ground conditions at the wadi crossing? | Authority response: The geotechnical report in the data room is
ADD-01,ADD-01:Q5,2,op,,ADD-01/Q5,No: 5 | Bidder question: Will the Authority accept a reference project that is under construction? | Authority response: No. Footnote 12 to Volume I Clause 8.5 
ADD-01,ADD-01:Q6,2,op,,ADD-01/Q6,No: 6 | Bidder question: Is the treated effluent offtake volume guaranteed? | Authority response: No. The payment mechanism at Volume V Clause 29 is availabilit
ADD-01,ADD-01:AppA/para1,3,op,,ADD-01/AppA/para1,Form 4-A is reissued below to add the acknowledgement of Addenda at paragraph 1. Bidders shall use this version.
ADD-01,ADD-01:AppA/tender-reference,3,op,,ADD-01/AppA/para1,Tender reference: NUPA/ISTP/2026/014
ADD-01,ADD-01:AppA/project,3,op,,ADD-01/AppA/para1,Project: Wadi Sirhan Independent Sewage Treatment Plant
ADD-01,ADD-01:AppA/proposal-due-date,3,op,,ADD-01/AppA/para1,"Proposal Due Date: 12 November 2026, 14:00 Riyadh time"
ADD-01,ADD-01:AppA/name-of-bidder-lead-member,3,op,,ADD-01/AppA/para1,Name of Bidder / lead member:
ADD-01,ADD-01:AppA/addenda-acknowledged-numbers,3,op,,ADD-01/AppA/para1,Addenda acknowledged (numbers):
ADD-01,ADD-01:AppA/single-point-of-contact,3,op,,ADD-01/AppA/para1,Single point of contact:
ADD-01,ADD-01:AppA/signature-name-capacity,3,op,,ADD-01/AppA/para1,Signature / name / capacity:
ADD-01,ADD-01:AppA/date,3,op,,ADD-01/AppA/para1,Date:
ADD-01,ADD-01:AppB/para1,4,no_effect,minutes declared non-binding by ADD-01:3.2; recorded as context only,no_effect,"Held 30 September 2026, 10:00 Riyadh time. Record of proceedings. Not binding on the Authority except where confirmed in the body of an Addendum (Volume I Claus"
ADD-01,ADD-01:AppB/present,4,no_effect,minutes declared non-binding by ADD-01:3.2; recorded as context only,no_effect,"Present: for the Authority, the Head of Procurement, the Technical Director and the Authority's transaction advisor. For the Bidders, representatives of the fiv"
ADD-01,ADD-01:AppB/item-1-opening,4,no_effect,minutes declared non-binding by ADD-01:3.2; recorded as context only,no_effect,Item 1 — Opening. The Head of Procurement opened the conference and confirmed that all five prequalified Bidders were represented.
ADD-01,ADD-01:AppB/item-2-programme,4,no_effect,minutes declared non-binding by ADD-01:3.2; recorded as context only,no_effect,Item 2 — Programme. The Authority indicated that it was considering a short extension to the Proposal Due Date and would confirm by Addendum. (Confirmed at Sect
ADD-01,ADD-01:AppB/item-3-evaluation,4,no_effect,minutes declared non-binding by ADD-01:3.2; recorded as context only,no_effect,Item 3 — Evaluation. A Bidder asked whether the technical and commercial weighting would be revised. The Technical Director stated that ‘the weighting is expect
ADD-01,ADD-01:AppB/item-4-local-content,4,no_effect,minutes declared non-binding by ADD-01:3.2; recorded as context only,no_effect,Item 4 — Local content. A Bidder raised difficulty in obtaining a Local Content Certificate within the programme. The Authority undertook to review the requirem
ADD-01,ADD-01:AppB/item-5-effluent-standards,4,no_effect,minutes declared non-binding by ADD-01:3.2; recorded as context only,no_effect,Item 5 — Effluent standards. A Bidder asked whether the Table 2-4 limits were final. The Technical Director stated that the permit was under review by the regul
ADD-01,ADD-01:AppB/item-6-site-visit,4,no_effect,minutes declared non-binding by ADD-01:3.2; recorded as context only,no_effect,Item 6 — Site visit. Confirmed for the following day. Attendance optional.
ADD-01,ADD-01:AppB/item-7-close,4,no_effect,minutes declared non-binding by ADD-01:3.2; recorded as context only,no_effect,Item 7 — Close. Bidders were reminded of the blackout provisions at Volume I Clause 4.2.
ADD-02,ADD-02:cover/para1,1,no_effect,the addendum's issue date line (used as the stage date),no_effect,Issued 22 October 2026
ADD-02,ADD-02:cover/para2,1,no_effect,recital or cover text; changes nothing by itself,no_effect,Tender NUPA/ISTP/2026/014
ADD-02,ADD-02:cover/para3,1,op,,ADD-02/cover/para3,"This Addendum amends the page limit, reissues the technical evaluation table, amends Volume II Clauses 4.4 and Table 2-4, adds Form 4-G, amends Volume V Clause "
ADD-02,ADD-02:1.1,1,no_effect,recital or cover text; changes nothing by itself,no_effect,This Addendum is issued under Volume I Clause 5.3 and takes precedence over Addendum No. 1 in accordance with Volume I Clause 3.2.
ADD-02,ADD-02:2.1,1,op,,ADD-02/2.1,"In Volume I Clause 9.2, ‘one hundred and twenty (120) pages’ is deleted and ‘one hundred and fifty (150) pages’ is substituted."
ADD-02,ADD-02:3.1,1,op,,ADD-02/3.1,Table 1-1 of Volume I is deleted and replaced by the table below. The marks available for criterion D are increased and those for criterion B reduced correspond
ADD-02,ADD-02:T1-1-rev/A,1,op,,ADD-02/3.1,"Ref: A | Criterion: Process design, treatment performance and compliance with Volume II | Marks: 25"
ADD-02,ADD-02:T1-1-rev/B,1,op,,ADD-02/3.1,"Ref: B | Criterion: Construction methodology, programme and interface management | Marks: 15"
ADD-02,ADD-02:T1-1-rev/C,1,op,,ADD-02/3.1,Ref: C | Criterion: Operations and maintenance philosophy and lifecycle strategy | Marks: 20
ADD-02,ADD-02:T1-1-rev/D,1,op,,ADD-02/3.1,Ref: D | Criterion: Environmental and social management | Marks: 20
ADD-02,ADD-02:T1-1-rev/E,1,op,,ADD-02/3.1,"Ref: E | Criterion: Organisation, key personnel and consortium governance | Marks: 10"
ADD-02,ADD-02:T1-1-rev/F,1,op,,ADD-02/3.1,"Ref: F | Criterion: Health, safety and security of supply | Marks: 10"
ADD-02,ADD-02:T1-1-rev/total,1,op,,ADD-02/3.1,Criterion: Total | Marks: 100
ADD-02,ADD-02:T1-1-rev/notes,1,no_effect,introduces the notes to the revised table; each note has its own entry,no_effect,Notes to Table 1-1 (revised):
ADD-02,ADD-02:T1-1-rev/note(1),1,op,,ADD-02/T1-1-rev/note(1),(1)  The technical score threshold in Volume I Clause 11.3 is unchanged at seventy (70) marks.
ADD-02,ADD-02:T1-1-rev/note(2),1,op,,ADD-02/T1-1-rev/note(2),(2)  The combined score weighting stated in Volume I Clause 11.2 is amended to sixty-five per cent (65%) technical and thirty-five per cent (35%) commercial.
ADD-02,ADD-02:T1-1-rev/note(3),1,op,,ADD-02/T1-1-rev/note(3),(3)  Marks are awarded on the Authority's standard five-point scale and multiplied by the weight shown.
ADD-02,ADD-02:4.1,1,op,,ADD-02/4.1,"In Volume II Clause 4.4, ‘seventy-two (72) hours’ is deleted and ‘ninety-six (96) hours’ is substituted."
ADD-02,ADD-02:5.1,1,op,,ADD-02/5.1; ADD-02/5.1/unchanged,"In Volume II Table 2-4, the limit for Total Nitrogen (TN) is amended from the value shown to 3 mg/l, assessed on the same basis. All other parameters in Table 2"
ADD-02,ADD-02:5.2,1,op,,ADD-02/5.2,Bidders shall reflect the amended limit in the process design submitted under Volume II Section 3.
ADD-02,ADD-02:Q7,2,op,,ADD-02/Q7,No: 7 | Bidder question: Volume I Clause 12.1 states the concession runs from PCOD. Volume V Clause 3.1 states it runs from the Effective Date. Which applies? |
ADD-02,ADD-02:Q8,2,op,,ADD-02/Q8,No: 8 | Bidder question: Is the Bid Bond amount a percentage of the bid price? | Authority response: No. The amount is fixed and stated in Volume I Clause 6.4.
ADD-02,ADD-02:Q9,2,op,,ADD-02/Q9,No: 9 | Bidder question: May Form 4-C be submitted in English with an Arabic translation? | Authority response: No. Form 4-C shall be completed in Arabic. An En
ADD-02,ADD-02:Q10,2,op,,ADD-02/Q10,No: 10 | Bidder question: Is a parent company guarantee also required from the O&M Operator? | Authority response: No. Volume I Clause 8.7 requires a Parent Com
ADD-02,ADD-02:Q11,2,op,,ADD-02/Q11,"No: 11 | Bidder question: Table 2-6 shows a peak hourly flow of 7,500 m³/h against a daily average of 120,000 m³/day. Please confirm. | Authority response: Bidd"
ADD-02,ADD-02:Q12,2,op,,ADD-02/Q12,No: 12 | Bidder question: Are the deductions under Volume V Clause 31 capped? | Authority response: The Authority refers Bidders to the wording of Clause 31.2.
ADD-02,ADD-02:Q13,2,op,,ADD-02/Q13,No: 13 | Bidder question: Will the Authority extend the Financial Close long-stop date? | Authority response: The periods in Volume I Clause 12.2 are unchanged.
ADD-02,ADD-02:Q14,2,op,,ADD-02/Q14,No: 14 | Bidder question: May an alternative technical solution be submitted alone? | Authority response: No. Volume I Clause 10.5 applies.
ADD-02,ADD-02:7.1,3,op,,ADD-02/7.1,"A new Form 4-G is added to Volume IV and to the list at Volume I Clause 9.1, to be inserted after item (e)."
ADD-02,ADD-02:7.2,3,op,,ADD-02/7.2,Form 4-G shall be completed and submitted with Envelope A. Failure to submit Form 4-G shall render the Proposal non-responsive.
ADD-02,ADD-02:F4-G/T1/1,3,op,,ADD-02/7.1,Item: 1 | Undertaking: The operational technology environment will be segregated from any business network in accordance with Volume II Clause 6.2. | Confirmed:
ADD-02,ADD-02:F4-G/T1/2,3,op,,ADD-02/7.1,Item: 2 | Undertaking: An information security management system covering the operational technology environment will be implemented before commissioning. | Con
ADD-02,ADD-02:F4-G/T1/3,3,op,,ADD-02/7.1,Item: 3 | Undertaking: A named accountable security officer will be appointed for the concession period. | Confirmed: Yes / No
ADD-02,ADD-02:F4-G/T1/4,3,op,,ADD-02/7.1,Item: 4 | Undertaking: Security incidents affecting the Facility will be notified to the Authority within twenty-four (24) hours of detection. | Confirmed: Yes 
ADD-02,ADD-02:F4-G/T1/5,3,op,,ADD-02/7.1,Item: 5 | Undertaking: An independent penetration test of the operational technology environment will be carried out annually and the report provided to the Aut
ADD-02,ADD-02:F4-G/T1/6,3,op,,ADD-02/7.1,Item: 6 | Undertaking: Remote access to the control system will require multi-factor authentication and will be logged. | Confirmed: Yes / No
ADD-02,ADD-02:F4-G/para1,3,op,,ADD-02/7.1,Signed for and on behalf of the Bidder: _______________________ Name: _______________________ Date: ____________
ADD-02,ADD-02:8.1,3,op,,ADD-02/8.1,"In Volume V Clause 36.2, ‘SAR 5,000,000’ is deleted and ‘SAR 2,500,000’ is substituted."
ADD-02,ADD-02:9.1,3,op,,ADD-02/9.1,"Volume I Clause 8.6, deleted by Addendum No. 1 Section 4, is reinstated in the following amended form: ‘8.6  The Bidder shall submit a Local Content Certificate"
ADD-02,ADD-02:9.2,3,op,,ADD-02/9.2,Section 4.2 of Addendum No. 1 ceases to have effect.
