stage,op,type,target,change,provision,valid,withdrawn,applied,failed_checks,review,origin,issue
ADD-01,ADD-01/cover/para3,annotate,ADD-01:cover/para3,adds_obligation — Front matter: 'Bidders shall acknowledge receipt in Form 4-A.' The rest of the paragraph …,ADD-01:cover/para3,TRUE,FALSE,TRUE,,proposed (not reviewed),assistant,
ADD-01,ADD-01/2.1,replace_text,VOL-I:6.1,'Thursday 12 November 2026' -> 'Thursday 26 November 2026',ADD-01:2.1,TRUE,FALSE,TRUE,,proposed (not reviewed),pattern,
ADD-01,ADD-01/2.2,annotate,"VOL-I:5.2, VOL-I:6.3, VOL-I:7.1, VOL-I:8.5#fn12",interprets — Re-anchoring rule: every period calculated from the Proposal Due Date moves with it ('inc…,ADD-01:2.2,TRUE,FALSE,TRUE,,proposed (not reviewed),assistant,
ADD-01,ADD-01/3.1,annotate,ADD-01:3.1,adds_obligation — New obligation with a deadline: notify within five Working Days of this Addendum if atten…,ADD-01:3.1,TRUE,FALSE,TRUE,,proposed (not reviewed),assistant,
ADD-01,ADD-01/3.2,annotate,VOL-I:5.3,confirms — Minutes at Appendix B are a record only and do not bind unless confirmed in the body of a…,ADD-01:3.2,TRUE,FALSE,TRUE,,proposed (not reviewed),assistant,
ADD-01,ADD-01/4.1,set_status,VOL-I:8.6,DELETED,ADD-01:4.1,TRUE,FALSE,TRUE,,proposed (not reviewed),pattern,
ADD-01,ADD-01/4.2,annotate,ADD-01:4.2,interprets; mentions of 'Local Content Certificate': [] — Rule: references to a Local Content Certificate elsewhere are to be disregarded. The engi…,ADD-01:4.2,TRUE,FALSE,TRUE,,proposed (not reviewed),assistant,
ADD-01,ADD-01/5.1,append_text,VOL-II:5.3,None,ADD-01:5.1,TRUE,FALSE,TRUE,,proposed (not reviewed),pattern,
ADD-01,ADD-01/Q1,annotate,VOL-II:3.1,interprets — No process train is mandated (an MBR is not required); any process meeting Table 2-4 unde…,ADD-01:Q1,TRUE,FALSE,TRUE,,proposed (not reviewed),assistant,
ADD-01,ADD-01/Q2,annotate,VOL-I:9.2,interprets — Answer: the page limit applies to the narrative only; Form Sheets and permitted appendice…,ADD-01:Q2,TRUE,FALSE,TRUE,,proposed (not reviewed),assistant,
ADD-01,ADD-01/Q3,annotate,VOL-I:6.4,interprets — A foreign bank's branch may issue the Bid Bond only if licensed in the Kingdom and the is…,ADD-01:Q3,TRUE,FALSE,TRUE,,proposed (not reviewed),assistant,
ADD-01,ADD-01/Q4,annotate,ADD-01:Q4,adds_obligation — Bidders bear the ground-condition risk at the wadi crossing and must satisfy themselves; …,ADD-01:Q4,TRUE,FALSE,TRUE,,proposed (not reviewed),assistant,the geotechnical report and the wadi-crossing drawing (Volume III) are referenced but not supplied
ADD-01,ADD-01/Q5,annotate,VOL-I:8.5#fn12,interprets — A reference plant under construction does not count: commercial operation must have been …,ADD-01:Q5,TRUE,FALSE,TRUE,,proposed (not reviewed),assistant,
ADD-01,ADD-01/Q6,annotate,"VOL-V:29.1, VOL-V:29.2, VOL-V:29.3, VOL-V:29.4, VOL-V:29.5",interprets — Offtake volume is not guaranteed; the payment mechanism is availability based and does no…,ADD-01:Q6,TRUE,FALSE,TRUE,,proposed (not reviewed),assistant,
ADD-01,ADD-01/AppA/para1,replace_unit,VOL-IV:F4-A,replaced by ADD-01:AppA (10 units),ADD-01:AppA/para1,TRUE,FALSE,TRUE,,proposed (not reviewed),pattern,the reissued form may differ from the original in more than its stated purpose; compare
ADD-02,ADD-02/cover/para3,annotate,ADD-02:cover/para3,adds_obligation — Front matter: 'Bidders shall acknowledge receipt in Form 4-A.' The rest of the paragraph …,ADD-02:cover/para3,TRUE,FALSE,TRUE,,proposed (not reviewed),assistant,
ADD-02,ADD-02/2.1,replace_text,VOL-I:9.2,'one hundred and twenty (120) pages' -> 'one hundred and fifty (150) pages',ADD-02:2.1,TRUE,FALSE,TRUE,,proposed (not reviewed),pattern,
ADD-02,ADD-02/3.1,replace_unit,VOL-I:T1-1,replaced by ADD-02:T1-1-rev (8 units),ADD-02:3.1,TRUE,FALSE,TRUE,,proposed (not reviewed),pattern,
ADD-02,ADD-02/T1-1-rev/note(1),annotate,VOL-I:11.3,confirms,ADD-02:T1-1-rev/note(1),TRUE,FALSE,TRUE,,proposed (not reviewed),pattern,
ADD-02,ADD-02/T1-1-rev/note(2),replace_text,VOL-I:11.2,'sixty per cent (60%) technical and forty per cent (40%) com…' -> 'sixty-five per cent (65%) technical and thirty-five per cen…',ADD-02:T1-1-rev/note(2),TRUE,FALSE,TRUE,,proposed (not reviewed),pattern,the addendum restates the value without quoting the old words; the old words were located in the target by shape and need a person's check
ADD-02,ADD-02/T1-1-rev/note(3),annotate,ADD-02:T1-1-rev,interprets — New scoring method for the reissued Table 1-1: marks on a 'standard five-point scale' mul…,ADD-02:T1-1-rev/note(3),TRUE,FALSE,TRUE,,proposed (not reviewed),assistant,"the 'standard five-point scale' is not defined in the pack and the table shows Marks, not weights"
ADD-02,ADD-02/4.1,replace_text,VOL-II:4.4,'seventy-two (72) hours' -> 'ninety-six (96) hours' [same words also in VOL-V:31.3: not targeted],ADD-02:4.1,TRUE,FALSE,TRUE,,proposed (not reviewed),pattern,
ADD-02,ADD-02/5.1,set_value,VOL-II:T2-4/TN,Limit: 5 -> 3,ADD-02:5.1,TRUE,FALSE,TRUE,,proposed (not reviewed),pattern,
ADD-02,ADD-02/5.2,annotate,VOL-II:S3,adds_obligation — The amended TN limit must be reflected in the process design submitted under Volume II Se…,ADD-02:5.2,TRUE,FALSE,TRUE,,proposed (not reviewed),assistant,
ADD-02,ADD-02/Q7,annotate,"VOL-I:12.1, VOL-V:3.1, VOL-I:3.2",confirms — The Authority directs Bidders to the order of precedence at VOL-I 3.2 for the VOL-I 12.1 …,ADD-02:Q7,TRUE,FALSE,TRUE,,proposed (not reviewed),assistant,"follow-up only (clarification CQ-CONCESSION-TERM): Volume V is left unamended, so whether VOL-V 3.1 not listed in Form 4-E would be taken as accepted under the Volume V note, and how 'the term' in VOL-V 3.2 and 42.2 reads, remain; a legal and commercial question for people"
ADD-02,ADD-02/Q8,annotate,VOL-I:6.4,confirms — The Bid Bond amount is fixed (not a percentage of the bid price).,ADD-02:Q8,TRUE,FALSE,TRUE,,proposed (not reviewed),assistant,
ADD-02,ADD-02/Q9,annotate,VOL-IV:F4-C,confirms — Form 4-C shall be completed in Arabic; an English translation may be attached for conveni…,ADD-02:Q9,TRUE,FALSE,TRUE,,proposed (not reviewed),assistant,
ADD-02,ADD-02/Q10,annotate,VOL-I:8.7,confirms — A Parent Company Guarantee is required only from the ultimate parent of the EPC Contracto…,ADD-02:Q10,TRUE,FALSE,TRUE,,proposed (not reviewed),assistant,
ADD-02,ADD-02/Q11,annotate,VOL-II:4.2,confirms — Bidders shall design to the figures stated in Volume II; VOL-II 4.2 applies (the Project …,ADD-02:Q11,TRUE,FALSE,TRUE,,proposed (not reviewed),assistant,"follow-up only (clarification CQ-DWF-STORM-FLOW): 'dry weather flow' in Table 2-6 row 2-6.4 is not defined, so the storm flow to be passed to full treatment is unclear"
ADD-02,ADD-02/Q12,annotate,VOL-V:31.2,"confirms — The Authority refers Bidders to VOL-V 31.2, which states deductions are not capped.",ADD-02:Q12,TRUE,FALSE,TRUE,,proposed (not reviewed),assistant,
ADD-02,ADD-02/Q13,annotate,VOL-I:12.2,confirms — The Commercial Close and Financial Close periods in VOL-I 12.2 are unchanged.,ADD-02:Q13,TRUE,FALSE,TRUE,,proposed (not reviewed),assistant,
ADD-02,ADD-02/Q14,annotate,VOL-I:10.5,confirms — An alternative technical solution may not be submitted alone; VOL-I 10.5 applies.,ADD-02:Q14,TRUE,FALSE,TRUE,,proposed (not reviewed),assistant,
ADD-02,ADD-02/7.1,insert_unit,ADD-02:F4-G,inserted ADD-02:F4-G after VOL-I:9.1(e),ADD-02:7.1,TRUE,FALSE,TRUE,,proposed (not reviewed),pattern,re-lettering of the items after (e) is not stated
ADD-02,ADD-02/7.2,annotate,ADD-02:F4-G,adds_obligation — Form 4-G with Envelope A; failure to submit renders the Proposal non-responsive (explicit…,ADD-02:7.2,TRUE,FALSE,TRUE,,proposed (not reviewed),assistant,
ADD-02,ADD-02/8.1,replace_text,VOL-V:36.2,"'SAR 5,000,000' -> 'SAR 2,500,000'",ADD-02:8.1,TRUE,FALSE,TRUE,,proposed (not reviewed),pattern,
ADD-02,ADD-02/9.1,set_status,VOL-I:8.6,REINSTATED: 'The Bidder shall submit a Local Content Certificate issued by the competent aut…',ADD-02:9.1,TRUE,FALSE,TRUE,,proposed (not reviewed),pattern,
ADD-02,ADD-02/9.2,set_status,ADD-01:4.2,REVOKED,ADD-02:9.2,TRUE,FALSE,TRUE,,proposed (not reviewed),pattern,
ADD-03,ADD-03/cover/para3,annotate,ADD-03:cover/para3,adds_obligation — the addendum must be acknowledged in Form 4-A (the Proposal Due Date is stated to be unch…,ADD-03:cover/para3,TRUE,FALSE,TRUE,,proposed (not reviewed),pattern,
ADD-03,ADD-03/2.1,replace_text,VOL-I:6.1,'14:00 hours Riyadh time' -> '11:00 hours Riyadh time',ADD-03:2.1,TRUE,FALSE,TRUE,,proposed (not reviewed),pattern,
ADD-03,ADD-03/2.1(date),annotate,VOL-I:6.1,confirms — the date of Thursday 26 November 2026 (ADD-01 2.1) is not changed; only the time moves to…,ADD-03:2.1,TRUE,FALSE,TRUE,,proposed (not reviewed),assistant,
ADD-03,ADD-03/2.2,replace_text,ADD-01:2.1,'The time of 14:00 Riyadh time is unchanged.' -> '',ADD-03:2.2,TRUE,FALSE,TRUE,,proposed (not reviewed),assistant,
ADD-03,ADD-03/2.3,replace_text,VOL-I:App3/para1,"'Tender Box 4, Ground Floor, Northern Utilities Procurement …' -> 'Tender Box 2, First Floor, Northern Utilities Procurement A…'",ADD-03:2.3,TRUE,FALSE,TRUE,,proposed (not reviewed),assistant,"the reissued Form 4-A (ADD-01 App A) still prints 'Proposal Due Date: 12 November 2026, 14:00 Riyadh time': both its date and now its time differ from VOL-I 6.1 as amended"
ADD-03,ADD-03/2.4,insert_unit,,inserted  after VOL-I:6.7,ADD-03:2.4,TRUE,FALSE,TRUE,,proposed (not reviewed),pattern,
ADD-03,ADD-03/3.1,replace_text,VOL-I:7.1,'one hundred and fifty (150) days' -> 'one hundred and eighty (180) days',ADD-03:3.1,TRUE,FALSE,TRUE,,proposed (not reviewed),pattern,
ADD-03,ADD-03/3.2,replace_text,VOL-I:6.3,'one hundred and eighty (180) days' -> 'two hundred and ten (210) days' [same words also in VOL-I:7.1: not targeted],ADD-03:3.2,TRUE,FALSE,TRUE,,proposed (not reviewed),pattern,
ADD-03,ADD-03/3.3,annotate,VOL-IV:F4-A,interprets — 'Paragraph 2 of Form 4-A shall be read accordingly': paragraph 2 of Form 4-A as issued co…,ADD-03:3.3,TRUE,FALSE,TRUE,,proposed (not reviewed),assistant,"ADD-03 3.3 refers to paragraph 2 of Form 4-A, which exists only in the form as originally issued; the reissued form (ADD-01 App A) has no paragraph 2 (see also I-F4A-FIELDS)"
ADD-03,ADD-03/4.1,replace_text,VOL-I:10.3,"', and shall be accompanied by an opinion from an independen…' -> ''",ADD-03:4.1,TRUE,FALSE,TRUE,,proposed (not reviewed),assistant,
ADD-03,ADD-03/4.2,insert_unit,,inserted  after VOL-I:12.4,ADD-03:4.2,TRUE,FALSE,TRUE,,proposed (not reviewed),pattern,
ADD-03,ADD-03/4.3(a),set_status,VOL-IV:F4-F/model-auditor,DELETED,ADD-03:4.3,TRUE,FALSE,TRUE,,proposed (not reviewed),assistant,
ADD-03,ADD-03/4.3(b),set_status,VOL-IV:F4-F/date-of-model-audit-opinion,DELETED,ADD-03:4.3,TRUE,FALSE,TRUE,,proposed (not reviewed),assistant,
ADD-03,ADD-03/5.1,replace_text,VOL-II:3.5,'45 dB(A) by night' -> '40 dB(A) by night',ADD-03:5.1,TRUE,FALSE,TRUE,,proposed (not reviewed),pattern,
ADD-03,ADD-03/5.1(day),annotate,VOL-II:3.5,confirms — the daytime limit (55 dB(A)) is unchanged,ADD-03:5.1,TRUE,FALSE,TRUE,,proposed (not reviewed),assistant,
ADD-03,ADD-03/5.2(a),set_status,ADD-02:4.1,REVOKED,ADD-03:5.2,TRUE,FALSE,TRUE,,proposed (not reviewed),assistant,
ADD-03,ADD-03/5.2(b),replace_text,VOL-II:4.4,'ninety-six (96) hours' -> 'seventy-two (72) hours',ADD-03:5.2,TRUE,FALSE,TRUE,,proposed (not reviewed),assistant,
ADD-03,ADD-03/5.3,replace_text,VOL-II:8.4,'22% dry solids' -> '25% dry solids',ADD-03:5.3,TRUE,FALSE,TRUE,,proposed (not reviewed),pattern,
ADD-03,ADD-03/5.3(b),replace_text,VOL-II:8.4,'Disposal to landfill of sludge exceeding 500 tonnes per ann…' -> 'No sludge shall be disposed of to landfill without the Auth…',ADD-03:5.3,TRUE,FALSE,TRUE,,proposed (not reviewed),assistant,
ADD-03,ADD-03/6.1,replace_unit,VOL-II:T2-2,replaced by ADD-03:T2-2-rev (8 units),ADD-03:6.1,TRUE,FALSE,TRUE,,proposed (not reviewed),assistant,the process design basis changes (nitrogen load and minimum temperature); rows citing Table 2-2 are re-read at this stage
ADD-03,ADD-03/6.2,annotate,ADD-03:6.2,adds_obligation — the process design submitted under Volume II Section 3 must reflect Table 2-2 (revised),ADD-03:6.2,TRUE,FALSE,TRUE,,proposed (not reviewed),assistant,
ADD-03,ADD-03/7.1,annotate,"VOL-I:9.1(e)+ADD-02, VOL-I:9.1(f), VOL-I:9.1(g), VOL-I:9.1(h), VOL-I:9.1(i)",renumbers — RE-LETTERING: Form 4-G (inserted by ADD-02 7.1 after item (e)) is item (f); former (f) to…,ADD-03:7.1,TRUE,FALSE,TRUE,,proposed (not reviewed),assistant,
ADD-03,ADD-03/7.2,annotate,ADD-03:7.2,"adds_obligation — Form 4-G is added to the Index of Forms (the Volume IV cover table, VOL-IV:cover/T1) as '…",ADD-03:7.2,TRUE,FALSE,TRUE,,proposed (not reviewed),assistant,"the entry is given in prose, so it is recorded as an annotation, not as a new row of the index table; the cover line 'Forms 4-A to 4-F' is not amended"
ADD-03,ADD-03/Q15(a),set_status,ADD-01:Q3,REVOKED,ADD-03:Q15,TRUE,FALSE,TRUE,,proposed (not reviewed),assistant,
ADD-03,ADD-03/Q15(b),annotate,VOL-I:6.4,adds_obligation — the Bid Bond must be issued by a bank incorporated in the Kingdom meeting the VOL-I 6.4 r…,ADD-03:Q15,TRUE,FALSE,TRUE,,proposed (not reviewed),assistant,"a clarification answer narrows VOL-I 6.4 ('a bank licensed to operate in the Kingdom') to a bank incorporated in the Kingdom: a substantive change made in an answer, not in the body of an Addendum"
ADD-03,ADD-03/Q16,annotate,VOL-I:9.1,"adds_obligation — a Power of Attorney executed outside the Kingdom must, besides notarisation, be legalised…",ADD-03:Q16,TRUE,FALSE,TRUE,,proposed (not reviewed),assistant,"the answer cites the list by its re-lettered letter: read as issued, item (i) is the Section 8 certificates, not the Powers of Attorney"
ADD-03,ADD-03/Q17,annotate,VOL-I:8.7,confirms — no guarantee or other security is required for the O&M Operator; the Parent Company Guara…,ADD-03:Q17,TRUE,FALSE,TRUE,,proposed (not reviewed),assistant,
ADD-03,ADD-03/Q19,annotate,"VOL-V:3.1, VOL-I:12.1",confirms — no amendment: the Authority 'intends to address the commencement of the term in the execu…,ADD-03:Q19,TRUE,FALSE,TRUE,,proposed (not reviewed),assistant,
ADD-03,ADD-03/Q20,annotate,"VOL-I:6.5, VOL-I:10.1","adds_obligation — the Financial Model goes on a second, separate encrypted USB in Envelope B; the VOL-I 6.5…",ADD-03:Q20,TRUE,FALSE,TRUE,,proposed (not reviewed),assistant,"a submission rule (a second USB, passwords after the deadline) set in a clarification answer; VOL-I 6.5 still reads 'one (1) searchable electronic copy'"
ADD-03,ADD-03/Q21,annotate,ADD-03:2.1,confirms — the date for receipt of Proposals is not extended (the time moves to 11:00 under Section …,ADD-03:Q21,TRUE,FALSE,TRUE,,proposed (not reviewed),assistant,
ADD-03,ADD-03/T2-2-rev/note(4),replace_text,VOL-II:2.3,'50% of nominal capacity' -> '25% of nominal capacity',ADD-03:T2-2-rev/note(4),TRUE,FALSE,TRUE,,proposed (not reviewed),pattern,
