document_activity,document,envelope,finish,status,clause,open_issues
bond-issue,Bid Bond (original),A,2026-11-09,"final on 2026-11-09, before Form 4-E starts on 2026-11-19, but not linked: a later change to it would not reach Form 4-E",VOL-I 9.6 ('A Proposal that states ‘no deviations’ in Form 4-E while containing a qualification elsewhere in the Proposal shall be treated as non-responsive.'); VOL-I 9.1(g) ('(g) the Bid Bond;'),I-NO-CONSEQUENCE
completion-certs,Client completion certificate (one per reference project),A,2026-11-11,"final on 2026-11-11, before Form 4-E starts on 2026-11-19, but not linked: a later change to it would not reach Form 4-E",VOL-I 9.6 ('A Proposal that states ‘no deviations’ in Form 4-E while containing a qualification elsewhere in the Proposal shall be treated as non-responsive.'); VOL-I 9.1(b) ('(b) Form 4-B — Reference Projects Schedule (one per reference project);'),I-VOL-I-ENV-A-PRICES; I-BIDDER-FACTS
fin-standing,Financial standing evidence (audited accounts of each member and the combined calculation),A,2026-11-02,"final on 2026-11-02, before Form 4-E starts on 2026-11-19, but not linked: a later change to it would not reach Form 4-E",VOL-I 9.6 ('A Proposal that states ‘no deviations’ in Form 4-E while containing a qualification elsewhere in the Proposal shall be treated as non-responsive.'); VOL-I 9.1(i) ('(i) the certificates and evidence required under Section 8.'),I-NO-CONSEQUENCE; I-BIDDER-FACTS
form-4a,Form 4-A (signed),A,2026-11-05,"final on 2026-11-05, before Form 4-E starts on 2026-11-19, but not linked: a later change to it would not reach Form 4-E",VOL-I 9.6 ('A Proposal that states ‘no deviations’ in Form 4-E while containing a qualification elsewhere in the Proposal shall be treated as non-responsive.'); VOL-I 9.1(a) ('(a) Form 4-A — Proposal Submission Letter;'),I-F4A-FIELDS; I-NO-CONSEQUENCE
form-4b,Form 4-B (one per reference project),A,2026-11-12,"final on 2026-11-12, before Form 4-E starts on 2026-11-19, but not linked: a later change to it would not reach Form 4-E",VOL-I 9.6 ('A Proposal that states ‘no deviations’ in Form 4-E while containing a qualification elsewhere in the Proposal shall be treated as non-responsive.'); VOL-I 9.1(b) ('(b) Form 4-B — Reference Projects Schedule (one per reference project);'),I-VOL-I-ENV-A-PRICES; I-BIDDER-FACTS; I-NO-CONSEQUENCE; I-F4A-FIELDS
form-4c-sign,"Form 4-C (Arabic, one per member)",A,2026-11-09,"final on 2026-11-09, before Form 4-E starts on 2026-11-19, but not linked: a later change to it would not reach Form 4-E",VOL-I 9.6 ('A Proposal that states ‘no deviations’ in Form 4-E while containing a qualification elsewhere in the Proposal shall be treated as non-responsive.'); VOL-I 9.1(c) ('(c) Form 4-C — Conflict of Interest and Debarment Declaration;'),I-NO-CONSEQUENCE; I-BIDDER-FACTS; I-READING-F4C; I-F4C-EXCLUSION; I-F4A-FIELDS
form-4g-sign,Form 4-G (signed),A,2026-11-05,"final on 2026-11-05, before Form 4-E starts on 2026-11-19, but not linked: a later change to it would not reach Form 4-E",VOL-I 9.6 ('A Proposal that states ‘no deviations’ in Form 4-E while containing a qualification elsewhere in the Proposal shall be treated as non-responsive.'); VOL-I 9.1(e)+ADD-02 ('FORM 4-G — CYBERSECURITY COMPLIANCE UNDERTAKING'),I-F4G-LETTERING; I-F4G-NO; I-NO-CONSEQUENCE; I-F4A-FIELDS
investment-licence,Investment licence evidence or signed undertaking (one per foreign member),A,2026-11-11,"final on 2026-11-11, before Form 4-E starts on 2026-11-19, but not linked: a later change to it would not reach Form 4-E",VOL-I 9.6 ('A Proposal that states ‘no deviations’ in Form 4-E while containing a qualification elsewhere in the Proposal shall be treated as non-responsive.'); VOL-I 9.1(i) ('(i) the certificates and evidence required under Section 8.'),I-NO-CONSEQUENCE; I-BIDDER-FACTS
iso-copy,ISO 9001:2015 certificate copy,A,2026-10-25,"final on 2026-10-25, before Form 4-E starts on 2026-11-19, but not linked: a later change to it would not reach Form 4-E",VOL-I 9.6 ('A Proposal that states ‘no deviations’ in Form 4-E while containing a qualification elsewhere in the Proposal shall be treated as non-responsive.'); VOL-I 9.1(i) ('(i) the certificates and evidence required under Section 8.'),I-NO-CONSEQUENCE
lcc-certificate,Local Content Certificate,A,2026-12-09,"NOT CHECKABLE: final on 2026-12-09, after Form 4-E starts on 2026-11-19",VOL-I 9.6 ('A Proposal that states ‘no deviations’ in Form 4-E while containing a qualification elsewhere in the Proposal shall be treated as non-responsive.'); VOL-I 9.1(i) ('(i) the certificates and evidence required under Section 8.'),I-LCC-ISSUER
om-evidence,O&M Operator experience evidence,A,2026-11-04,"final on 2026-11-04, before Form 4-E starts on 2026-11-19, but not linked: a later change to it would not reach Form 4-E",VOL-I 9.6 ('A Proposal that states ‘no deviations’ in Form 4-E while containing a qualification elsewhere in the Proposal shall be treated as non-responsive.'); VOL-I 9.1(i) ('(i) the certificates and evidence required under Section 8.'),I-NO-CONSEQUENCE; I-BIDDER-FACTS
pcg-execution,Form 4-D Parent Company Guarantee (executed original),A,2026-11-18,"final on 2026-11-18, before Form 4-E starts on 2026-11-19, but not linked: a later change to it would not reach Form 4-E",VOL-I 9.6 ('A Proposal that states ‘no deviations’ in Form 4-E while containing a qualification elsewhere in the Proposal shall be treated as non-responsive.'); VOL-I 9.1(d) ('(d) Form 4-D — Parent Company Guarantee (executed);'),I-NO-CONSEQUENCE; I-F4D-WORDING
poa,Notarised Power of Attorney (one per signatory),A,2026-11-04,checked (finalised before Form 4-E),VOL-I 9.6 ('A Proposal that states ‘no deviations’ in Form 4-E while containing a qualification elsewhere in the Proposal shall be treated as non-responsive.'); VOL-I 9.1(h) ('(h) notarised Powers of Attorney for each signatory;'),I-NO-CONSEQUENCE; I-BIDDER-FACTS; I-F4A-FIELDS
references,Evidence of commercial operation (one per reference plant),A,2026-11-04,"final on 2026-11-04, before Form 4-E starts on 2026-11-19, but not linked: a later change to it would not reach Form 4-E",VOL-I 9.6 ('A Proposal that states ‘no deviations’ in Form 4-E while containing a qualification elsewhere in the Proposal shall be treated as non-responsive.'); VOL-I 9.1(i) ('(i) the certificates and evidence required under Section 8.'),
technical-proposal,Technical Proposal narrative (page limit per VOL-I 9.2 as amended),A,2026-11-18,checked (finalised before Form 4-E),VOL-I 9.6 ('A Proposal that states ‘no deviations’ in Form 4-E while containing a qualification elsewhere in the Proposal shall be treated as non-responsive.'); VOL-I 9.1(f) ('(f) the Technical Proposal narrative;'),I-PERMIT; I-READING-T24; I-VOL-IV-SCALE; I-VOL-I-APPENDICES; I-VOL-I-PAGE-LIMIT-Q2; I-NO-CONSEQUENCE; I-CONCESSION; I-VOL-II-MISSING; I-VOL-II-T24-TENSIONS; I-VOL-II-AT-ALL-TIMES; I-FLOWS; I-VOL-III; I-VOL-II-COMPLIANCE-POINT
fin-assumptions,Schedule of principal financing assumptions,B,2026-11-16,"final on 2026-11-16, before Form 4-E starts on 2026-11-19, but not linked: a later change to it would not reach Form 4-E","VOL-I 9.6 ('A Proposal that states ‘no deviations’ in Form 4-E while containing a qualification elsewhere in the Proposal shall be treated as non-responsive.'); VOL-I 10.6 ('The Bidder shall submit with Form 4-F a schedule of the principal financing assumptions underlying the Availability Payment, including the a')",I-NO-CONSEQUENCE; I-VOL-I-ENV-B
fin-model-freeze,"Financial Model (unlocked Excel, frozen version)",B,2026-11-12,"final on 2026-11-12, before Form 4-E starts on 2026-11-19, but not linked: a later change to it would not reach Form 4-E","VOL-I 9.6 ('A Proposal that states ‘no deviations’ in Form 4-E while containing a qualification elsewhere in the Proposal shall be treated as non-responsive.'); VOL-I 10.3 ('The Financial Model shall be submitted in unlocked, fully formula-linked Microsoft Excel format, without macros and without hard-coded value')",I-NO-CONSEQUENCE; I-VOL-I-ENV-B; I-VOL-I-FILE-NAMES
form-4f,Form 4-F Financial Proposal Schedule (signed),B,2026-11-23,"NOT CHECKABLE: final on 2026-11-23, after Form 4-E starts on 2026-11-19",VOL-I 9.6 ('A Proposal that states ‘no deviations’ in Form 4-E while containing a qualification elsewhere in the Proposal shall be treated as non-responsive.'); VOL-I 10.1 ('Envelope B shall contain only (a) Form 4-F (Financial Proposal Schedule) and (b) the Financial Model. No other document shall be placed in E'),I-NO-CONSEQUENCE; I-VOL-I-ENV-B; I-F4A-FIELDS
model-audit-opinion,Independent model auditor's opinion (original),B,2026-11-19,"NOT CHECKABLE: final on 2026-11-19, after Form 4-E starts on 2026-11-19","VOL-I 9.6 ('A Proposal that states ‘no deviations’ in Form 4-E while containing a qualification elsewhere in the Proposal shall be treated as non-responsive.'); VOL-I 10.3 ('The Financial Model shall be submitted in unlocked, fully formula-linked Microsoft Excel format, without macros and without hard-coded value')",I-NO-CONSEQUENCE; I-VOL-I-ENV-B
