item,issuer,owner,lead_time_wd,lead_time_assumption,multiplicity,drop_dead_start,needed_by,activity,req_ids,flags
Local Content Certificate,Competent authority (not named in the pack),Commercial,30,lcc_certificate,,2026-10-13,2026-11-23,lcc-certificate,VOL-I-8.6-01,INFEASIBLE by 7 WD (latest start 2026-10-13 is before the status date 2026-10-22; not compressed)
Technical Proposal narrative (page limit per VOL-I 9.2),Bidder,Technical,20,technical_proposal,,2026-10-27,2026-11-23,technical-proposal,VOL-II-4.4-01; VOL-II-T2-4-TN,IMAGE READING PENDING (VOL-II-T2-4-TN)
Reference evidence and completion certificates,Reference plant owners,Technical,10,reference_evidence,"x2 (reference_plants_offered, assumption)",2026-11-10,2026-11-23,references,VOL-I-8.5-01,
Notarised Power of Attorney,Notary,Legal,5,poa_notarisation,,2026-11-16,2026-11-22,poa,VOL-I-9.3-01,
Bid Bond (original),Issuing bank,Commercial,3,bid_bond_issue,,2026-11-19,2026-11-23,bond-issue,VOL-I-6.3-01; VOL-I-6.4-01; VOL-I-6.4-02,
"Form 4-C (Arabic, one per member)",Each member's authorised signatory,Legal,3,form_4c_member_sign,"x3 (members, assumption)",2026-11-19,2026-11-23,form-4c-sign,VOL-I-9.4-01; VOL-IV-F4C-04; VOL-IV-F4C-N1,IMAGE READING PENDING (VOL-I-9.4-01); IMAGE READING PENDING (VOL-IV-F4C-04); IMAGE READING PENDING (VOL-IV-F4C-N1)
ISO 9001:2015 certificate copy,EPC Contractor (accredited certification body),Technical,2,iso_certificate_copy,,2026-11-22,2026-11-23,iso-copy,VOL-I-8.3-01,REQUIREMENT STALE (VOL-I-8.3-01)
Form 4-A (signed),PoA holder,Legal,1,form_4a_signature,,2026-11-23,2026-11-23,form-4a,VOL-I-7.1-01; VOL-I-9.3-01; VOL-IV-F4A-01,
Form 4-G (signed),Bidder,Technical,1,form_4g_signature,,2026-11-23,2026-11-23,form-4g-sign,ADD-02-7.2-01; ADD-02-F4G-01,
"Sealed Envelopes A and B (1 original, 3 copies, encrypted USB)",Bidder,Bid management,1,delivery,,2026-11-26,2026-11-26,deliver,VOL-I-6.1-01,
