id,name,req_ids,owner,issuer,duration_wd,duration_assumption,duration_basis,multiplicity,predecessors,latest_start,latest_finish,deadline,status,flags
lcc-ratio,Compute the construction-phase local content ratio,VOL-I-8.6-01,Commercial,Bidder,5,lcc_ratio_calc,ASSUMPTION (Commercial): compute the construction-phase local content ratio; not stated,,,2026-10-06,2026-10-12,,INFEASIBLE by 12 WD,INFEASIBLE by 12 WD (latest start 2026-10-06 is before the status date 2026-10-22; not compressed)
attendance-notice,"If the attendance record is wrong, notify the Authority through the Portal",ADD-01-3.1-01; VOL-I-5.4-01,Bid management,Bidder,2,clarification_drafting,ASSUMPTION (Bid management): draft and submit clarification requests through the Portal; not stated,,,2026-10-13,2026-10-14,ATTENDANCE-NOTICE = 2026-10-14 (from ADD-01-3.1-01),DEADLINE PASSED,DEADLINE PASSED (ATTENDANCE-NOTICE = 2026-10-14 is before the status date 2026-10-22; record whether it was done)
lcc-certificate,Obtain the Local Content Certificate from the competent authority,VOL-I-8.6-01,Commercial,Competent authority (not named in the pack),30,lcc_certificate,ASSUMPTION (Commercial): issuing authority not named and no lead time stated; the (non-binding) minutes record bidders' difficulty obtaining it 'within the programme'; set deliberately long until the owner confirms,,lcc-ratio,2026-10-13,2026-11-23,,INFEASIBLE by 7 WD,INFEASIBLE by 7 WD (latest start 2026-10-13 is before the status date 2026-10-22; not compressed)
technical-proposal,Write the Technical Proposal narrative (process design to the effective TN limit; standby power duration),VOL-II-4.4-01; VOL-II-T2-4-TN,Technical,Bidder,20,technical_proposal,ASSUMPTION (Technical): narrative incl. process design to the amended TN limit and standby power; not stated,,,2026-10-27,2026-11-23,,OK,IMAGE READING PENDING (VOL-II-T2-4-TN)
bond-approval,Obtain bank approval for the Bid Bond,VOL-I-6.3-01; VOL-I-6.4-01; VOL-I-6.4-02,Commercial,"Bank licensed in the Kingdom, rated A- or better",10,bid_bond_bank_approval,ASSUMPTION (Commercial): bank credit approval for a SAR 4.5m first-demand bond; not stated,,,2026-11-05,2026-11-18,,OK,
references,Collect commercial-operation evidence for the reference plants (Form 4-B),VOL-I-8.5-01,Technical,Reference plant owners,10,reference_evidence,ASSUMPTION (Technical): commercial-operation evidence for two reference plants; not stated,"x2 (reference_plants_offered, assumption)",,2026-11-10,2026-11-23,,OK,
clarifications,Submit clarification requests (e.g. Form 4-A printed date and fields; Environmental Permit),VOL-I-5.2-01,Bid management,Bidder,2,clarification_drafting,ASSUMPTION (Bid management): draft and submit clarification requests through the Portal; not stated,,,2026-11-11,2026-11-12,CLARIFICATION-CUTOFF = 2026-11-12 (from VOL-I-5.2-01),OK,
form-4g-review,Review the six Form 4-G undertakings with the O&M and OT security leads,ADD-02-7.2-01; ADD-02-F4G-01,Technical,Bidder,5,form_4g_review,ASSUMPTION (Technical): review the six cybersecurity undertakings with the O&M and OT teams; not stated,,,2026-11-16,2026-11-22,,OK,
poa,Notarise the Power of Attorney from the lead member,VOL-I-9.3-01,Legal,Notary,5,poa_notarisation,ASSUMPTION (Legal): typical notarisation of a Power of Attorney; not stated in the pack,,,2026-11-16,2026-11-22,,OK,
form-4c-prep,Prepare Form 4-C in Arabic for each member,VOL-I-9.4-01; VOL-IV-F4C-04; VOL-IV-F4C-N1,Legal,Bidder,2,form_4c_arabic_prep,ASSUMPTION (Legal): prepare the Arabic form per member; not stated,,,2026-11-17,2026-11-18,,OK,IMAGE READING PENDING (VOL-I-9.4-01); IMAGE READING PENDING (VOL-IV-F4C-04); IMAGE READING PENDING (VOL-IV-F4C-N1)
bond-issue,Issue the Bid Bond (validity per VOL-I 6.3),VOL-I-6.3-01; VOL-I-6.4-01; VOL-I-6.4-02,Commercial,Issuing bank,3,bid_bond_issue,ASSUMPTION (Commercial): issue of the bond after approval; not stated,,bond-approval,2026-11-19,2026-11-23,,OK,
form-4c-sign,Sign and stamp Form 4-C at each member,VOL-I-9.4-01; VOL-IV-F4C-04; VOL-IV-F4C-N1,Legal,Each member's authorised signatory,3,form_4c_member_sign,"ASSUMPTION (Legal): signature and stamp at each member's office, members in parallel; not stated","x3 (members, assumption)",form-4c-prep,2026-11-19,2026-11-23,,OK,IMAGE READING PENDING (VOL-I-9.4-01); IMAGE READING PENDING (VOL-IV-F4C-04); IMAGE READING PENDING (VOL-IV-F4C-N1)
iso-copy,Obtain a copy of the EPC Contractor's current ISO 9001:2015 certificate,VOL-I-8.3-01,Technical,EPC Contractor (accredited certification body),2,iso_certificate_copy,ASSUMPTION (Technical): copy of an existing certificate from the EPC Contractor; not stated,,,2026-11-22,2026-11-23,,OK,REQUIREMENT STALE (VOL-I-8.3-01)
form-4a,Complete and sign Form 4-A (decide the printed date with the bid manager),VOL-I-7.1-01; VOL-I-9.3-01; VOL-IV-F4A-01,Legal,PoA holder,1,form_4a_signature,ASSUMPTION (Legal): signature by the PoA holder; not stated,,poa,2026-11-23,2026-11-23,,OK,
form-4g-sign,Complete and sign Form 4-G,ADD-02-7.2-01; ADD-02-F4G-01,Technical,Bidder,1,form_4g_signature,ASSUMPTION (Technical): not stated,,form-4g-review,2026-11-23,2026-11-23,,OK,
assemble-envelope-a,Assemble Envelope A in the VOL-I 9.1 order (incl. Form 4-G after item (e)),VOL-I-6.1-01,Bid management,Bidder,2,envelope_assembly,"ASSUMPTION (Bid management): assemble, copy (1 original, 3 copies, USB), seal and mark envelopes; not stated",,bond-issue; form-4a; form-4c-sign; form-4g-sign; iso-copy; lcc-certificate; references; technical-proposal,2026-11-24,2026-11-25,,OK,
deliver,"Seal, mark and deliver Envelopes A and B to the Appendix 3 address",VOL-I-6.1-01,Bid management,Bidder,1,delivery,ASSUMPTION (Bid management): courier to the Appendix 3 address before 14:00 on the PDD; not stated,,assemble-envelope-a,2026-11-26,2026-11-26,PDD = 2026-11-26 (from VOL-I-6.1-01),OK,
