stage,kind,claim,op,provision,detail
ADD-01,understated,5,ADD-01/Q4,ADD-01:Q4,"'responds to clarification requests 1 to 6', but ADD-01/Q4 adds an obligation (ADD-01:Q4): 'The geotechnical report in the data room is provided for information. Bidders shall satisfy themselves as to ground conditions.'"
ADD-01,omitted,,ADD-01/3.1,ADD-01:3.1,ADD-01/3.1 adds an obligation (ADD-01:3.1); the summary does not mention it: 'The attendance record is held by the Authority. A Bidder that considers its attendance to have been incorrectly recorded shall notify the Authority through the Portal within five (5) Working Days of this Addendum.'
ADD-01,omitted,,ADD-01/AppA/para1,ADD-01:AppA/para1,ADD-01/AppA/para1 replaces VOL-IV:F4-A; the summary does not mention it: 'Form 4-A is reissued below to add the acknowledgement of Addenda at paragraph 1. Bidders shall use this version.'
ADD-02,consequence not mentioned,4,ADD-02/7.2,ADD-02:7.2,ADD-02:7.2 states 'Failure to submit Form 4-G shall render the Proposal non-responsive.'; the summary says only 'adds Form 4-G'
ADD-02,understated,6,ADD-02/9.1,ADD-02:9.1,"'reinstates Volume I Clause 8.6', but ADD-02/9.1 reinstates it in an amended form: 'The Bidder shall submit a Local Content Certificate issued by the competent authority evidencing a local content ratio of not less than thirty-five per cent (35%) for the construction phase. Failure …' (as issued: 'The Bidder shall submit a Local Content Certificate issued by the competent authority evidencing a local content ratio of not less than thirty per cent (30%) f…')"
ADD-02,consequence not mentioned,6,ADD-02/9.1,ADD-02:9.1,ADD-02:9.1 states 'Failure to submit the certificate shall render the Proposal non-responsive.'; the summary says only 'reinstates Volume I Clause 8.6'
ADD-02,omitted,,ADD-02/T1-1-rev/note(2),ADD-02:T1-1-rev/note(2),ADD-02/T1-1-rev/note(2) amends VOL-I:11.2; the summary does not mention it: '(2) The combined score weighting stated in Volume I Clause 11.2 is amended to sixty-five per cent (65%) technical and thirty-five per cent (35%) commercial.'
ADD-02,omitted,,ADD-02/5.2,ADD-02:5.2,ADD-02/5.2 adds an obligation (VOL-II:S3); the summary does not mention it: 'Bidders shall reflect the amended limit in the process design submitted under Volume II Section 3.'
ADD-02,omitted,,ADD-02/9.2,ADD-02:9.2,ADD-02/9.2 ends the effect of ADD-01:4.2; the summary does not mention it: 'Section 4.2 of Addendum No. 1 ceases to have effect.'
ADD-03,contradicted,3,ADD-03/4.1(a),ADD-03:4.1,"'replaces the fourth declaration in Form 4-C', but ADD-03/4.1(a) inserts new text after VOL-IV:F4-C/image/decl4"
ADD-03,contradicted,3,ADD-03/4.1(b),ADD-03:4.1,"'replaces the fourth declaration in Form 4-C', but ADD-03/4.1(b) deletes VOL-IV:F4-C/image/decl4"
ADD-03,contradicted,3,ADD-03/4.4,ADD-03:4.4,"'replaces the fourth declaration in Form 4-C', but ADD-03/4.4 adds an obligation (VOL-I:9.4, VOL-IV:F4-C)"
ADD-03,understated,7,ADD-03/Q15,ADD-03:Q15,"'responds to clarification requests 15 to 19', but ADD-03/Q15 adds text to ADD-02:Q9: 'Yes. The response to clarification request 9 in Addendum No. 2 is amended by adding at the end: ‘A member incorporated outside the Kingdom shall attach an English translation to its Form 4-C.’ The Arabic text of Form 4-C governs in accorda…'"
ADD-03,understated,7,ADD-03/Q15(b),ADD-03:Q15,"'responds to clarification requests 15 to 19', but ADD-03/Q15(b) adds an obligation (VOL-I:9.4): 'Yes. The response to clarification request 9 in Addendum No. 2 is amended by adding at the end: ‘A member incorporated outside the Kingdom shall attach an English translation to its Form 4-C.’ The Arabic text of Form 4-C governs in accorda…'"
ADD-03,understated,7,ADD-03/Q17,ADD-03:Q17,"'responds to clarification requests 15 to 19', but ADD-03/Q17 adds an obligation (VOL-I:8.1): 'Bidders are referred to Section 3 of this Addendum. An application for consent to the admission of the proposed O&M Operator as a member of a Bidder shall be submitted through the Portal not later than Sunday 22 November 2026.'"
ADD-03,omitted,,ADD-03/3.3,ADD-03:3.3,ADD-03/3.3 adds an obligation (ADD-03:3.2); the summary does not mention it: 'A Bidder that intends to apply under Section 3.2 shall notify the Authority of that intention through the Portal within five (5) Working Days of the date of this Addendum.'
ADD-03,omitted,,ADD-03/5.2,ADD-03:5.2,ADD-03/5.2 adds an obligation (VOL-II:S3); the summary does not mention it: 'Bidders shall reflect the amended limit in the process design submitted under Volume II Section 3.'
ADD-03,omitted,,ADD-03/6.1,ADD-03:6.1,"ADD-03/6.1 amends VOL-V:29.3; the summary does not mention it: 'In Volume V Clause 29.3, ‘ninety per cent (90%)’ is deleted and ‘eighty-five per cent (85%)’ is substituted. The duration of the Ramp-Up Period is unchanged.'"
ADD-03,omitted,,ADD-03/6.2(b),ADD-03:6.2,"ADD-03/6.2(b) deletes VOL-V:39.3; the summary does not mention it: 'Volume V Clause 31.4 is deleted in its entirety. Volume V Clause 39.3, which provides for termination for persistent breach in the circumstances described in Clause 31.4, is also deleted. The remaining Clauses of Volume V are not renumbere…'"
ADD-03,omitted,,ADD-03/7.2,ADD-03:7.2,ADD-03/7.2 adds an obligation (ADD-02:7.2); the summary does not mention it: 'Section 7.2 of Addendum No. 2 applies to the reissued Form 4-G. A Form 4-G that is not countersigned by the proposed O&M Operator shall be treated as not submitted.'
