activity,status,shortfall_wd,float_wd,earliest_start,latest_start,latest_finish,status_date,deadline,forward_chain,chain,lead_time_values,would_make_feasible,resource,req_ids
lcc-ratio,INFEASIBLE by 20 WD,20,-20,2026-11-03,2026-10-06,2026-10-12,2026-11-03,PDD = 2026-11-26,,lcc-ratio; lcc-certificate; assemble-envelope-a; copies; seal-and-mark; deliver,lcc_ratio_calc = 5 WD (PROVISIONAL ASSUMPTION; owner Commercial); lcc_certificate = 30 WD (PROVISIONAL ASSUMPTION; owner Commercial); envelope_assembly = 1 WD (PROVISIONAL ASSUMPTION; owner Bid management); copies_and_usb = 1 WD (PROVISIONAL ASSUMPTION; owner Bid management); seal_and_mark = 0 WD (PROVISIONAL ASSUMPTION; owner Bid management); delivery = 1 WD (PROVISIONAL ASSUMPTION; owner Bid management),"lcc_certificate <= 10 WD (now 30; PROVISIONAL ASSUMPTION, owner Commercial); not enough on its own (even at 0 WD): lcc_ratio_calc, envelope_assembly, copies_and_usb, seal_and_mark, delivery; PDD on or after 2026-12-24 (20 WD later; only the Authority can move a pack date, e.g. after a clarification request); start by 2026-10-06: already passed at the planning date 2026-11-03",commercial_manager,VOL-I-8.6-01
lcc-certificate,INFEASIBLE by 20 WD,20,-20,2026-11-10,2026-10-13,2026-11-23,2026-11-03,PDD = 2026-11-26,lcc-ratio,lcc-certificate; assemble-envelope-a; copies; seal-and-mark; deliver,lcc_certificate = 30 WD (PROVISIONAL ASSUMPTION; owner Commercial); lcc_ratio_calc = 5 WD (PROVISIONAL ASSUMPTION; owner Commercial); envelope_assembly = 1 WD (PROVISIONAL ASSUMPTION; owner Bid management); copies_and_usb = 1 WD (PROVISIONAL ASSUMPTION; owner Bid management); seal_and_mark = 0 WD (PROVISIONAL ASSUMPTION; owner Bid management); delivery = 1 WD (PROVISIONAL ASSUMPTION; owner Bid management),"lcc_certificate <= 10 WD (now 30; PROVISIONAL ASSUMPTION, owner Commercial); not enough on its own (even at 0 WD): lcc_ratio_calc, envelope_assembly, copies_and_usb, seal_and_mark, delivery; PDD on or after 2026-12-24 (20 WD later; only the Authority can move a pack date, e.g. after a clarification request); start by 2026-10-13: already passed at the planning date 2026-11-03",commercial_manager,VOL-I-8.6-01
pcg-wording,INFEASIBLE by 5 WD,5,-5,2026-11-03,2026-10-27,2026-11-09,2026-11-03,PDD = 2026-11-26,,pcg-wording; pcg-execution; assemble-envelope-a; copies; seal-and-mark; deliver,pcg_wording = 10 WD (PROVISIONAL ASSUMPTION; owner Legal); pcg_execution = 10 WD (PROVISIONAL ASSUMPTION; owner Legal); envelope_assembly = 1 WD (PROVISIONAL ASSUMPTION; owner Bid management); copies_and_usb = 1 WD (PROVISIONAL ASSUMPTION; owner Bid management); seal_and_mark = 0 WD (PROVISIONAL ASSUMPTION; owner Bid management); delivery = 1 WD (PROVISIONAL ASSUMPTION; owner Bid management),"pcg_wording <= 5 WD (now 10; PROVISIONAL ASSUMPTION, owner Legal); pcg_execution <= 5 WD (now 10; PROVISIONAL ASSUMPTION, owner Legal); not enough on its own (even at 0 WD): envelope_assembly, copies_and_usb, seal_and_mark, delivery; PDD on or after 2026-12-03 (5 WD later; only the Authority can move a pack date, e.g. after a clarification request); start by 2026-10-27: already passed at the planning date 2026-11-03",legal_counsel,VOL-I-8.7-01; VOL-IV-F4D-01; VOL-IV-F4D-02; VOL-IV-F4D-03; VOL-IV-F4D-04; VOL-IV-F4D-05; VOL-IV-F4D-06; VOL-IV-F4D-07; VOL-IV-F4D-08
poa-resolutions,INFEASIBLE by 5 WD,5,-5,2026-11-03,2026-10-27,2026-11-02,2026-11-03,PDD = 2026-11-26,,poa-resolutions; poa; poa-legalise; assemble-envelope-a; copies; seal-and-mark; deliver,poa_board_resolutions = 5 WD (PROVISIONAL ASSUMPTION; owner Legal); poa_notarisation = 5 WD (PROVISIONAL ASSUMPTION; owner Legal); poa_legalisation = 10 WD (PROVISIONAL ASSUMPTION; owner Legal); envelope_assembly = 1 WD (PROVISIONAL ASSUMPTION; owner Bid management); copies_and_usb = 1 WD (PROVISIONAL ASSUMPTION; owner Bid management); seal_and_mark = 0 WD (PROVISIONAL ASSUMPTION; owner Bid management); delivery = 1 WD (PROVISIONAL ASSUMPTION; owner Bid management),"poa_notarisation <= 0 WD (now 5; PROVISIONAL ASSUMPTION, owner Legal); poa_legalisation <= 5 WD (now 10; PROVISIONAL ASSUMPTION, owner Legal); not enough on its own (even at 0 WD): poa_board_resolutions, envelope_assembly, copies_and_usb, seal_and_mark, delivery; PDD on or after 2026-12-03 (5 WD later; only the Authority can move a pack date, e.g. after a clarification request); start by 2026-10-27: already passed at the planning date 2026-11-03",legal_counsel,ADD-03-Q16-01; VOL-I-9.1h-01; VOL-I-9.3-01
technical-proposal,INFEASIBLE by 5 WD,5,-5,2026-11-03,2026-10-27,2026-11-23,2026-11-03,PDD = 2026-11-26,,technical-proposal; assemble-envelope-a; copies; seal-and-mark; deliver,technical_proposal = 20 WD (PROVISIONAL ASSUMPTION; owner Technical); envelope_assembly = 1 WD (PROVISIONAL ASSUMPTION; owner Bid management); copies_and_usb = 1 WD (PROVISIONAL ASSUMPTION; owner Bid management); seal_and_mark = 0 WD (PROVISIONAL ASSUMPTION; owner Bid management); delivery = 1 WD (PROVISIONAL ASSUMPTION; owner Bid management),"technical_proposal <= 15 WD (now 20; PROVISIONAL ASSUMPTION, owner Technical); not enough on its own (even at 0 WD): envelope_assembly, copies_and_usb, seal_and_mark, delivery; PDD on or after 2026-12-03 (5 WD later; only the Authority can move a pack date, e.g. after a clarification request); start by 2026-10-27: already passed at the planning date 2026-11-03",proposal_writers,ADD-02-5.2-01; ADD-02-T1-1-N3-01; ADD-03-6.2-01; ADD-03-T22n3-01; VOL-I-11.3-01; VOL-I-9.2-01; VOL-I-9.7-01; VOL-I-T1-1-A; VOL-I-T1-1-B; VOL-I-T1-1-C; VOL-I-T1-1-D; VOL-I-T1-1-E; VOL-I-T1-1-F; VOL-II-1.1-01; VOL-II-1.2-01; VOL-II-1.3-01; VOL-II-1.4-01; VOL-II-2.1-01; VOL-II-2.2-01; VOL-II-2.2-02; VOL-II-2.3-01; VOL-II-2.4-01; VOL-II-2.5-01; VOL-II-3.1-01; VOL-II-3.2-01; VOL-II-3.2-02; VOL-II-3.3-01; VOL-II-3.4-01; VOL-II-3.5-01; VOL-II-4.1-01; VOL-II-4.3-01; VOL-II-4.3-02; VOL-II-4.4-01; VOL-II-4.4-02; VOL-II-4.5-01; VOL-II-5.1-01; VOL-II-5.2-01; VOL-II-5.2-02; VOL-II-5.3-01; VOL-II-5.3-02; VOL-II-5.4-01; VOL-II-5.4-02; VOL-II-5.5-01; VOL-II-5.5-02; VOL-II-6.1-01; VOL-II-6.1-02; VOL-II-6.2-01; VOL-II-6.3-01; VOL-II-6.3-02; VOL-II-6.4-01; VOL-II-6.4-02; VOL-II-7.1-01; VOL-II-7.2-01; VOL-II-7.4-01; VOL-II-8.1-01; VOL-II-8.2-01; VOL-II-8.3-01; VOL-II-8.3-02; VOL-II-8.4-01; VOL-II-8.4-02; VOL-II-8.5-01; VOL-II-8.5-02; VOL-II-9.1-01; VOL-II-9.1-02; VOL-II-9.2-01; VOL-II-9.3-01; VOL-II-9.4-01; VOL-II-9.5-01; VOL-II-T2-4-BOD5; VOL-II-T2-4-COD; VOL-II-T2-4-FaecalColiforms; VOL-II-T2-4-NOTE1; VOL-II-T2-4-OilGrease; VOL-II-T2-4-ResidualChlorine; VOL-II-T2-4-TN; VOL-II-T2-4-TP; VOL-II-T2-4-TSS; VOL-II-T2-4-Turbidity; VOL-II-T2-4-pH; VOL-II-T2-6-1; VOL-II-T2-6-2; VOL-II-T2-6-3; VOL-II-T2-6-4; VOL-II-T2-6-5; VOL-II-T2-6-6
fin-model-build,INFEASIBLE by 3 WD,3,-3,2026-11-03,2026-10-29,2026-11-18,2026-11-03,PDD = 2026-11-26,,fin-model-build; fin-model-freeze; fin-assumptions; assemble-envelope-b; copies; seal-and-mark; deliver,fin_model_build = 15 WD (PROVISIONAL ASSUMPTION; owner Commercial); fin_model_freeze = 1 WD (PROVISIONAL ASSUMPTION; owner Commercial); fin_assumptions_schedule = 2 WD (PROVISIONAL ASSUMPTION; owner Commercial); envelope_assembly = 1 WD (PROVISIONAL ASSUMPTION; owner Bid management); copies_and_usb = 1 WD (PROVISIONAL ASSUMPTION; owner Bid management); seal_and_mark = 0 WD (PROVISIONAL ASSUMPTION; owner Bid management); delivery = 1 WD (PROVISIONAL ASSUMPTION; owner Bid management),"fin_model_build <= 12 WD (now 15; PROVISIONAL ASSUMPTION, owner Commercial); not enough on its own (even at 0 WD): fin_model_freeze, fin_assumptions_schedule, envelope_assembly, copies_and_usb, seal_and_mark, delivery; PDD on or after 2026-12-01 (3 WD later; only the Authority can move a pack date, e.g. after a clarification request); start by 2026-10-29: already passed at the planning date 2026-11-03",financial_modeller,ADD-03-Q20-01; VOL-I-10.1-01; VOL-I-10.3-01; VOL-IV-F4F-02
poa,INFEASIBLE by 5 WD,5,-5,2026-11-10,2026-11-03,2026-11-09,2026-11-03,PDD = 2026-11-26,poa-resolutions,poa; poa-legalise; assemble-envelope-a; copies; seal-and-mark; deliver,poa_notarisation = 5 WD (PROVISIONAL ASSUMPTION; owner Legal); poa_board_resolutions = 5 WD (PROVISIONAL ASSUMPTION; owner Legal); poa_legalisation = 10 WD (PROVISIONAL ASSUMPTION; owner Legal); envelope_assembly = 1 WD (PROVISIONAL ASSUMPTION; owner Bid management); copies_and_usb = 1 WD (PROVISIONAL ASSUMPTION; owner Bid management); seal_and_mark = 0 WD (PROVISIONAL ASSUMPTION; owner Bid management); delivery = 1 WD (PROVISIONAL ASSUMPTION; owner Bid management),"poa_notarisation <= 0 WD (now 5; PROVISIONAL ASSUMPTION, owner Legal); poa_legalisation <= 5 WD (now 10; PROVISIONAL ASSUMPTION, owner Legal); not enough on its own (even at 0 WD): poa_board_resolutions, envelope_assembly, copies_and_usb, seal_and_mark, delivery; PDD on or after 2026-12-03 (5 WD later; only the Authority can move a pack date, e.g. after a clarification request); the chain before it (poa-resolutions) cannot finish before its latest start 2026-11-03; earliest start 2026-11-10",legal_counsel,ADD-03-Q16-01; VOL-I-9.1h-01; VOL-I-9.3-01
pcg-execution,INFEASIBLE by 5 WD,5,-5,2026-11-17,2026-11-10,2026-11-23,2026-11-03,PDD = 2026-11-26,pcg-wording,pcg-execution; assemble-envelope-a; copies; seal-and-mark; deliver,pcg_execution = 10 WD (PROVISIONAL ASSUMPTION; owner Legal); pcg_wording = 10 WD (PROVISIONAL ASSUMPTION; owner Legal); envelope_assembly = 1 WD (PROVISIONAL ASSUMPTION; owner Bid management); copies_and_usb = 1 WD (PROVISIONAL ASSUMPTION; owner Bid management); seal_and_mark = 0 WD (PROVISIONAL ASSUMPTION; owner Bid management); delivery = 1 WD (PROVISIONAL ASSUMPTION; owner Bid management),"pcg_execution <= 5 WD (now 10; PROVISIONAL ASSUMPTION, owner Legal); pcg_wording <= 5 WD (now 10; PROVISIONAL ASSUMPTION, owner Legal); not enough on its own (even at 0 WD): envelope_assembly, copies_and_usb, seal_and_mark, delivery; PDD on or after 2026-12-03 (5 WD later; only the Authority can move a pack date, e.g. after a clarification request); the chain before it (pcg-wording) cannot finish before its latest start 2026-11-10; earliest start 2026-11-17",legal_counsel,VOL-I-8.7-01; VOL-IV-F4D-01; VOL-IV-F4D-02; VOL-IV-F4D-03; VOL-IV-F4D-04; VOL-IV-F4D-05; VOL-IV-F4D-06; VOL-IV-F4D-07; VOL-IV-F4D-08
poa-legalise,INFEASIBLE by 5 WD,5,-5,2026-11-17,2026-11-10,2026-11-23,2026-11-03,PDD = 2026-11-26,poa-resolutions; poa,poa-legalise; assemble-envelope-a; copies; seal-and-mark; deliver,poa_legalisation = 10 WD (PROVISIONAL ASSUMPTION; owner Legal); poa_board_resolutions = 5 WD (PROVISIONAL ASSUMPTION; owner Legal); poa_notarisation = 5 WD (PROVISIONAL ASSUMPTION; owner Legal); envelope_assembly = 1 WD (PROVISIONAL ASSUMPTION; owner Bid management); copies_and_usb = 1 WD (PROVISIONAL ASSUMPTION; owner Bid management); seal_and_mark = 0 WD (PROVISIONAL ASSUMPTION; owner Bid management); delivery = 1 WD (PROVISIONAL ASSUMPTION; owner Bid management),"poa_legalisation <= 5 WD (now 10; PROVISIONAL ASSUMPTION, owner Legal); poa_notarisation <= 0 WD (now 5; PROVISIONAL ASSUMPTION, owner Legal); not enough on its own (even at 0 WD): poa_board_resolutions, envelope_assembly, copies_and_usb, seal_and_mark, delivery; PDD on or after 2026-12-03 (5 WD later; only the Authority can move a pack date, e.g. after a clarification request); the chain before it (poa-resolutions -> poa) cannot finish before its latest start 2026-11-10; earliest start 2026-11-17",legal_counsel,ADD-03-Q16-01; VOL-I-9.1h-01; VOL-I-9.3-01
fin-model-freeze,INFEASIBLE by 3 WD,3,-3,2026-11-24,2026-11-19,2026-11-19,2026-11-03,PDD = 2026-11-26,fin-model-build,fin-model-freeze; fin-assumptions; assemble-envelope-b; copies; seal-and-mark; deliver,fin_model_freeze = 1 WD (PROVISIONAL ASSUMPTION; owner Commercial); fin_model_build = 15 WD (PROVISIONAL ASSUMPTION; owner Commercial); fin_assumptions_schedule = 2 WD (PROVISIONAL ASSUMPTION; owner Commercial); envelope_assembly = 1 WD (PROVISIONAL ASSUMPTION; owner Bid management); copies_and_usb = 1 WD (PROVISIONAL ASSUMPTION; owner Bid management); seal_and_mark = 0 WD (PROVISIONAL ASSUMPTION; owner Bid management); delivery = 1 WD (PROVISIONAL ASSUMPTION; owner Bid management),"fin_model_build <= 12 WD (now 15; PROVISIONAL ASSUMPTION, owner Commercial); not enough on its own (even at 0 WD): fin_model_freeze, fin_assumptions_schedule, envelope_assembly, copies_and_usb, seal_and_mark, delivery; PDD on or after 2026-12-01 (3 WD later; only the Authority can move a pack date, e.g. after a clarification request); the chain before it (fin-model-build) cannot finish before its latest start 2026-11-19; earliest start 2026-11-24",financial_modeller,ADD-03-Q20-01; VOL-I-10.1-01; VOL-I-10.3-01; VOL-IV-F4F-02
fin-assumptions,INFEASIBLE by 3 WD,3,-3,2026-11-25,2026-11-22,2026-11-23,2026-11-03,PDD = 2026-11-26,fin-model-build; fin-model-freeze,fin-assumptions; assemble-envelope-b; copies; seal-and-mark; deliver,fin_assumptions_schedule = 2 WD (PROVISIONAL ASSUMPTION; owner Commercial); fin_model_build = 15 WD (PROVISIONAL ASSUMPTION; owner Commercial); fin_model_freeze = 1 WD (PROVISIONAL ASSUMPTION; owner Commercial); envelope_assembly = 1 WD (PROVISIONAL ASSUMPTION; owner Bid management); copies_and_usb = 1 WD (PROVISIONAL ASSUMPTION; owner Bid management); seal_and_mark = 0 WD (PROVISIONAL ASSUMPTION; owner Bid management); delivery = 1 WD (PROVISIONAL ASSUMPTION; owner Bid management),"fin_model_build <= 12 WD (now 15; PROVISIONAL ASSUMPTION, owner Commercial); not enough on its own (even at 0 WD): fin_assumptions_schedule, fin_model_freeze, envelope_assembly, copies_and_usb, seal_and_mark, delivery; PDD on or after 2026-12-01 (3 WD later; only the Authority can move a pack date, e.g. after a clarification request); the chain before it (fin-model-build -> fin-model-freeze) cannot finish before its latest start 2026-11-22; earliest start 2026-11-25",commercial_manager,VOL-I-10.6-01
form-4f,INFEASIBLE by 3 WD,3,-3,2026-11-25,2026-11-22,2026-11-23,2026-11-03,PDD = 2026-11-26,fin-model-build; fin-model-freeze,form-4f; assemble-envelope-b; copies; seal-and-mark; deliver,form_4f_preparation = 2 WD (PROVISIONAL ASSUMPTION; owner Commercial); fin_model_build = 15 WD (PROVISIONAL ASSUMPTION; owner Commercial); fin_model_freeze = 1 WD (PROVISIONAL ASSUMPTION; owner Commercial); envelope_assembly = 1 WD (PROVISIONAL ASSUMPTION; owner Bid management); copies_and_usb = 1 WD (PROVISIONAL ASSUMPTION; owner Bid management); seal_and_mark = 0 WD (PROVISIONAL ASSUMPTION; owner Bid management); delivery = 1 WD (PROVISIONAL ASSUMPTION; owner Bid management),"fin_model_build <= 12 WD (now 15; PROVISIONAL ASSUMPTION, owner Commercial); not enough on its own (even at 0 WD): form_4f_preparation, fin_model_freeze, envelope_assembly, copies_and_usb, seal_and_mark, delivery; PDD on or after 2026-12-01 (3 WD later; only the Authority can move a pack date, e.g. after a clarification request); the chain before it (fin-model-build -> fin-model-freeze) cannot finish before its latest start 2026-11-22; earliest start 2026-11-25",commercial_manager,VOL-I-10.1-01; VOL-I-10.2-01; VOL-I-10.4-01; VOL-I-10.5-01; VOL-IV-F4F-01; VOL-IV-F4F-02
assemble-envelope-a,INFEASIBLE by 20 WD,20,-20,2026-12-22,2026-11-24,2026-11-24,2026-11-03,PDD = 2026-11-26,lcc-ratio; lcc-certificate,assemble-envelope-a; copies; seal-and-mark; deliver,envelope_assembly = 1 WD (PROVISIONAL ASSUMPTION; owner Bid management); lcc_ratio_calc = 5 WD (PROVISIONAL ASSUMPTION; owner Commercial); lcc_certificate = 30 WD (PROVISIONAL ASSUMPTION; owner Commercial); copies_and_usb = 1 WD (PROVISIONAL ASSUMPTION; owner Bid management); seal_and_mark = 0 WD (PROVISIONAL ASSUMPTION; owner Bid management); delivery = 1 WD (PROVISIONAL ASSUMPTION; owner Bid management),"not enough on its own (even at 0 WD): envelope_assembly, lcc_ratio_calc, lcc_certificate, copies_and_usb, seal_and_mark, delivery; PDD on or after 2026-12-24 (20 WD later; only the Authority can move a pack date, e.g. after a clarification request); the chain before it (lcc-ratio -> lcc-certificate) cannot finish before its latest start 2026-11-24; earliest start 2026-12-22",document_controller,ADD-03-6.8-01; ADD-03-Q20-02; VOL-I-6.1-01; VOL-I-6.2-01; VOL-I-9.1-01; VOL-I-App3-01
assemble-envelope-b,INFEASIBLE by 3 WD,3,-3,2026-11-29,2026-11-24,2026-11-24,2026-11-03,PDD = 2026-11-26,fin-model-build; fin-model-freeze; form-4f,assemble-envelope-b; copies; seal-and-mark; deliver,envelope_assembly = 1 WD (PROVISIONAL ASSUMPTION; owner Bid management); fin_model_build = 15 WD (PROVISIONAL ASSUMPTION; owner Commercial); fin_model_freeze = 1 WD (PROVISIONAL ASSUMPTION; owner Commercial); form_4f_preparation = 2 WD (PROVISIONAL ASSUMPTION; owner Commercial); copies_and_usb = 1 WD (PROVISIONAL ASSUMPTION; owner Bid management); seal_and_mark = 0 WD (PROVISIONAL ASSUMPTION; owner Bid management); delivery = 1 WD (PROVISIONAL ASSUMPTION; owner Bid management),"fin_model_build <= 12 WD (now 15; PROVISIONAL ASSUMPTION, owner Commercial); not enough on its own (even at 0 WD): envelope_assembly, fin_model_freeze, form_4f_preparation, copies_and_usb, seal_and_mark, delivery; PDD on or after 2026-12-01 (3 WD later; only the Authority can move a pack date, e.g. after a clarification request); the chain before it (fin-model-build -> fin-model-freeze -> form-4f) cannot finish before its latest start 2026-11-24; earliest start 2026-11-29",document_controller,ADD-03-6.8-01; ADD-03-Q20-02; VOL-I-6.1-01; VOL-I-6.2-01; VOL-I-9.1-01; VOL-I-App3-01
copies,INFEASIBLE by 20 WD,20,-20,2026-12-23,2026-11-25,2026-11-25,2026-11-03,PDD = 2026-11-26,lcc-ratio; lcc-certificate; assemble-envelope-a,copies; seal-and-mark; deliver,copies_and_usb = 1 WD (PROVISIONAL ASSUMPTION; owner Bid management); lcc_ratio_calc = 5 WD (PROVISIONAL ASSUMPTION; owner Commercial); lcc_certificate = 30 WD (PROVISIONAL ASSUMPTION; owner Commercial); envelope_assembly = 1 WD (PROVISIONAL ASSUMPTION; owner Bid management); seal_and_mark = 0 WD (PROVISIONAL ASSUMPTION; owner Bid management); delivery = 1 WD (PROVISIONAL ASSUMPTION; owner Bid management),"not enough on its own (even at 0 WD): copies_and_usb, lcc_ratio_calc, lcc_certificate, envelope_assembly, seal_and_mark, delivery; PDD on or after 2026-12-24 (20 WD later; only the Authority can move a pack date, e.g. after a clarification request); the chain before it (lcc-ratio -> lcc-certificate -> assemble-envelope-a) cannot finish before its latest start 2026-11-25; earliest start 2026-12-23",document_controller,ADD-03-6.8-01; ADD-03-Q20-01; ADD-03-Q20-02; VOL-I-6.1-01; VOL-I-6.2-01; VOL-I-6.5-01; VOL-I-6.5-02; VOL-I-9.1-01; VOL-I-App3-01
seal-and-mark,INFEASIBLE by 20 WD,20,-20,2026-12-23,2026-11-25,2026-11-25,2026-11-03,PDD = 2026-11-26,lcc-ratio; lcc-certificate; assemble-envelope-a; copies,seal-and-mark; deliver,seal_and_mark = 0 WD (PROVISIONAL ASSUMPTION; owner Bid management); lcc_ratio_calc = 5 WD (PROVISIONAL ASSUMPTION; owner Commercial); lcc_certificate = 30 WD (PROVISIONAL ASSUMPTION; owner Commercial); envelope_assembly = 1 WD (PROVISIONAL ASSUMPTION; owner Bid management); copies_and_usb = 1 WD (PROVISIONAL ASSUMPTION; owner Bid management); delivery = 1 WD (PROVISIONAL ASSUMPTION; owner Bid management),"not enough on its own (even at 0 WD): seal_and_mark, lcc_ratio_calc, lcc_certificate, envelope_assembly, copies_and_usb, delivery; PDD on or after 2026-12-24 (20 WD later; only the Authority can move a pack date, e.g. after a clarification request); the chain before it (lcc-ratio -> lcc-certificate -> assemble-envelope-a -> copies) cannot finish before its latest start 2026-11-25; earliest start 2026-12-23",document_controller,ADD-03-6.8-01; ADD-03-Q20-02; VOL-I-6.1-01; VOL-I-6.2-01; VOL-I-9.1-01; VOL-I-App3-01
deliver,INFEASIBLE by 20 WD,20,-20,2026-12-24,2026-11-26,2026-11-26,2026-11-03,PDD = 2026-11-26,lcc-ratio; lcc-certificate; assemble-envelope-a; copies; seal-and-mark,deliver,delivery = 1 WD (PROVISIONAL ASSUMPTION; owner Bid management); lcc_ratio_calc = 5 WD (PROVISIONAL ASSUMPTION; owner Commercial); lcc_certificate = 30 WD (PROVISIONAL ASSUMPTION; owner Commercial); envelope_assembly = 1 WD (PROVISIONAL ASSUMPTION; owner Bid management); copies_and_usb = 1 WD (PROVISIONAL ASSUMPTION; owner Bid management); seal_and_mark = 0 WD (PROVISIONAL ASSUMPTION; owner Bid management),"not enough on its own (even at 0 WD): delivery, lcc_ratio_calc, lcc_certificate, envelope_assembly, copies_and_usb, seal_and_mark; PDD on or after 2026-12-24 (20 WD later; only the Authority can move a pack date, e.g. after a clarification request); the chain before it (lcc-ratio -> lcc-certificate -> assemble-envelope-a -> copies -> seal-and-mark) cannot finish before its latest start 2026-11-26; earliest start 2026-12-24",document_controller,ADD-03-6.8-01; ADD-03-Q20-02; VOL-I-6.1-01; VOL-I-6.2-01; VOL-I-9.1-01; VOL-I-App3-01
