evidence,name,envelope,kind,issuer,per,multiplicity,multiplicity_basis,marked_originals,hard_copies,physical_count,electronic_copy,usb,req_ids,activities,source,flags
EV-ATTENDANCE,Pre-Bid Conference attendance; notice if the attendance record is wrong,none,action,Bidder,proposal,1,one per proposal,0,0,0,no,,ADD-01-3.1-01; VOL-I-5.4-01,attendance-notice,VOL-I:5.4; ADD-01:3.1,
EV-BID-BOND,"Bid Bond (SAR 4,500,000, first demand)",A,document,Bank licensed in the Kingdom meeting the VOL-I 6.4 rating,proposal,1,one per proposal,1,3,4,yes,,VOL-I-6.3-01; VOL-I-6.4-01; VOL-I-6.4-02,bond-approval; bond-issue,VOL-I:9.1(g); VOL-I:6.3; VOL-I:6.4,
EV-CLARIFICATIONS,"Clarification requests through the Portal (each citing Volume, Clause and page)",none,action,Bidder,proposal,1,one per proposal,0,0,0,no,,VOL-I-3.3-01; VOL-I-3.4-01; VOL-I-5.1-01; VOL-I-5.2-01; VOL-II-4.2-01,clarifications,VOL-I:5.1; VOL-I:5.2,
EV-COMPLETION-CERT,Client completion certificate for each reference project,A,document,Client of each reference plant,reference,2,bidder.reference_plants_offered = 2 (PROVISIONAL ASSUMPTION; owner reference_plants_offered: Technical),2,6,8,yes,,VOL-I-9.5-01,completion-certs,VOL-I:9.5,
EV-COPIES,"One marked original, three hard copies and an encrypted searchable USB copy, files named per Appendix 2",A+B,action,Bidder,proposal,1,one per proposal,0,0,0,no,,VOL-I-6.5-01; VOL-I-6.5-02,copies,VOL-I:6.5; VOL-I:App2/para1,
EV-DELIVERY,"Delivery of both sealed, marked envelopes to the Appendix 3 address before the deadline",A+B,action,Bidder (courier),proposal,1,one per proposal,0,0,0,no,,VOL-I-6.1-01; VOL-I-6.2-01; VOL-I-9.1-01; VOL-I-App3-01,assemble-envelope-a; assemble-envelope-b; copies; deliver; seal-and-mark,VOL-I:6.1; VOL-I:6.2; VOL-I:App3/para1,
EV-FIN-ASSUMPTIONS,"Schedule of principal financing assumptions (tenor, margin, gearing)",B,document,Bidder,proposal,1,one per proposal,1,3,4,yes,,VOL-I-10.6-01,fin-assumptions; lender-terms,VOL-I:10.6,"OPEN ISSUE: VOL-I:10.1 says Envelope B contains only the documents it lists; this item is required by VOL-I:10.6, so where it goes needs a clarification"
EV-FIN-MODEL,"Financial Model (unlocked Excel, no macros, no hard-coded calculation cells)",B,document,Bidder,proposal,1,one per proposal,1,3,4,yes,,VOL-I-10.1-01; VOL-I-10.3-01; VOL-IV-F4F-02,fin-model-build; fin-model-freeze,VOL-I:10.1; VOL-I:10.3,
EV-FIN-STANDING,Evidence of financial standing (net worth and other VOL-I 8.4 tests),A,document,Each member (audited accounts),member,3,bidder.members = 3 (PROVISIONAL ASSUMPTION; owner members: Bid manager),3,9,12,yes,,VOL-I-8.4-01; VOL-I-8.4-02,fin-standing; fin-statements,VOL-I:8.4; VOL-I:9.1(i),
EV-FORM-4A,Form 4-A Proposal Submission Letter (signed by the lead member's PoA holder),A,document,PoA holder of the lead member,proposal,1,one per proposal,1,3,4,yes,,ADD-01-AppA-01; VOL-I-7.1-01; VOL-I-9.3-01; VOL-IV-F4A-01; VOL-IV-F4A-02,form-4a,VOL-I:9.1(a); VOL-I:9.3,
EV-FORM-4B,Form 4-B Reference Projects Schedule (one per reference project),A,document,Bidder,reference,2,bidder.reference_plants_offered = 2 (PROVISIONAL ASSUMPTION; owner reference_plants_offered: Technical),2,6,8,yes,,VOL-I-9.5-01; VOL-IV-F4B-01,form-4b,VOL-I:9.1(b); VOL-I:9.5,
EV-FORM-4C,"Form 4-C Conflict of Interest and Debarment Declaration (Arabic, per member)",A,document,Authorised signatory of each member,member,3,bidder.members = 3 (PROVISIONAL ASSUMPTION; owner members: Bid manager),3,9,12,yes,,VOL-I-8.10-01; VOL-I-8.2-01; VOL-I-9.4-01; VOL-IV-F4C-01; VOL-IV-F4C-02; VOL-IV-F4C-03; VOL-IV-F4C-04; VOL-IV-F4C-05; VOL-IV-F4C-N1,form-4c-prep; form-4c-sign,VOL-I:9.1(c); VOL-I:9.4,
EV-FORM-4D,Form 4-D Parent Company Guarantee (executed),A,document,Ultimate parent of the EPC Contractor,epc_contractor,1,bidder.epc_contractors = 1 (PROVISIONAL ASSUMPTION; owner epc_contractors: Bid manager),1,3,4,yes,,VOL-I-8.7-01; VOL-IV-F4D-01; VOL-IV-F4D-02; VOL-IV-F4D-03; VOL-IV-F4D-04; VOL-IV-F4D-05; VOL-IV-F4D-06; VOL-IV-F4D-07; VOL-IV-F4D-08,pcg-execution; pcg-wording,VOL-I:9.1(d); VOL-I:8.7,
EV-FORM-4E,Form 4-E Schedule of Deviations,A,document,Bidder,proposal,1,one per proposal,1,3,4,yes,,VOL-I-9.6-01; VOL-IV-F4E-01; VOL-V-NOTE-01,deviations-review; form-4e,VOL-I:9.1(e); VOL-I:9.6,
EV-FORM-4F,"Form 4-F Financial Proposal Schedule (single Availability Payment, SAR p.a.)",B,document,Bidder,proposal,1,one per proposal,1,3,4,yes,,VOL-I-10.1-01; VOL-I-10.2-01; VOL-I-10.4-01; VOL-I-10.5-01; VOL-IV-F4F-01; VOL-IV-F4F-02,form-4f,VOL-I:10.1; VOL-I:10.2,
EV-FORM-4G,Form 4-G Cybersecurity Compliance Undertaking,A,document,Bidder,proposal,1,one per proposal,1,3,4,yes,,ADD-02-7.2-01; ADD-02-F4G-01; ADD-02-F4G-02; ADD-02-F4G-03; ADD-02-F4G-04,form-4g-review; form-4g-sign,ADD-02:7.1; ADD-02:7.2,
EV-GOOD-STANDING,Certificate of good standing for each member (issued within 30 days before the PDD),A,document,Each member's registering authority (not named),member,3,bidder.members = 3 (PROVISIONAL ASSUMPTION; owner members: Bid manager),3,9,12,yes,,ADD-03-3.1-01,good-standing,ADD-03:3.1,
EV-GROUND-DD,Ground-condition due diligence (Bidders satisfy themselves; the data-room geotechnical report is for information),none,action,Bidder,proposal,1,one per proposal,0,0,0,no,,ADD-01-Q4-01,ground-dd,ADD-01:Q4,
EV-INVESTMENT-LICENCE,Investment licence or signed undertaking for each foreign member,A,document,Licensing authority / each foreign member,member,3,bidder.members = 3 (PROVISIONAL ASSUMPTION; owner members: Bid manager),3,9,12,yes,,VOL-I-8.9-01,investment-licence,VOL-I:8.9,
EV-ISO,EPC Contractor's ISO 9001:2015 certificate,A,document,Accredited certification body,epc_contractor,1,bidder.epc_contractors = 1 (PROVISIONAL ASSUMPTION; owner epc_contractors: Bid manager),1,3,4,yes,,VOL-I-8.3-01,iso-copy,VOL-I:8.3; VOL-I:9.1(i),
EV-LCC,Local Content Certificate,A,document,Competent authority (not named in the pack),proposal,1,one per proposal,1,3,4,yes,,VOL-I-8.6-01,lcc-certificate; lcc-ratio,VOL-I:8.6 as amended,
EV-MODEL-AUDIT,Independent model auditor's opinion on the Financial Model,B,document,Independent model auditor,proposal,1,one per proposal,1,3,4,yes,,VOL-I-10.3-02,model-audit-opinion; model-audit-review; model-auditor-appoint,VOL-I:10.3,"OPEN ISSUE: VOL-I:10.1 says Envelope B contains only the documents it lists; this item is required by VOL-I:10.3, so where it goes needs a clarification"
EV-OM-EXPERIENCE,Evidence of the O&M Operator's operating experience,A,document,O&M Operator,om_operator,1,bidder.om_operators = 1 (PROVISIONAL ASSUMPTION; owner om_operators: Bid manager),1,3,4,yes,,VOL-I-8.8-01,om-evidence,VOL-I:8.8,
EV-POA,Notarised Power of Attorney for each signatory,A,document,Notary,signatory,3,"bidder.members = 3 x bidder.signatories_per_member = 1 (PROVISIONAL ASSUMPTION; owner members: Bid manager, signatories_per_member: Legal)",3,9,12,yes,,VOL-I-9.1h-01; VOL-I-9.3-01,poa; poa-resolutions,VOL-I:9.1(h); VOL-I:9.3,
EV-REFERENCES,Evidence of commercial operation of the reference plants,A,document,Reference plant owners,reference,2,bidder.reference_plants_offered = 2 (PROVISIONAL ASSUMPTION; owner reference_plants_offered: Technical),2,6,8,yes,,VOL-I-8.5-01,references,VOL-I:8.5; VOL-I:8.5#fn12,
EV-SPOC,"Single point of contact nominated, changes notified within 2 Working Days",none,action,Bidder,proposal,1,one per proposal,0,0,0,no,,VOL-I-4.3-01; VOL-I-4.4-01,spoc,VOL-I:4.3,
EV-TECH-PROPOSAL,Technical Proposal narrative (page limit per VOL-I 9.2),A,document,Bidder,proposal,1,one per proposal,1,3,4,yes,,ADD-02-5.2-01; ADD-02-T1-1-N3-01; VOL-I-11.3-01; VOL-I-9.2-01; VOL-I-9.7-01; VOL-I-T1-1-A; VOL-I-T1-1-B; VOL-I-T1-1-C; VOL-I-T1-1-D; VOL-I-T1-1-E; VOL-I-T1-1-F; VOL-II-1.1-01; VOL-II-1.2-01; VOL-II-1.3-01; VOL-II-1.4-01; VOL-II-2.1-01; VOL-II-2.2-01; VOL-II-2.2-02; VOL-II-2.3-01; VOL-II-2.4-01; VOL-II-2.5-01; VOL-II-3.1-01; VOL-II-3.2-01; VOL-II-3.2-02; VOL-II-3.3-01; VOL-II-3.4-01; VOL-II-3.5-01; VOL-II-4.1-01; VOL-II-4.3-01; VOL-II-4.3-02; VOL-II-4.4-01; VOL-II-4.4-02; VOL-II-4.5-01; VOL-II-5.1-01; VOL-II-5.2-01; VOL-II-5.2-02; VOL-II-5.3-01; VOL-II-5.3-02; VOL-II-5.4-01; VOL-II-5.4-02; VOL-II-5.5-01; VOL-II-5.5-02; VOL-II-6.1-01; VOL-II-6.1-02; VOL-II-6.2-01; VOL-II-6.3-01; VOL-II-6.3-02; VOL-II-6.4-01; VOL-II-6.4-02; VOL-II-7.1-01; VOL-II-7.2-01; VOL-II-7.4-01; VOL-II-8.1-01; VOL-II-8.2-01; VOL-II-8.3-01; VOL-II-8.3-02; VOL-II-8.4-01; VOL-II-8.4-02; VOL-II-8.5-01; VOL-II-8.5-02; VOL-II-9.1-01; VOL-II-9.1-02; VOL-II-9.2-01; VOL-II-9.3-01; VOL-II-9.4-01; VOL-II-9.5-01; VOL-II-T2-4-BOD5; VOL-II-T2-4-COD; VOL-II-T2-4-FaecalColiforms; VOL-II-T2-4-NOTE1; VOL-II-T2-4-OilGrease; VOL-II-T2-4-ResidualChlorine; VOL-II-T2-4-TN; VOL-II-T2-4-TP; VOL-II-T2-4-TSS; VOL-II-T2-4-Turbidity; VOL-II-T2-4-pH; VOL-II-T2-6-1; VOL-II-T2-6-2; VOL-II-T2-6-3; VOL-II-T2-6-4; VOL-II-T2-6-5; VOL-II-T2-6-6,technical-proposal,VOL-I:9.1(f); VOL-I:9.2; VOL-I:9.7,
TOTAL Envelope A,,A,TOTAL,,,30,,30,90,120,,1,,EV-BID-BOND; EV-COMPLETION-CERT; EV-FIN-STANDING; EV-FORM-4A; EV-FORM-4B; EV-FORM-4C; EV-FORM-4D; EV-FORM-4E; EV-FORM-4G; EV-GOOD-STANDING; EV-INVESTMENT-LICENCE; EV-ISO; EV-LCC; EV-OM-EXPERIENCE; EV-POA; EV-REFERENCES; EV-TECH-PROPOSAL,,
TOTAL Envelope B,,B,TOTAL,,,4,,4,12,16,,1,,EV-FIN-ASSUMPTIONS; EV-FIN-MODEL; EV-FORM-4F; EV-MODEL-AUDIT,,"OPEN ISSUE: VOL-I:10.1 says Envelope B contains only the documents it lists; this item is required by VOL-I:10.3, so where it goes needs a clarification; OPEN ISSUE: VOL-I:10.1 says Envelope B contains only the documents it lists; this item is required by VOL-I:10.6, so where it goes needs a clarification"
