id,date,time,short,label,kind,purpose,conditional,derived,reading,readings_differ,source,words,rows,activities
REFERENCE-LOOKBACK,2016-12-11,,REFERENCE-LOOKBACK,within the ten (10) years preceding the Proposal Due Date,dated,window_start,FALSE,FALSE,boundary_exclusive,TRUE,VOL-I:8.5#fn12,within the ten (10) years preceding the Proposal Due Date,VOL-I-8.5-01,
BLACKOUT-START,2026-09-14,,BLACKOUT-START,From the date of issue of this Volume,dated,window_start,FALSE,FALSE,as_stated,FALSE,VOL-I:4.2,From the date of issue of this Volume,VOL-I-4.2-01,
PRE-BID,2026-09-30,10:00,PRE-BID,Wednesday 30 September 2026 at 10:00 Riyadh time,dated,event,FALSE,FALSE,as_stated,FALSE,VOL-I:5.4,Wednesday 30 September 2026 at 10:00 Riyadh time,VOL-I-5.4-01,
ATTENDANCE-NOTICE,2026-10-14,,ATTENDANCE-NOTICE,within five (5) Working Days of this Addendum,dated,deadline,FALSE,FALSE,event_day_counted,TRUE,ADD-01:3.1,within five (5) Working Days of this Addendum,ADD-01-3.1-01,attendance-notice
CLARIFICATION-CUTOFF,2026-11-19,,CLARIFICATION-CUTOFF,no later than ten (10) Working Days before the Proposal Due Date,dated,deadline,FALSE,FALSE,stated_date_excluded,FALSE,VOL-I:5.2,no later than ten (10) Working Days before the Proposal Due Date,VOL-I-5.2-01,clarifications
ISO-CURRENT-AT,2026-12-10,,ISO-CURRENT-AT,current as at the Proposal Due Date,dated,as_at,FALSE,FALSE,as_stated,FALSE,VOL-I:8.3,current as at the Proposal Due Date,VOL-I-8.3-01,
MODIFY-CUTOFF,2026-12-10,,MODIFY-CUTOFF,at any time before the Proposal Due Date,dated,deadline,FALSE,FALSE,as_stated,FALSE,VOL-I:6.7,at any time before the Proposal Due Date,VOL-I-6.7-01,
OMISSION-CLAIM-CUTOFF,2026-12-10,,OMISSION-CLAIM-CUTOFF,No claim arising from an alleged omission shall be entertained after the Proposal Due Date.,dated,deadline,FALSE,FALSE,as_stated,FALSE,VOL-I:3.4,No claim arising from an alleged omission shall be entertained after the Proposal Due Date.,VOL-I-3.4-01,
PDD,2026-12-10,14:00,PDD,not later than 14:00 hours Riyadh time on <date>,dated,deadline,FALSE,FALSE,as_stated,FALSE,VOL-I:6.1,not later than 14:00 hours Riyadh time on <date>,VOL-I-6.1-01,deliver
PROPOSAL-VALIDITY,2027-05-09,,PROPOSAL-VALIDITY,one hundred and fifty (150) days from the Proposal Due Date,dated,validity_end,FALSE,FALSE,day0,TRUE,VOL-I:7.1,one hundred and fifty (150) days from the Proposal Due Date,VOL-I-7.1-01,
BID-BOND-VALIDITY,2027-06-08,,BID-BOND-VALIDITY,valid for one hundred and eighty (180) days from the Proposal Due Date,dated,validity_end,FALSE,FALSE,day0,TRUE,VOL-I:6.3,valid for one hundred and eighty (180) days from the Proposal Due Date,VOL-I-6.3-01,
DEBARMENT-LOOKBACK,,,DEBARMENT-LOOKBACK,within the preceding five (5) years,event-dependent (no date: unknown_anchor),window_start,FALSE,FALSE,unknown_anchor,FALSE,VOL-I:8.10,within the preceding five (5) years,VOL-I-8.10-01,
F4C-SIXTH-LOOKBACK,,,F4C-SIXTH-LOOKBACK,within the preceding five (5) years,event-dependent (no date: unknown_anchor),window_start,FALSE,FALSE,unknown_anchor,FALSE,VOL-IV:F4-C/image/decl5+ADD-03,within the preceding five (5) years,VOL-IV-F4C-06,
INVESTMENT-LICENCE-BY-FC,,,INVESTMENT-LICENCE-BY-FC,a signed undertaking to obtain such licence prior to Financial Close,event-dependent (no date: unknown_anchor),deadline,FALSE,FALSE,unknown_anchor,FALSE,VOL-I:8.9,a signed undertaking to obtain such licence prior to Financial Close,VOL-I-8.9-01,
SPOC-CHANGE-NOTICE,,,SPOC-CHANGE-NOTICE,notify the Authority of any change within two (2) Working Days,event-dependent (no date: unknown_anchor),deadline,FALSE,FALSE,unknown_anchor,FALSE,VOL-I:4.3,notify the Authority of any change within two (2) Working Days,VOL-I-4.3-01,
VOL-II-AS-BUILT-DUE,,,VOL-II-AS-BUILT-DUE,not later than sixty (60) days after PCOD,event-dependent (no date: unknown_anchor),deadline,FALSE,FALSE,unknown_anchor,FALSE,VOL-II:7.4,not later than sixty (60) days after PCOD,VOL-II-7.4-01,
VOL-II-CMMS-BY-PCOD,,,VOL-II-CMMS-BY-PCOD,implemented before PCOD,event-dependent (no date: unknown_anchor),deadline,FALSE,FALSE,unknown_anchor,FALSE,VOL-II:8.2,implemented before PCOD,VOL-II-8.2-01,
VOL-II-ENV-CLEARANCE-DUE,,,VOL-II-ENV-CLEARANCE-DUE,before commencement of construction,event-dependent (no date: unknown_anchor),deadline,FALSE,FALSE,unknown_anchor,FALSE,VOL-II:9.2,before commencement of construction,VOL-II-9.2-01,
VOL-II-GRIEVANCE-DUE,,,VOL-II-GRIEVANCE-DUE,established before construction,event-dependent (no date: unknown_anchor),deadline,FALSE,FALSE,unknown_anchor,FALSE,VOL-II:9.3,established before construction,VOL-II-9.3-01,
VOL-II-HANDBACK-REMEDIALS-DUE,,,VOL-II-HANDBACK-REMEDIALS-DUE,completed before transfer,event-dependent (no date: unknown_anchor),deadline,FALSE,FALSE,unknown_anchor,FALSE,VOL-II:8.5,completed before transfer,VOL-II-8.5-02,
VOL-II-HANDBACK-SURVEY-WINDOW,,,VOL-II-HANDBACK-SURVEY-WINDOW,in the final two (2) years of the concession,event-dependent (no date: unknown_anchor),window_start,FALSE,FALSE,unknown_anchor,FALSE,VOL-II:8.5,in the final two (2) years of the concession,VOL-II-8.5-01,
VOL-II-SECURITY-ARCHITECTURE-DUE,,,VOL-II-SECURITY-ARCHITECTURE-DUE,prior to commissioning,event-dependent (no date: unknown_anchor),deadline,FALSE,FALSE,unknown_anchor,FALSE,VOL-II:6.3,prior to commissioning,VOL-II-6.3-02,
