resource,date,iso_week,load_wd,capacity,status,activities,capacity_basis,capacity_owner
bid_manager,2026-11-18,2026-W47,1.0,2,OK,clarifications (1),"PROVISIONAL ASSUMPTION: bid manager plus one coordinator, one activity each at a time; not stated in the pack",Bid manager
bid_manager,2026-11-19,2026-W47,1.0,2,OK,clarifications (1),"PROVISIONAL ASSUMPTION: bid manager plus one coordinator, one activity each at a time; not stated in the pack",Bid manager
bid_manager,2026-12-06,2026-W49,1.0,2,OK,spoc (1),"PROVISIONAL ASSUMPTION: bid manager plus one coordinator, one activity each at a time; not stated in the pack",Bid manager
commercial_manager,2026-11-05,2026-W45,1.304,2,OK,lcc-certificate (1.304),"PROVISIONAL ASSUMPTION: two commercial staff; an activity waiting on a bank, an authority or an auditor counts as one; not stated",Commercial
commercial_manager,2026-11-08,2026-W45,1.304,2,OK,lcc-certificate (1.304),"PROVISIONAL ASSUMPTION: two commercial staff; an activity waiting on a bank, an authority or an auditor counts as one; not stated",Commercial
commercial_manager,2026-11-09,2026-W46,1.304,2,OK,lcc-certificate (1.304),"PROVISIONAL ASSUMPTION: two commercial staff; an activity waiting on a bank, an authority or an auditor counts as one; not stated",Commercial
commercial_manager,2026-11-10,2026-W46,2.304,2,OVERLOAD,lcc-certificate (1.304); model-auditor-appoint (1),"PROVISIONAL ASSUMPTION: two commercial staff; an activity waiting on a bank, an authority or an auditor counts as one; not stated",Commercial
commercial_manager,2026-11-11,2026-W46,2.304,2,OVERLOAD,lcc-certificate (1.304); model-auditor-appoint (1),"PROVISIONAL ASSUMPTION: two commercial staff; an activity waiting on a bank, an authority or an auditor counts as one; not stated",Commercial
commercial_manager,2026-11-12,2026-W46,2.304,2,OVERLOAD,lcc-certificate (1.304); model-auditor-appoint (1),"PROVISIONAL ASSUMPTION: two commercial staff; an activity waiting on a bank, an authority or an auditor counts as one; not stated",Commercial
commercial_manager,2026-11-15,2026-W46,2.304,2,OVERLOAD,lcc-certificate (1.304); model-auditor-appoint (1),"PROVISIONAL ASSUMPTION: two commercial staff; an activity waiting on a bank, an authority or an auditor counts as one; not stated",Commercial
commercial_manager,2026-11-16,2026-W47,3.304,2,OVERLOAD,lcc-certificate (1.304); lender-terms (1); model-auditor-appoint (1),"PROVISIONAL ASSUMPTION: two commercial staff; an activity waiting on a bank, an authority or an auditor counts as one; not stated",Commercial
commercial_manager,2026-11-17,2026-W47,2.304,2,OVERLOAD,lcc-certificate (1.304); lender-terms (1),"PROVISIONAL ASSUMPTION: two commercial staff; an activity waiting on a bank, an authority or an auditor counts as one; not stated",Commercial
commercial_manager,2026-11-18,2026-W47,2.304,2,OVERLOAD,lcc-certificate (1.304); lender-terms (1),"PROVISIONAL ASSUMPTION: two commercial staff; an activity waiting on a bank, an authority or an auditor counts as one; not stated",Commercial
commercial_manager,2026-11-19,2026-W47,3.304,2,OVERLOAD,bond-approval (1); lcc-certificate (1.304); lender-terms (1),"PROVISIONAL ASSUMPTION: two commercial staff; an activity waiting on a bank, an authority or an auditor counts as one; not stated",Commercial
commercial_manager,2026-11-22,2026-W47,3.304,2,OVERLOAD,bond-approval (1); lcc-certificate (1.304); lender-terms (1),"PROVISIONAL ASSUMPTION: two commercial staff; an activity waiting on a bank, an authority or an auditor counts as one; not stated",Commercial
commercial_manager,2026-11-23,2026-W48,3.304,2,OVERLOAD,bond-approval (1); lcc-certificate (1.304); lender-terms (1),"PROVISIONAL ASSUMPTION: two commercial staff; an activity waiting on a bank, an authority or an auditor counts as one; not stated",Commercial
commercial_manager,2026-11-24,2026-W48,3.304,2,OVERLOAD,bond-approval (1); lcc-certificate (1.304); lender-terms (1),"PROVISIONAL ASSUMPTION: two commercial staff; an activity waiting on a bank, an authority or an auditor counts as one; not stated",Commercial
commercial_manager,2026-11-25,2026-W48,3.304,2,OVERLOAD,bond-approval (1); lcc-certificate (1.304); lender-terms (1),"PROVISIONAL ASSUMPTION: two commercial staff; an activity waiting on a bank, an authority or an auditor counts as one; not stated",Commercial
commercial_manager,2026-11-26,2026-W48,6.304,2,OVERLOAD,bond-approval (1); fin-statements (3); lcc-certificate (1.304); lender-terms (1),"PROVISIONAL ASSUMPTION: two commercial staff; an activity waiting on a bank, an authority or an auditor counts as one; not stated",Commercial
commercial_manager,2026-11-29,2026-W48,6.304,2,OVERLOAD,bond-approval (1); fin-statements (3); lcc-certificate (1.304); lender-terms (1),"PROVISIONAL ASSUMPTION: two commercial staff; an activity waiting on a bank, an authority or an auditor counts as one; not stated",Commercial
commercial_manager,2026-11-30,2026-W49,5.304,2,OVERLOAD,bond-approval (1); fin-statements (3); lcc-certificate (1.304),"PROVISIONAL ASSUMPTION: two commercial staff; an activity waiting on a bank, an authority or an auditor counts as one; not stated",Commercial
commercial_manager,2026-12-01,2026-W49,6.304,2,OVERLOAD,bond-approval (1); fin-statements (3); lcc-certificate (1.304); model-audit-opinion (1),"PROVISIONAL ASSUMPTION: two commercial staff; an activity waiting on a bank, an authority or an auditor counts as one; not stated",Commercial
commercial_manager,2026-12-02,2026-W49,6.304,2,OVERLOAD,bond-approval (1); fin-statements (3); lcc-certificate (1.304); model-audit-opinion (1),"PROVISIONAL ASSUMPTION: two commercial staff; an activity waiting on a bank, an authority or an auditor counts as one; not stated",Commercial
commercial_manager,2026-12-03,2026-W49,4.304,2,OVERLOAD,bond-issue (1); fin-standing (1); lcc-certificate (1.304); model-audit-opinion (1),"PROVISIONAL ASSUMPTION: two commercial staff; an activity waiting on a bank, an authority or an auditor counts as one; not stated",Commercial
commercial_manager,2026-12-06,2026-W49,6.304,2,OVERLOAD,bond-issue (1); fin-assumptions (1); fin-standing (1); form-4f (1); lcc-certificate (1.304); model-audit-opinion (1),"PROVISIONAL ASSUMPTION: two commercial staff; an activity waiting on a bank, an authority or an auditor counts as one; not stated",Commercial
commercial_manager,2026-12-07,2026-W50,6.304,2,OVERLOAD,bond-issue (1); fin-assumptions (1); fin-standing (1); form-4f (1); lcc-certificate (1.304); model-audit-opinion (1),"PROVISIONAL ASSUMPTION: two commercial staff; an activity waiting on a bank, an authority or an auditor counts as one; not stated",Commercial
document_controller,2026-12-08,2026-W50,2.0,2,OK,assemble-envelope-a (1); assemble-envelope-b (1),"PROVISIONAL ASSUMPTION: two document controllers for assembly, copies, sealing and delivery; not stated",Bid manager
document_controller,2026-12-09,2026-W50,1.0,2,OK,copies (1),"PROVISIONAL ASSUMPTION: two document controllers for assembly, copies, sealing and delivery; not stated",Bid manager
document_controller,2026-12-10,2026-W50,1.0,2,OK,deliver (1),"PROVISIONAL ASSUMPTION: two document controllers for assembly, copies, sealing and delivery; not stated",Bid manager
financial_modeller,2026-11-09,2026-W46,1.0,1,OK,fin-model-build (1),"PROVISIONAL ASSUMPTION: one financial modeller (build, freeze, auditor queries); not stated",Commercial
financial_modeller,2026-11-10,2026-W46,1.0,1,OK,fin-model-build (1),"PROVISIONAL ASSUMPTION: one financial modeller (build, freeze, auditor queries); not stated",Commercial
financial_modeller,2026-11-11,2026-W46,1.0,1,OK,fin-model-build (1),"PROVISIONAL ASSUMPTION: one financial modeller (build, freeze, auditor queries); not stated",Commercial
financial_modeller,2026-11-12,2026-W46,1.0,1,OK,fin-model-build (1),"PROVISIONAL ASSUMPTION: one financial modeller (build, freeze, auditor queries); not stated",Commercial
financial_modeller,2026-11-15,2026-W46,1.0,1,OK,fin-model-build (1),"PROVISIONAL ASSUMPTION: one financial modeller (build, freeze, auditor queries); not stated",Commercial
financial_modeller,2026-11-16,2026-W47,1.0,1,OK,fin-model-build (1),"PROVISIONAL ASSUMPTION: one financial modeller (build, freeze, auditor queries); not stated",Commercial
financial_modeller,2026-11-17,2026-W47,2.0,1,OVERLOAD,fin-model-build (1); model-audit-review (1),"PROVISIONAL ASSUMPTION: one financial modeller (build, freeze, auditor queries); not stated",Commercial
financial_modeller,2026-11-18,2026-W47,2.0,1,OVERLOAD,fin-model-build (1); model-audit-review (1),"PROVISIONAL ASSUMPTION: one financial modeller (build, freeze, auditor queries); not stated",Commercial
financial_modeller,2026-11-19,2026-W47,2.0,1,OVERLOAD,fin-model-build (1); model-audit-review (1),"PROVISIONAL ASSUMPTION: one financial modeller (build, freeze, auditor queries); not stated",Commercial
financial_modeller,2026-11-22,2026-W47,2.0,1,OVERLOAD,fin-model-build (1); model-audit-review (1),"PROVISIONAL ASSUMPTION: one financial modeller (build, freeze, auditor queries); not stated",Commercial
financial_modeller,2026-11-23,2026-W48,2.0,1,OVERLOAD,fin-model-build (1); model-audit-review (1),"PROVISIONAL ASSUMPTION: one financial modeller (build, freeze, auditor queries); not stated",Commercial
financial_modeller,2026-11-24,2026-W48,2.0,1,OVERLOAD,fin-model-build (1); model-audit-review (1),"PROVISIONAL ASSUMPTION: one financial modeller (build, freeze, auditor queries); not stated",Commercial
financial_modeller,2026-11-25,2026-W48,2.0,1,OVERLOAD,fin-model-build (1); model-audit-review (1),"PROVISIONAL ASSUMPTION: one financial modeller (build, freeze, auditor queries); not stated",Commercial
financial_modeller,2026-11-26,2026-W48,2.0,1,OVERLOAD,fin-model-build (1); model-audit-review (1),"PROVISIONAL ASSUMPTION: one financial modeller (build, freeze, auditor queries); not stated",Commercial
financial_modeller,2026-11-29,2026-W48,2.0,1,OVERLOAD,fin-model-build (1); model-audit-review (1),"PROVISIONAL ASSUMPTION: one financial modeller (build, freeze, auditor queries); not stated",Commercial
financial_modeller,2026-11-30,2026-W49,2.0,1,OVERLOAD,fin-model-freeze (1); model-audit-review (1),"PROVISIONAL ASSUMPTION: one financial modeller (build, freeze, auditor queries); not stated",Commercial
legal_counsel,2026-11-10,2026-W46,1.0,2,OK,pcg-wording (1),"PROVISIONAL ASSUMPTION: two lawyers on PoAs, forms and guarantees; an activity waiting on a notary or a member counts as one; not stated",Legal
legal_counsel,2026-11-11,2026-W46,1.0,2,OK,pcg-wording (1),"PROVISIONAL ASSUMPTION: two lawyers on PoAs, forms and guarantees; an activity waiting on a notary or a member counts as one; not stated",Legal
legal_counsel,2026-11-12,2026-W46,1.0,2,OK,pcg-wording (1),"PROVISIONAL ASSUMPTION: two lawyers on PoAs, forms and guarantees; an activity waiting on a notary or a member counts as one; not stated",Legal
legal_counsel,2026-11-15,2026-W46,1.0,2,OK,pcg-wording (1),"PROVISIONAL ASSUMPTION: two lawyers on PoAs, forms and guarantees; an activity waiting on a notary or a member counts as one; not stated",Legal
legal_counsel,2026-11-16,2026-W47,1.0,2,OK,pcg-wording (1),"PROVISIONAL ASSUMPTION: two lawyers on PoAs, forms and guarantees; an activity waiting on a notary or a member counts as one; not stated",Legal
legal_counsel,2026-11-17,2026-W47,4.0,2,OVERLOAD,pcg-wording (1); poa-resolutions (3),"PROVISIONAL ASSUMPTION: two lawyers on PoAs, forms and guarantees; an activity waiting on a notary or a member counts as one; not stated",Legal
legal_counsel,2026-11-18,2026-W47,4.0,2,OVERLOAD,pcg-wording (1); poa-resolutions (3),"PROVISIONAL ASSUMPTION: two lawyers on PoAs, forms and guarantees; an activity waiting on a notary or a member counts as one; not stated",Legal
legal_counsel,2026-11-19,2026-W47,4.0,2,OVERLOAD,pcg-wording (1); poa-resolutions (3),"PROVISIONAL ASSUMPTION: two lawyers on PoAs, forms and guarantees; an activity waiting on a notary or a member counts as one; not stated",Legal
legal_counsel,2026-11-22,2026-W47,5.0,2,OVERLOAD,deviations-review (1); pcg-wording (1); poa-resolutions (3),"PROVISIONAL ASSUMPTION: two lawyers on PoAs, forms and guarantees; an activity waiting on a notary or a member counts as one; not stated",Legal
legal_counsel,2026-11-23,2026-W48,5.0,2,OVERLOAD,deviations-review (1); pcg-wording (1); poa-resolutions (3),"PROVISIONAL ASSUMPTION: two lawyers on PoAs, forms and guarantees; an activity waiting on a notary or a member counts as one; not stated",Legal
legal_counsel,2026-11-24,2026-W48,5.0,2,OVERLOAD,deviations-review (1); pcg-execution (1); poa (3),"PROVISIONAL ASSUMPTION: two lawyers on PoAs, forms and guarantees; an activity waiting on a notary or a member counts as one; not stated",Legal
legal_counsel,2026-11-25,2026-W48,5.0,2,OVERLOAD,deviations-review (1); pcg-execution (1); poa (3),"PROVISIONAL ASSUMPTION: two lawyers on PoAs, forms and guarantees; an activity waiting on a notary or a member counts as one; not stated",Legal
legal_counsel,2026-11-26,2026-W48,5.0,2,OVERLOAD,deviations-review (1); pcg-execution (1); poa (3),"PROVISIONAL ASSUMPTION: two lawyers on PoAs, forms and guarantees; an activity waiting on a notary or a member counts as one; not stated",Legal
legal_counsel,2026-11-29,2026-W48,5.0,2,OVERLOAD,deviations-review (1); pcg-execution (1); poa (3),"PROVISIONAL ASSUMPTION: two lawyers on PoAs, forms and guarantees; an activity waiting on a notary or a member counts as one; not stated",Legal
legal_counsel,2026-11-30,2026-W49,5.0,2,OVERLOAD,deviations-review (1); pcg-execution (1); poa (3),"PROVISIONAL ASSUMPTION: two lawyers on PoAs, forms and guarantees; an activity waiting on a notary or a member counts as one; not stated",Legal
legal_counsel,2026-12-01,2026-W49,6.0,2,OVERLOAD,deviations-review (1); form-4c-prep (1); investment-licence (3); pcg-execution (1),"PROVISIONAL ASSUMPTION: two lawyers on PoAs, forms and guarantees; an activity waiting on a notary or a member counts as one; not stated",Legal
legal_counsel,2026-12-02,2026-W49,6.0,2,OVERLOAD,deviations-review (1); form-4c-prep (1); investment-licence (3); pcg-execution (1),"PROVISIONAL ASSUMPTION: two lawyers on PoAs, forms and guarantees; an activity waiting on a notary or a member counts as one; not stated",Legal
legal_counsel,2026-12-03,2026-W49,8.0,2,OVERLOAD,deviations-review (1); form-4c-sign (3); investment-licence (3); pcg-execution (1),"PROVISIONAL ASSUMPTION: two lawyers on PoAs, forms and guarantees; an activity waiting on a notary or a member counts as one; not stated",Legal
legal_counsel,2026-12-06,2026-W49,8.0,2,OVERLOAD,form-4c-sign (3); form-4e (1); investment-licence (3); pcg-execution (1),"PROVISIONAL ASSUMPTION: two lawyers on PoAs, forms and guarantees; an activity waiting on a notary or a member counts as one; not stated",Legal
legal_counsel,2026-12-07,2026-W50,9.0,2,OVERLOAD,form-4a (1); form-4c-sign (3); form-4e (1); investment-licence (3); pcg-execution (1),"PROVISIONAL ASSUMPTION: two lawyers on PoAs, forms and guarantees; an activity waiting on a notary or a member counts as one; not stated",Legal
proposal_writers,2026-11-10,2026-W46,1.0,1,OK,technical-proposal (1),PROVISIONAL ASSUMPTION: one writing team for the Technical Proposal narrative; not stated,Technical
proposal_writers,2026-11-11,2026-W46,1.0,1,OK,technical-proposal (1),PROVISIONAL ASSUMPTION: one writing team for the Technical Proposal narrative; not stated,Technical
proposal_writers,2026-11-12,2026-W46,1.0,1,OK,technical-proposal (1),PROVISIONAL ASSUMPTION: one writing team for the Technical Proposal narrative; not stated,Technical
proposal_writers,2026-11-15,2026-W46,1.0,1,OK,technical-proposal (1),PROVISIONAL ASSUMPTION: one writing team for the Technical Proposal narrative; not stated,Technical
proposal_writers,2026-11-16,2026-W47,1.0,1,OK,technical-proposal (1),PROVISIONAL ASSUMPTION: one writing team for the Technical Proposal narrative; not stated,Technical
proposal_writers,2026-11-17,2026-W47,1.0,1,OK,technical-proposal (1),PROVISIONAL ASSUMPTION: one writing team for the Technical Proposal narrative; not stated,Technical
proposal_writers,2026-11-18,2026-W47,1.0,1,OK,technical-proposal (1),PROVISIONAL ASSUMPTION: one writing team for the Technical Proposal narrative; not stated,Technical
proposal_writers,2026-11-19,2026-W47,1.0,1,OK,technical-proposal (1),PROVISIONAL ASSUMPTION: one writing team for the Technical Proposal narrative; not stated,Technical
proposal_writers,2026-11-22,2026-W47,1.0,1,OK,technical-proposal (1),PROVISIONAL ASSUMPTION: one writing team for the Technical Proposal narrative; not stated,Technical
proposal_writers,2026-11-23,2026-W48,1.0,1,OK,technical-proposal (1),PROVISIONAL ASSUMPTION: one writing team for the Technical Proposal narrative; not stated,Technical
proposal_writers,2026-11-24,2026-W48,1.0,1,OK,technical-proposal (1),PROVISIONAL ASSUMPTION: one writing team for the Technical Proposal narrative; not stated,Technical
proposal_writers,2026-11-25,2026-W48,1.0,1,OK,technical-proposal (1),PROVISIONAL ASSUMPTION: one writing team for the Technical Proposal narrative; not stated,Technical
proposal_writers,2026-11-26,2026-W48,1.0,1,OK,technical-proposal (1),PROVISIONAL ASSUMPTION: one writing team for the Technical Proposal narrative; not stated,Technical
proposal_writers,2026-11-29,2026-W48,1.0,1,OK,technical-proposal (1),PROVISIONAL ASSUMPTION: one writing team for the Technical Proposal narrative; not stated,Technical
proposal_writers,2026-11-30,2026-W49,1.0,1,OK,technical-proposal (1),PROVISIONAL ASSUMPTION: one writing team for the Technical Proposal narrative; not stated,Technical
proposal_writers,2026-12-01,2026-W49,1.0,1,OK,technical-proposal (1),PROVISIONAL ASSUMPTION: one writing team for the Technical Proposal narrative; not stated,Technical
proposal_writers,2026-12-02,2026-W49,1.0,1,OK,technical-proposal (1),PROVISIONAL ASSUMPTION: one writing team for the Technical Proposal narrative; not stated,Technical
proposal_writers,2026-12-03,2026-W49,1.0,1,OK,technical-proposal (1),PROVISIONAL ASSUMPTION: one writing team for the Technical Proposal narrative; not stated,Technical
proposal_writers,2026-12-06,2026-W49,1.0,1,OK,technical-proposal (1),PROVISIONAL ASSUMPTION: one writing team for the Technical Proposal narrative; not stated,Technical
proposal_writers,2026-12-07,2026-W50,1.0,1,OK,technical-proposal (1),PROVISIONAL ASSUMPTION: one writing team for the Technical Proposal narrative; not stated,Technical
technical_lead,2026-11-16,2026-W47,1.0,2,OK,ground-dd (1),"PROVISIONAL ASSUMPTION: technical lead plus one engineer for certificates, references and Form 4-G; not stated",Technical
technical_lead,2026-11-17,2026-W47,3.0,2,OVERLOAD,completion-certs (2); ground-dd (1),"PROVISIONAL ASSUMPTION: technical lead plus one engineer for certificates, references and Form 4-G; not stated",Technical
technical_lead,2026-11-18,2026-W47,3.0,2,OVERLOAD,completion-certs (2); ground-dd (1),"PROVISIONAL ASSUMPTION: technical lead plus one engineer for certificates, references and Form 4-G; not stated",Technical
technical_lead,2026-11-19,2026-W47,5.0,2,OVERLOAD,completion-certs (2); ground-dd (1); references (2),"PROVISIONAL ASSUMPTION: technical lead plus one engineer for certificates, references and Form 4-G; not stated",Technical
technical_lead,2026-11-22,2026-W47,5.0,2,OVERLOAD,completion-certs (2); ground-dd (1); references (2),"PROVISIONAL ASSUMPTION: technical lead plus one engineer for certificates, references and Form 4-G; not stated",Technical
technical_lead,2026-11-23,2026-W48,5.0,2,OVERLOAD,completion-certs (2); ground-dd (1); references (2),"PROVISIONAL ASSUMPTION: technical lead plus one engineer for certificates, references and Form 4-G; not stated",Technical
technical_lead,2026-11-24,2026-W48,6.0,2,OVERLOAD,completion-certs (2); ground-dd (1); om-evidence (1); references (2),"PROVISIONAL ASSUMPTION: technical lead plus one engineer for certificates, references and Form 4-G; not stated",Technical
technical_lead,2026-11-25,2026-W48,6.0,2,OVERLOAD,completion-certs (2); ground-dd (1); om-evidence (1); references (2),"PROVISIONAL ASSUMPTION: technical lead plus one engineer for certificates, references and Form 4-G; not stated",Technical
technical_lead,2026-11-26,2026-W48,6.0,2,OVERLOAD,completion-certs (2); ground-dd (1); om-evidence (1); references (2),"PROVISIONAL ASSUMPTION: technical lead plus one engineer for certificates, references and Form 4-G; not stated",Technical
technical_lead,2026-11-29,2026-W48,6.0,2,OVERLOAD,completion-certs (2); ground-dd (1); om-evidence (1); references (2),"PROVISIONAL ASSUMPTION: technical lead plus one engineer for certificates, references and Form 4-G; not stated",Technical
technical_lead,2026-11-30,2026-W49,6.0,2,OVERLOAD,completion-certs (2); form-4g-review (1); om-evidence (1); references (2),"PROVISIONAL ASSUMPTION: technical lead plus one engineer for certificates, references and Form 4-G; not stated",Technical
technical_lead,2026-12-01,2026-W49,6.0,2,OVERLOAD,completion-certs (2); form-4g-review (1); om-evidence (1); references (2),"PROVISIONAL ASSUMPTION: technical lead plus one engineer for certificates, references and Form 4-G; not stated",Technical
technical_lead,2026-12-02,2026-W49,6.0,2,OVERLOAD,completion-certs (2); form-4g-review (1); om-evidence (1); references (2),"PROVISIONAL ASSUMPTION: technical lead plus one engineer for certificates, references and Form 4-G; not stated",Technical
technical_lead,2026-12-03,2026-W49,6.0,2,OVERLOAD,completion-certs (2); form-4b (2); form-4g-review (1); om-evidence (1),"PROVISIONAL ASSUMPTION: technical lead plus one engineer for certificates, references and Form 4-G; not stated",Technical
technical_lead,2026-12-06,2026-W49,7.0,2,OVERLOAD,completion-certs (2); form-4b (2); form-4g-review (1); iso-copy (1); om-evidence (1),"PROVISIONAL ASSUMPTION: technical lead plus one engineer for certificates, references and Form 4-G; not stated",Technical
technical_lead,2026-12-07,2026-W50,7.0,2,OVERLOAD,completion-certs (2); form-4b (2); form-4g-sign (1); iso-copy (1); om-evidence (1),"PROVISIONAL ASSUMPTION: technical lead plus one engineer for certificates, references and Form 4-G; not stated",Technical
