stage,op,type,target,change,provision,valid,failed_checks,review,origin,issue
ADD-01,ADD-01/cover/para3,annotate,ADD-01:cover/para3,adds_obligation — Front matter: 'Bidders shall acknowledge receipt in Form 4-A.' The rest of the paragraph …,ADD-01:cover/para3,TRUE,,proposed (not reviewed),assistant,
ADD-01,ADD-01/2.1,replace_text,VOL-I:6.1,'Thursday 12 November 2026' -> 'Thursday 26 November 2026',ADD-01:2.1,TRUE,,proposed (not reviewed),pattern,
ADD-01,ADD-01/2.2,annotate,"VOL-I:5.2, VOL-I:6.3, VOL-I:7.1, VOL-I:8.5#fn12",interprets — Re-anchoring rule: every period calculated from the Proposal Due Date moves with it ('inc…,ADD-01:2.2,TRUE,,proposed (not reviewed),assistant,
ADD-01,ADD-01/3.1,annotate,ADD-01:3.1,adds_obligation — New obligation with a deadline: notify within five Working Days of this Addendum if atten…,ADD-01:3.1,TRUE,,proposed (not reviewed),assistant,
ADD-01,ADD-01/3.2,annotate,VOL-I:5.3,confirms — Minutes at Appendix B are a record only and do not bind unless confirmed in the body of a…,ADD-01:3.2,TRUE,,proposed (not reviewed),assistant,
ADD-01,ADD-01/4.1,set_status,VOL-I:8.6,DELETED,ADD-01:4.1,TRUE,,proposed (not reviewed),pattern,
ADD-01,ADD-01/4.2,annotate,ADD-01:4.2,interprets; mentions of 'Local Content Certificate': [] — Rule: references to a Local Content Certificate elsewhere are to be disregarded. The engi…,ADD-01:4.2,TRUE,,proposed (not reviewed),assistant,
ADD-01,ADD-01/5.1,append_text,VOL-II:5.3,None,ADD-01:5.1,TRUE,,proposed (not reviewed),pattern,
ADD-01,ADD-01/Q1,annotate,VOL-II:3.1,interprets — No process train is mandated (an MBR is not required); any process meeting Table 2-4 unde…,ADD-01:Q1,TRUE,,proposed (not reviewed),assistant,
ADD-01,ADD-01/Q2,annotate,VOL-I:9.2,interprets — Answer: the page limit applies to the narrative only; Form Sheets and permitted appendice…,ADD-01:Q2,TRUE,,proposed (not reviewed),assistant,
ADD-01,ADD-01/Q3,annotate,VOL-I:6.4,interprets — A foreign bank's branch may issue the Bid Bond only if licensed in the Kingdom and the is…,ADD-01:Q3,TRUE,,proposed (not reviewed),assistant,
ADD-01,ADD-01/Q4,annotate,ADD-01:Q4,adds_obligation — Bidders bear the ground-condition risk at the wadi crossing and must satisfy themselves; …,ADD-01:Q4,TRUE,,proposed (not reviewed),assistant,the geotechnical report and the wadi-crossing drawing (Volume III) are referenced but not supplied
ADD-01,ADD-01/Q5,annotate,VOL-I:8.5#fn12,interprets — A reference plant under construction does not count: commercial operation must have been …,ADD-01:Q5,TRUE,,proposed (not reviewed),assistant,
ADD-01,ADD-01/Q6,annotate,"VOL-V:29.1, VOL-V:29.2, VOL-V:29.3, VOL-V:29.4, VOL-V:29.5",interprets — Offtake volume is not guaranteed; the payment mechanism is availability based and does no…,ADD-01:Q6,TRUE,,proposed (not reviewed),assistant,
ADD-01,ADD-01/AppA/para1,replace_unit,VOL-IV:F4-A,replaced by ADD-01:AppA (10 units),ADD-01:AppA/para1,TRUE,,proposed (not reviewed),pattern,the reissued form may differ from the original in more than its stated purpose; compare
ADD-02,ADD-02/cover/para3,annotate,ADD-02:cover/para3,adds_obligation — Front matter: 'Bidders shall acknowledge receipt in Form 4-A.' The rest of the paragraph …,ADD-02:cover/para3,TRUE,,proposed (not reviewed),assistant,
ADD-02,ADD-02/2.1,replace_text,VOL-I:9.2,'one hundred and twenty (120) pages' -> 'one hundred and fifty (150) pages',ADD-02:2.1,TRUE,,proposed (not reviewed),pattern,
ADD-02,ADD-02/3.1,replace_unit,VOL-I:T1-1,replaced by ADD-02:T1-1-rev (8 units),ADD-02:3.1,TRUE,,proposed (not reviewed),pattern,
ADD-02,ADD-02/T1-1-rev/note(1),annotate,VOL-I:11.3,confirms,ADD-02:T1-1-rev/note(1),TRUE,,proposed (not reviewed),pattern,
ADD-02,ADD-02/T1-1-rev/note(2),replace_text,VOL-I:11.2,'sixty per cent (60%) technical and forty per cent (40%) com…' -> 'sixty-five per cent (65%) technical and thirty-five per cen…',ADD-02:T1-1-rev/note(2),TRUE,,proposed (not reviewed),pattern,the addendum restates the value without quoting the old words; the old words were located in the target by shape and need a person's check
ADD-02,ADD-02/T1-1-rev/note(3),annotate,ADD-02:T1-1-rev,interprets — New scoring method for the reissued Table 1-1: marks on a 'standard five-point scale' mul…,ADD-02:T1-1-rev/note(3),TRUE,,proposed (not reviewed),assistant,"the 'standard five-point scale' is not defined in the pack and the table shows Marks, not weights"
ADD-02,ADD-02/4.1,replace_text,VOL-II:4.4,'seventy-two (72) hours' -> 'ninety-six (96) hours' [same words also in VOL-V:31.3: not targeted],ADD-02:4.1,TRUE,,proposed (not reviewed),pattern,
ADD-02,ADD-02/5.1,set_value,VOL-II:T2-4/TN,Limit: 5 -> 3 (old value from an image reading PENDING review),ADD-02:5.1,TRUE,,proposed (not reviewed),pattern,
ADD-02,ADD-02/5.2,annotate,VOL-II:S3,adds_obligation — The amended TN limit must be reflected in the process design submitted under Volume II Se…,ADD-02:5.2,TRUE,,proposed (not reviewed),assistant,
ADD-02,ADD-02/Q7,annotate,"VOL-I:12.1, VOL-V:3.1, VOL-I:3.2",confirms — The Authority declines to amend: the order of precedence at VOL-I 3.2 applies to the VOL-…,ADD-02:Q7,TRUE,,proposed (not reviewed),assistant,which start date governs the concession term is not answered; a legal and commercial question for people
ADD-02,ADD-02/Q8,annotate,VOL-I:6.4,confirms — The Bid Bond amount is fixed (not a percentage of the bid price).,ADD-02:Q8,TRUE,,proposed (not reviewed),assistant,
ADD-02,ADD-02/Q9,annotate,VOL-IV:F4-C,confirms — Form 4-C shall be completed in Arabic; an English translation may be attached for conveni…,ADD-02:Q9,TRUE,,proposed (not reviewed),assistant,
ADD-02,ADD-02/Q10,annotate,VOL-I:8.7,confirms — A Parent Company Guarantee is required only from the ultimate parent of the EPC Contracto…,ADD-02:Q10,TRUE,,proposed (not reviewed),assistant,
ADD-02,ADD-02/Q11,annotate,VOL-II:4.2,confirms — Bidders shall design to the figures in Volume II; VOL-II 4.2 applies. The question about …,ADD-02:Q11,TRUE,,proposed (not reviewed),assistant,the Table 2-6 peak hourly flow vs storm flow question is not answered
ADD-02,ADD-02/Q12,annotate,VOL-V:31.2,"confirms — The Authority refers Bidders to VOL-V 31.2, which states deductions are not capped.",ADD-02:Q12,TRUE,,proposed (not reviewed),assistant,
ADD-02,ADD-02/Q13,annotate,VOL-I:12.2,confirms — The Commercial Close and Financial Close periods in VOL-I 12.2 are unchanged.,ADD-02:Q13,TRUE,,proposed (not reviewed),assistant,
ADD-02,ADD-02/Q14,annotate,VOL-I:10.5,confirms — An alternative technical solution may not be submitted alone; VOL-I 10.5 applies.,ADD-02:Q14,TRUE,,proposed (not reviewed),assistant,
ADD-02,ADD-02/7.1,insert_unit,ADD-02:F4-G,inserted ADD-02:F4-G after VOL-I:9.1(e),ADD-02:7.1,TRUE,,proposed (not reviewed),pattern,re-lettering of the items after (e) is not stated
ADD-02,ADD-02/7.2,annotate,ADD-02:F4-G,adds_obligation — Form 4-G with Envelope A; failure to submit renders the Proposal non-responsive (explicit…,ADD-02:7.2,TRUE,,proposed (not reviewed),assistant,
ADD-02,ADD-02/8.1,replace_text,VOL-V:36.2,"'SAR 5,000,000' -> 'SAR 2,500,000'",ADD-02:8.1,TRUE,,proposed (not reviewed),pattern,
ADD-02,ADD-02/9.1,set_status,VOL-I:8.6,REINSTATED: 'The Bidder shall submit a Local Content Certificate issued by the competent aut…',ADD-02:9.1,TRUE,,proposed (not reviewed),pattern,
ADD-02,ADD-02/9.2,set_status,ADD-01:4.2,REVOKED,ADD-02:9.2,TRUE,,proposed (not reviewed),pattern,
ADD-03,ADD-03/cover/para3,annotate,ADD-03:cover/para3,adds_obligation — the addendum must be acknowledged in Form 4-A,ADD-03:cover/para3,TRUE,,proposed (not reviewed),pattern,
ADD-03,ADD-03/2.1,replace_text,VOL-I:6.1,'Thursday 26 November 2026' -> 'Thursday 10 December 2026',ADD-03:2.1,TRUE,,proposed (not reviewed),pattern,
ADD-03,ADD-03/3.1,replace_text,VOL-V:31.3,'seventy-two (72) hours' -> 'forty-eight (48) hours',ADD-03:3.1,TRUE,,proposed (not reviewed),pattern,
ADD-03,ADD-03/4.1,set_status,VOL-I:8.6,DELETED,ADD-03:4.1,TRUE,,proposed (not reviewed),pattern,
ADD-03,ADD-03/5.1,set_value,VOL-II:T2-4/TP,Limit: 1 -> 0.5 (old value from an image reading PENDING review),ADD-03:5.1,TRUE,,proposed (not reviewed),pattern,
ADD-03,ADD-03/7.1,replace_text,VOL-II:4.4,'seventy-two (72) hours' -> 'sixty (60) hours',ADD-03:7.1,FALSE,C23: 'seventy-two (72) hours' occurs 0 time(s) in VOL-II:4.4,proposed (not reviewed),pattern,
