stage,row,before,after,why,chain
ADD-01,VOL-I-6.1-01,ACTIVE [PDD 2026-11-12],AMENDED (ADD-01/2.1) [PDD 2026-11-26],status; interpretation re-made at ADD-01 (ADD-01 §2.1 amends the date; the time is unchanged.); dates moved,VOL-I:6.1 (VOL-I p3; text layer); ADD-01/2.1 [proposed] <- ADD-01:2.1 (ADD-01 p1)
ADD-01,VOL-I-5.2-01,ACTIVE [CLARIFICATION-CUTOFF 2026-10-29],ACTIVE [CLARIFICATION-CUTOFF 2026-11-12],interpretation re-made at ADD-01 (ADD-01 §2.2 names this period as moving with the Proposal Due Date.); dates moved,VOL-I:5.2 (VOL-I p3; text layer)
ADD-01,VOL-I-6.3-01,ACTIVE [BID-BOND-VALIDITY 2027-05-11],ACTIVE [BID-BOND-VALIDITY 2027-05-25],interpretation re-made at ADD-01 (ADD-01 §2.2 names this period as moving with the Proposal Due Date.); dates moved,VOL-I:6.3 (VOL-I p3; text layer)
ADD-01,VOL-I-6.4-01,ACTIVE,ACTIVE,"interpretation re-made at ADD-01 (ADD-01 Q3 answers about the issuer, not the amount; reviewed for this row, no change.)",VOL-I:6.4 (VOL-I p3; text layer)
ADD-01,VOL-I-6.4-02,ACTIVE,ACTIVE,interpretation re-made at ADD-01 (ADD-01 Q3: a foreign bank's branch only where licensed in the Kingdom and the issuer meet…),VOL-I:6.4 (VOL-I p3; text layer)
ADD-01,VOL-I-7.1-01,ACTIVE [PROPOSAL-VALIDITY 2027-04-11],ACTIVE [PROPOSAL-VALIDITY 2027-04-25],interpretation re-made at ADD-01 (ADD-01 §2.2 names this period as moving with the Proposal Due Date.); dates moved,VOL-I:7.1 (VOL-I p4; text layer)
ADD-01,VOL-I-8.3-01,ACTIVE [ISO-CURRENT-AT 2026-11-12],ACTIVE [ISO-CURRENT-AT 2026-11-26] — STALE: VOL-I:6.1 changed since BASE (by ADD-01/2.1),dates moved; became STALE,VOL-I:8.3 (VOL-I p4; text layer)
ADD-01,VOL-I-8.5-01,ACTIVE [REFERENCE-LOOKBACK 2016-11-13],ACTIVE [REFERENCE-LOOKBACK 2016-11-27],interpretation re-made at ADD-01 (ADD-01 §2.2 names footnote 12; ADD-01 Q5: a plant under construction does not count.); dates moved,VOL-I:8.5#fn12 (VOL-I p4; text layer)
ADD-01,VOL-I-8.6-01,ACTIVE,DELETED (ADD-01/4.1),status,VOL-I:8.6 (VOL-I p4; text layer); ADD-01/4.1 [proposed] <- ADD-01:4.1 (ADD-01 p1)
ADD-01,ADD-01-3.1-01,NOT ISSUED,NEW [ATTENDANCE-NOTICE 2026-10-14],status; interpretation re-made at ADD-01,ADD-01:3.1 (ADD-01 p1; text layer)
ADD-01,VOL-IV-F4A-01,ACTIVE,AMENDED (ADD-01/AppA/para1),status; interpretation re-made at ADD-01 (The reissued form still prints 12 November 2026; the PDD is 26 November 2026. Not correct…),VOL-IV:F4-A/proposal-due-date (VOL-IV p3; text layer); ADD-01/AppA/para1 [proposed] <- ADD-01:AppA/para1 (ADD-01 p3)
ADD-02,VOL-I-6.4-01,ACTIVE,ACTIVE,"interpretation re-made at ADD-02 (ADD-02 Q8 confirms the amount is fixed, not a percentage of the bid price.)",VOL-I:6.4 (VOL-I p3; text layer)
ADD-02,VOL-I-6.4-02,ACTIVE,ACTIVE,"interpretation re-made at ADD-02 (ADD-02 Q8 concerns the amount; reviewed for this row, no change.)",VOL-I:6.4 (VOL-I p3; text layer)
ADD-02,VOL-I-8.6-01,DELETED (ADD-01/4.1),REINSTATED-AMENDED (ADD-02/9.1),status; interpretation re-made at ADD-02 (Reinstated in amended form by ADD-02 §9.1; ADD-01 §4.2's disregard rule revoked by ADD-02…),VOL-I:8.6 (VOL-I p4; text layer); ADD-01/4.1 [proposed] <- ADD-01:4.1 (ADD-01 p1); ADD-02/9.1 [proposed] <- ADD-02:9.1 (ADD-02 p3)
ADD-02,VOL-I-9.4-01,ACTIVE,ACTIVE,interpretation re-made at ADD-02 (ADD-02 Q9 confirms Arabic; an English translation may be attached for convenience only.),VOL-I:9.4 (VOL-I p5; text layer)
ADD-02,VOL-IV-F4C-04,ACTIVE,ACTIVE,interpretation re-made at ADD-02 (ADD-02 Q9 (Form 4-C in Arabic) reviewed: no change to this declaration.),VOL-IV:F4-C/image/decl4 (VOL-IV p6; image reading)
ADD-02,VOL-IV-F4C-N1,ACTIVE,ACTIVE,interpretation re-made at ADD-02 (ADD-02 Q9 confirms the Arabic requirement.),VOL-IV:F4-C/image/note (VOL-IV p6; image reading)
ADD-02,ADD-02-7.2-01,NOT ISSUED,NEW,status; interpretation re-made at ADD-02,ADD-02:7.2 (ADD-02 p3; text layer)
ADD-02,ADD-02-F4G-01,NOT ISSUED,NEW,status; interpretation re-made at ADD-02,ADD-02:F4-G/T1/3 (ADD-02 p3; text layer); ADD-02/7.1 [proposed] <- ADD-02:7.1 (ADD-02 p3)
ADD-02,VOL-II-4.4-01,ACTIVE,AMENDED (ADD-02/4.1),status; interpretation re-made at ADD-02 (ADD-02 §4.1. The same words 'seventy-two (72) hours' in VOL-V 31.3 are not targeted.),VOL-II:4.4 (VOL-II p4; text layer); ADD-02/4.1 [proposed] <- ADD-02:4.1 (ADD-02 p1)
ADD-02,VOL-I-11.2-01,ACTIVE,AMENDED (ADD-02/T1-1-rev/note(2)),"status; interpretation re-made at ADD-02 (ADD-02 note (2) to Table 1-1 (small print). The old words were located by shape, not quot…)",VOL-I:11.2 (VOL-I p5; text layer); ADD-02/T1-1-rev/note(2) [proposed] <- ADD-02:T1-1-rev/note(2) (ADD-02 p1)
ADD-02,VOL-I-11.3-01,ACTIVE,ACTIVE,interpretation re-made at ADD-02 (ADD-02 note (1) confirms the threshold is unchanged.),VOL-I:11.3 (VOL-I p5; text layer)
ADD-02,VOL-I-T1-1-B,ACTIVE,AMENDED (ADD-02/3.1),"status; interpretation re-made at ADD-02 (Table 1-1 reissued by ADD-02 §3.1; B reduced by 5, D increased by 5, total 100 (checked).)",VOL-I:T1-1/B (VOL-I p6; text layer); ADD-02/3.1 [proposed] <- ADD-02:3.1 (ADD-02 p1)
ADD-02,VOL-I-T1-1-D,ACTIVE,AMENDED (ADD-02/3.1),status; interpretation re-made at ADD-02 (Table 1-1 reissued by ADD-02 §3.1.),VOL-I:T1-1/D (VOL-I p6; text layer); ADD-02/3.1 [proposed] <- ADD-02:3.1 (ADD-02 p1)
ADD-02,VOL-II-T2-4-TN,ACTIVE,AMENDED (ADD-02/5.1),"status; interpretation re-made at ADD-02 (ADD-02 §5.1 amends 'from the value shown' (which exists only in the image) to 3 mg/l, sam…)",VOL-II:T2-4/TN (VOL-II p3; image reading); ADD-02/5.1 [proposed] <- ADD-02:5.1 (ADD-02 p1)
ADD-03,VOL-I-6.1-01,ACTIVE (as amended by ADD-01/2.1) [PDD 2026-11-26],AMENDED (ADD-03/2.1) [PDD 2026-12-10] — STALE: VOL-I:6.1 changed since ADD-01 (by ADD-03/2.1); quote not found in the effective text at ADD-03: 'not later than 14:00 hours Riyadh time on Thursday 26 Novemb' (expected: the interpretation predates the change),status; dates moved; became STALE,VOL-I:6.1 (VOL-I p3; text layer); ADD-01/2.1 [proposed] <- ADD-01:2.1 (ADD-01 p1); ADD-03/2.1 [proposed] <- ADD-03:2.1 (ADD-03 p1)
ADD-03,VOL-I-5.2-01,ACTIVE [CLARIFICATION-CUTOFF 2026-11-12],ACTIVE [CLARIFICATION-CUTOFF 2026-11-26] — STALE: VOL-I:6.1 changed since ADD-01 (by ADD-03/2.1),dates moved; became STALE,VOL-I:5.2 (VOL-I p3; text layer)
ADD-03,VOL-I-6.3-01,ACTIVE [BID-BOND-VALIDITY 2027-05-25],ACTIVE [BID-BOND-VALIDITY 2027-06-08] — STALE: VOL-I:6.1 changed since ADD-01 (by ADD-03/2.1),dates moved; became STALE,VOL-I:6.3 (VOL-I p3; text layer)
ADD-03,VOL-I-7.1-01,ACTIVE [PROPOSAL-VALIDITY 2027-04-25],ACTIVE [PROPOSAL-VALIDITY 2027-05-09] — STALE: VOL-I:6.1 changed since ADD-01 (by ADD-03/2.1),dates moved; became STALE,VOL-I:7.1 (VOL-I p4; text layer)
ADD-03,VOL-I-8.3-01,ACTIVE [ISO-CURRENT-AT 2026-11-26],"ACTIVE [ISO-CURRENT-AT 2026-12-10] — STALE: VOL-I:6.1 changed since BASE (by ADD-01/2.1, ADD-03/2.1)",dates moved,VOL-I:8.3 (VOL-I p4; text layer)
ADD-03,VOL-I-8.5-01,ACTIVE [REFERENCE-LOOKBACK 2016-11-27],ACTIVE [REFERENCE-LOOKBACK 2016-12-11] — STALE: VOL-I:6.1 changed since ADD-01 (by ADD-03/2.1),dates moved; became STALE,VOL-I:8.5#fn12 (VOL-I p4; text layer)
ADD-03,VOL-I-8.6-01,REINSTATED-AMENDED (ADD-02/9.1),DELETED (ADD-03/4.1),status,VOL-I:8.6 (VOL-I p4; text layer); ADD-01/4.1 [proposed] <- ADD-01:4.1 (ADD-01 p1); ADD-02/9.1 [proposed] <- ADD-02:9.1 (ADD-02 p3); ADD-03/4.1 [proposed] <- ADD-03:4.1 (ADD-03 p1)
ADD-03,VOL-V-31.3-01,ACTIVE,AMENDED (ADD-03/3.1) — STALE: VOL-V:31.3 changed since BASE (by ADD-03/3.1); quote not found in the effective text at ADD-03: 'of seventy-two (72) hours to an event under Clause 31.1(c)' (expected: the interpretation predates the change),status; became STALE,VOL-V:31.3 (VOL-V p3; text layer); ADD-03/3.1 [proposed] <- ADD-03:3.1 (ADD-03 p1)
