id,name,discipline,evidence,envelope,req_ids,owner,resource,issuer,count,multiplicity,duration_wd,duration_assumption,duration_basis,effort_wd,effort_total_wd,effort_basis,waiting_on,work_type,predecessors,earliest_start,earliest_finish,es_driven_by,latest_start,latest_finish,driven_by,float_wd,deadline,timing_status,decision_status,gated_by,decision_needed_by,condition,resource_status,status,flags
lcc-ratio,Compute the construction-phase local content ratio,Commercial,EV-LCC,A,VOL-I-8.6-01,Commercial,commercial_manager,Bidder,1,,5,lcc_ratio_calc,ASSUMPTION (PROVISIONAL; owner Commercial): compute the construction-phase local content ratio; not stated,4,4,ASSUMPTION (PROVISIONAL; owner Commercial): four commercial staff-days; internal; waits on: no external party,,staff effort,,2026-11-01,2026-11-05,planning date,2026-10-05,2026-10-11,lcc-certificate,-19,,INFEASIBLE by 19 WD,READY,,,,NOT LOADED (late window 2026-10-05..2026-10-11 ends before the planning date (INFEASIBLE; see drivers)),INFEASIBLE by 19 WD,INFEASIBLE by 19 WD (total float -19 WD: latest start 2026-10-05 is before the planning date 2026-11-01; not compressed)
lcc-certificate,Obtain the Local Content Certificate from the competent authority,Commercial,EV-LCC,A,VOL-I-8.6-01,Commercial,commercial_manager,Competent authority (not named in the pack),1,,30,lcc_certificate,ASSUMPTION (PROVISIONAL; owner Commercial): issuing authority not named and no lead time stated; the (non-binding) minutes record bidders' difficulty obtaining it 'within the programme'; set deliberately long until the owner confirms,3,3,ASSUMPTION (PROVISIONAL; owner Commercial): three staff-days to apply and answer queries; the rest is the authority's processing time; waits on: competent authority (not named in the pack),competent authority (not named in the pack),external waiting + staff effort,lcc-ratio,2026-11-08,2026-12-20,lcc-ratio,2026-10-12,2026-11-23,assemble-envelope-a,-19,,INFEASIBLE by 19 WD,READY,,,,OVERLOAD commercial_manager on 2026-11-19..2026-11-23 (peak 2.721 vs capacity 2 staff),INFEASIBLE by 19 WD,INFEASIBLE by 19 WD (total float -19 WD: latest start 2026-10-12 is before the planning date 2026-11-01; not compressed)
attendance-notice,"If the attendance record is wrong, notify the Authority through the Portal",Bid management,EV-ATTENDANCE,none,ADD-01-3.1-01; VOL-I-5.4-01,Bid management,bid_manager,Bidder,1,,2,clarification_drafting,ASSUMPTION (PROVISIONAL; owner Bid management): draft and submit requests or notices through the Portal; not stated,1.5,1.5,ASSUMPTION (PROVISIONAL; owner Bid management): one and a half bid-manager days; internal; waits on: no external party,,staff effort,,2026-11-01,2026-11-02,planning date,2026-10-13,2026-10-14,deadline:ATTENDANCE-NOTICE,-13,ATTENDANCE-NOTICE = 2026-10-14 (from ADD-01-3.1-01),CONDITIONAL — window elapsed 2026-10-14; whether the condition arose is not known,READY,,,the Bidder considers its attendance at the Pre-Bid Conference to have been incorrectly recorded (ADD-01 3.1),NOT LOADED (timing status CONDITIONAL: no work is scheduled),CONDITIONAL — window elapsed 2026-10-14; whether the condition arose is not known,"CONDITIONAL — window elapsed 2026-10-14; whether the condition arose is not known (ATTENDANCE-NOTICE = 2026-10-14 is before the planning date 2026-11-01; needed only if the Bidder considers its attendance at the Pre-Bid Conference to have been incorrectly recorded (ADD-01 3.1); an elapsed window alone does not establish a missed duty: a person records whether the condition arose and, if it did, what was done)"
fin-model-build,"Complete the Financial Model (unlocked, fully formula-linked Excel, no macros, no hard-coded values in calculation cells)",Commercial,EV-FIN-MODEL,B,VOL-I-10.1-01; VOL-I-10.3-01; VOL-IV-F4F-02,Commercial,financial_modeller,Bidder,1,,15,fin_model_build,"ASSUMPTION (PROVISIONAL; owner Commercial): remaining build of a Financial Model already in development (unlocked, formula-linked, no macros); not stated",15,15,ASSUMPTION (PROVISIONAL; owner Commercial): the modeller full time over the 15 Working Days; internal; waits on: no external party,,staff effort,,2026-11-01,2026-11-19,planning date,2026-10-25,2026-11-12,fin-model-freeze,-5,,INFEASIBLE by 5 WD,READY,,,,OVERLOAD financial_modeller on 2026-11-01..2026-11-15 (peak 1.8 vs capacity 1 staff),INFEASIBLE by 5 WD,"INFEASIBLE by 5 WD (total float -5 WD: latest start 2026-10-25 is before the planning date 2026-11-01; not compressed); REVIEW (proposed relationship): VOL-I-10.3-01, VOL-IV-F4F-02 reached from VOL-V:29.3, VOL-V:31.4 via REL-MODEL-FORM-4F, REL-PAY-DEDUCTIONS, REL-PAY-FINANCIAL-MODEL, REL-PAY-MECHANISM; dates unchanged (a relationship, not a direct citation)"
model-auditor-appoint,Appoint the independent model auditor (opinion to be addressed to the Authority),Commercial,EV-MODEL-AUDIT,B,VOL-I-10.3-02,Commercial,commercial_manager,Bidder,1,,5,model_auditor_appointment,ASSUMPTION (PROVISIONAL; owner Commercial): engage an independent model auditor (opinion addressed to the Authority); not stated,1,1,ASSUMPTION (PROVISIONAL; owner Commercial): one staff-day for the engagement letter; the rest is the auditor's acceptance; waits on: model auditor (engagement),model auditor (engagement),external waiting + staff effort,,2026-11-01,2026-11-05,planning date,2026-10-26,2026-11-01,model-audit-review,-4,,INFEASIBLE by 4 WD,READY,,,,OK,INFEASIBLE by 4 WD,INFEASIBLE by 4 WD (total float -4 WD: latest start 2026-10-26 is before the planning date 2026-11-01; not compressed)
pcg-wording,Agree the Parent Company Guarantee wording (substantially Form 4-D; unconditional for the construction period) with the EPC Contractor's ultimate parent,Legal,EV-FORM-4D,A,VOL-I-8.7-01; VOL-IV-F4D-01; VOL-IV-F4D-02; VOL-IV-F4D-03; VOL-IV-F4D-04; VOL-IV-F4D-05; VOL-IV-F4D-06; VOL-IV-F4D-07; VOL-IV-F4D-08,Legal,legal_counsel,Ultimate parent of the EPC Contractor,1,,10,pcg_wording,ASSUMPTION (PROVISIONAL; owner Legal): agree the Parent Company Guarantee wording (substantially Form 4-D) with the EPC Contractor's ultimate parent; not stated,4,4,ASSUMPTION (PROVISIONAL; owner Legal): four lawyer-days of negotiation; the rest is the parent's review time; waits on: ultimate parent of the EPC Contractor (its lawyers),ultimate parent of the EPC Contractor (its lawyers),external waiting + staff effort,,2026-11-01,2026-11-12,planning date,2026-10-26,2026-11-08,pcg-execution,-4,,INFEASIBLE by 4 WD,READY,,,,OVERLOAD legal_counsel on 2026-11-05..2026-11-08 (peak 2.067 vs capacity 2 staff),INFEASIBLE by 4 WD,INFEASIBLE by 4 WD (total float -4 WD: latest start 2026-10-26 is before the planning date 2026-11-01; not compressed)
technical-proposal,"Write the Technical Proposal narrative (process design to the effective Table 2-4 limits, TN as amended by ADD-02 5.1 and TP by ADD-03 5.1; standby power duration; page limit as amended)",Technical,EV-TECH-PROPOSAL,A,ADD-02-5.2-01; ADD-02-T1-1-N3-01; ADD-03-5.2-01; VOL-I-11.3-01; VOL-I-9.2-01; VOL-I-9.7-01; VOL-I-T1-1-A; VOL-I-T1-1-B; VOL-I-T1-1-C; VOL-I-T1-1-D; VOL-I-T1-1-E; VOL-I-T1-1-F; VOL-II-1.1-01; VOL-II-1.2-01; VOL-II-1.3-01; VOL-II-1.4-01; VOL-II-2.1-01; VOL-II-2.2-01; VOL-II-2.2-02; VOL-II-2.3-01; VOL-II-2.4-01; VOL-II-2.5-01; VOL-II-3.1-01; VOL-II-3.2-01; VOL-II-3.2-02; VOL-II-3.3-01; VOL-II-3.4-01; VOL-II-3.5-01; VOL-II-4.1-01; VOL-II-4.3-01; VOL-II-4.3-02; VOL-II-4.4-01; VOL-II-4.4-02; VOL-II-4.5-01; VOL-II-5.1-01; VOL-II-5.2-01; VOL-II-5.2-02; VOL-II-5.3-01; VOL-II-5.3-02; VOL-II-5.4-01; VOL-II-5.4-02; VOL-II-5.5-01; VOL-II-5.5-02; VOL-II-6.1-01; VOL-II-6.1-02; VOL-II-6.2-01; VOL-II-6.3-01; VOL-II-6.3-02; VOL-II-6.4-01; VOL-II-6.4-02; VOL-II-7.1-01; VOL-II-7.2-01; VOL-II-7.4-01; VOL-II-8.1-01; VOL-II-8.2-01; VOL-II-8.3-01; VOL-II-8.3-02; VOL-II-8.4-01; VOL-II-8.4-02; VOL-II-8.5-01; VOL-II-8.5-02; VOL-II-9.1-01; VOL-II-9.1-02; VOL-II-9.2-01; VOL-II-9.3-01; VOL-II-9.4-01; VOL-II-9.5-01; VOL-II-T2-4-BOD5; VOL-II-T2-4-COD; VOL-II-T2-4-FaecalColiforms; VOL-II-T2-4-NOTE1; VOL-II-T2-4-OilGrease; VOL-II-T2-4-ResidualChlorine; VOL-II-T2-4-TN; VOL-II-T2-4-TP; VOL-II-T2-4-TSS; VOL-II-T2-4-Turbidity; VOL-II-T2-4-pH; VOL-II-T2-6-1; VOL-II-T2-6-2; VOL-II-T2-6-3; VOL-II-T2-6-4; VOL-II-T2-6-5; VOL-II-T2-6-6,Technical,proposal_writers,Bidder,1,,20,technical_proposal,"ASSUMPTION (PROVISIONAL; owner Technical): remaining work on the narrative incl. process design to the amended TN and TP limits (ADD-02 5.1; ADD-03 5.1, added at ADD-03) and standby power; not stated",45,45,ASSUMPTION (PROVISIONAL; owner Technical): about 2.25 writers full time over the 20 Working Days; internal; waits on: no external party,,staff effort,,2026-11-01,2026-11-29,planning date,2026-10-26,2026-11-23,assemble-envelope-a,-4,,INFEASIBLE by 4 WD,READY,,,,OK,INFEASIBLE by 4 WD,"INFEASIBLE by 4 WD (total float -4 WD: latest start 2026-10-26 is before the planning date 2026-11-01; not compressed); REVIEW (confirmed dependency): VOL-II-2.4-01, VOL-II-2.5-01, VOL-II-3.1-01, VOL-II-4.3-02, VOL-II-7.2-01 reached from VOL-II:T2-4 via REL-T24-COMPLIANCE-MONITORING-STREAMS, REL-T24-PROCESS-DESIGN, REL-T24-RELIABILITY-RUN; dates unchanged (a relationship, not a direct citation)"
ground-dd,Review the data-room geotechnical report and satisfy the Bidder as to ground conditions (e.g. the wadi crossing; ADD-01 Q4); feed the construction methodology and the price,Technical,EV-GROUND-DD,none,ADD-01-Q4-01,Technical,technical_lead,Bidder,1,,10,ground_due_diligence,ASSUMPTION (PROVISIONAL; owner Technical): review of the data-room geotechnical report and any own investigation needed to price ground risk; not stated,6,6,ASSUMPTION (PROVISIONAL; owner Technical): six engineer-days of review; no own site investigation assumed; waits on: no external party,,staff effort,,2026-11-01,2026-11-12,planning date,2026-11-01,2026-11-12,fin-model-freeze,0,,OK,READY,,,,OK,OK,
lender-terms,"Obtain indicative financing terms (debt tenor, margin, gearing) for the model",Commercial,EV-FIN-ASSUMPTIONS,B,VOL-I-10.6-01,Commercial,commercial_manager,Lenders,1,,10,lender_terms,"ASSUMPTION (PROVISIONAL; owner Commercial): indicative financing terms (tenor, margin, gearing) from lenders; not stated",2,2,ASSUMPTION (PROVISIONAL; owner Commercial): two staff-days to brief lenders and collect terms; the rest is the lenders' time; waits on: lenders,lenders,external waiting + staff effort,,2026-11-01,2026-11-12,planning date,2026-11-01,2026-11-12,fin-model-freeze,0,,OK,READY,,,,OK,OK,"REVIEW (possible impact): VOL-I-10.6-01 reached from VOL-V:29.3, VOL-V:31.4 via REL-PAY-DEDUCTIONS, REL-PAY-FINANCING-ASSUMPTIONS, REL-PAY-MECHANISM; dates unchanged (a relationship, not a direct citation)"
completion-certs,"Obtain the client completion certificate for each reference project (a reference without one is disregarded, VOL-I 9.5)",Technical,EV-COMPLETION-CERT,A,VOL-I-9.5-01,Technical,technical_lead,Client of each reference plant,2,x2 (per reference: bidder.reference_plants_offered = 2; PROVISIONAL ASSUMPTION),15,completion_certificate,ASSUMPTION (PROVISIONAL; owner Technical): obtain a client completion certificate for each reference plant from a third-party client; none is assumed to be held already; not stated,1,2,"ASSUMPTION (PROVISIONAL; owner Technical): one engineer-day per reference to request, chase and check the certificate; the rest is the client's time; waits on: client of each reference plant",client of each reference plant,external waiting + staff effort,,2026-11-01,2026-11-19,planning date,2026-11-02,2026-11-23,assemble-envelope-a,1,,OK,READY,,,,OK,OK,
model-audit-review,Rolling review of the draft Financial Model by the model auditor,Commercial,EV-MODEL-AUDIT,B,VOL-I-10.3-02,Commercial,financial_modeller,Independent model auditor,1,,10,model_audit_review,ASSUMPTION (PROVISIONAL; owner Commercial): rolling review of the draft model by the auditor; not stated,3,3,ASSUMPTION (PROVISIONAL; owner Commercial): three modeller-days answering the auditor's queries; the rest is the auditor's review; waits on: independent model auditor,independent model auditor,external waiting + staff effort,model-auditor-appoint,2026-11-08,2026-11-19,model-auditor-appoint,2026-11-02,2026-11-15,model-audit-opinion,-4,,INFEASIBLE by 4 WD,READY,,,,OVERLOAD financial_modeller on 2026-11-01..2026-11-15 (peak 1.8 vs capacity 1 staff),INFEASIBLE by 4 WD,INFEASIBLE by 4 WD (total float -4 WD: earliest start 2026-11-08 (after model-auditor-appoint) is after the latest start 2026-11-02; not compressed)
poa-resolutions,Obtain the board resolutions of each member authorising its signatories,Legal,EV-POA,A,VOL-I-9.1h-01; VOL-I-9.3-01,Legal,legal_counsel,Each member's board,3,x3 (per member: bidder.members = 3; PROVISIONAL ASSUMPTION),5,poa_board_resolutions,"ASSUMPTION (PROVISIONAL; owner Legal): board resolutions of each member authorising its signatories, members in parallel; not stated in the pack",1,3,ASSUMPTION (PROVISIONAL; owner Legal): one lawyer-day per member to draft the resolution and chase it; the rest is the board's own time; waits on: each member's board,each member's board,external waiting + staff effort,,2026-11-01,2026-11-05,planning date,2026-11-02,2026-11-08,poa,1,,OK,READY,,,,OVERLOAD legal_counsel on 2026-11-05..2026-11-08 (peak 2.067 vs capacity 2 staff),OK,
om-membership,"Confirm that the proposed O&M Operator is a member of the Bidder and that the planned Project Company shareholding gives it at least 10% from Financial Close to the second anniversary of PCOD (VOL-I 8.8 as amended by ADD-03 3.1); if it is not a member, the consent route applies (ADD-03 3.2-3.3)",Legal,EV-OM-MEMBERSHIP,none,ADD-03-3.1-01; ADD-03-3.1-02; ADD-03-3.4-01,Legal,legal_counsel,Bidder,1,,2,om_membership_check,ASSUMPTION (PROVISIONAL; owner Legal): PROVISIONAL ASSUMPTION (blind rehearsal 03): confirm the O&M Operator's membership of the Bidder and the planned Project Company shareholding (VOL-I 8.8 as amended by ADD-03 3.1); not stated,1,1,ASSUMPTION (PROVISIONAL; owner Legal): one lawyer-day to check the consortium documents; internal; waits on: no external party,,staff effort,,2026-11-01,2026-11-02,planning date,2026-11-03,2026-11-04,om-intent-notice,2,,OK,READY,,,,OK,OK,
references,"Collect commercial-operation evidence for the reference plants (capacity, commercial operation within the look-back window)",Technical,EV-REFERENCES,A,VOL-I-8.5-01,Technical,technical_lead,Reference plant owners,2,x2 (per reference: bidder.reference_plants_offered = 2; PROVISIONAL ASSUMPTION),10,reference_evidence,"ASSUMPTION (PROVISIONAL; owner Technical): commercial-operation evidence for the reference plants, plants in parallel; not stated",2,4,ASSUMPTION (PROVISIONAL; owner Technical): two engineer-days per plant to request and check the evidence; waits on: reference plant owners,reference plant owners,external waiting + staff effort,,2026-11-01,2026-11-12,planning date,2026-11-03,2026-11-16,form-4b-prep,2,,OK,READY,,,,OK,OK,
bond-approval,Obtain bank approval for the Bid Bond,Commercial,EV-BID-BOND,A,VOL-I-6.3-01; VOL-I-6.4-01; VOL-I-6.4-02,Commercial,commercial_manager,"Bank licensed in the Kingdom, rated A- or better",1,,10,bid_bond_bank_approval,ASSUMPTION (PROVISIONAL; owner Commercial): bank credit approval for a SAR 4.5m first-demand bond; not stated,2,2,ASSUMPTION (PROVISIONAL; owner Commercial): two commercial staff-days for the application and the bank's questions; the rest is the bank's credit process; waits on: bank (credit approval),bank (credit approval),external waiting + staff effort,,2026-11-01,2026-11-12,planning date,2026-11-04,2026-11-17,bond-issue,3,,OK,READY,,,,OK,OK,
deviations-review,"Review Volume V and list every deviation, qualification or reservation",Legal,EV-FORM-4E,A,VOL-I-9.6-01; VOL-IV-F4E-01; VOL-V-NOTE-01,Legal,legal_counsel,Bidder,1,,10,deviations_review,"ASSUMPTION (PROVISIONAL; owner Legal): review Volume V and list every deviation, qualification or reservation; not stated",8,8,ASSUMPTION (PROVISIONAL; owner Legal): eight lawyer-days of review; internal; waits on: no external party,,staff effort,,2026-11-01,2026-11-12,planning date,2026-11-05,2026-11-18,form-4e,4,,OK,READY,,,,OVERLOAD legal_counsel on 2026-11-05..2026-11-08 (peak 2.067 vs capacity 2 staff); OVERLOAD legal_counsel on 2026-11-15..2026-11-23 (peak 3.317 vs capacity 2 staff),OK,
om-intent-notice,Notify the Authority through the Portal of the intention to apply for consent to admit the O&M Operator as a member (ADD-03 3.3),Bid management,EV-OM-CONSENT,none,ADD-03-3.2-01; ADD-03-3.3-01,Bid management,bid_manager,Bidder,1,,1,change_notice,ASSUMPTION (PROVISIONAL; owner Bid management): PROVISIONAL ASSUMPTION (blind rehearsal 03): draft and submit a notice through the Portal (ADD-03 3.3 intention to apply; 3.4 O&M Operator ceasing to be a member); not stated,0.5,0.5,ASSUMPTION (PROVISIONAL; owner Bid management): half a bid-manager day; internal; waits on: no external party,,staff effort,om-membership,2026-11-03,2026-11-03,om-membership,2026-11-05,2026-11-05,deadline:INTENT-NOTICE,2,INTENT-NOTICE = 2026-11-05 (from ADD-03-3.3-01),OK,READY,,,the proposed O&M Operator is not a member of the Bidder and the Bidder intends to apply under ADD-03 3.2,OK,OK,CONDITIONAL (only if the proposed O&M Operator is not a member of the Bidder and the Bidder intends to apply under ADD-03 3.2)
om-evidence,Obtain evidence of the O&M Operator's continuous operation of a qualifying facility (VOL-I 8.8),Technical,EV-OM-EXPERIENCE,A,VOL-I-8.8-01,Technical,technical_lead,O&M Operator,1,x1 (per om_operator: bidder.om_operators = 1; PROVISIONAL ASSUMPTION),10,om_experience_evidence,ASSUMPTION (PROVISIONAL; owner Technical): operating-experience evidence from the O&M Operator; not stated,1.5,1.5,ASSUMPTION (PROVISIONAL; owner Technical): one and a half engineer-days to request and check the evidence; waits on: O&M Operator,O&M Operator,external waiting + staff effort,,2026-11-01,2026-11-12,planning date,2026-11-09,2026-11-23,assemble-envelope-a,6,,OK,READY,,,,OK,OK,
pcg-execution,Obtain the executed Parent Company Guarantee from the ultimate parent,Legal,EV-FORM-4D,A,VOL-I-8.7-01; VOL-IV-F4D-01; VOL-IV-F4D-02; VOL-IV-F4D-03; VOL-IV-F4D-04; VOL-IV-F4D-05; VOL-IV-F4D-06; VOL-IV-F4D-07; VOL-IV-F4D-08,Legal,legal_counsel,Ultimate parent of the EPC Contractor,1,x1 (per epc_contractor: bidder.epc_contractors = 1; PROVISIONAL ASSUMPTION),10,pcg_execution,ASSUMPTION (PROVISIONAL; owner Legal): parent board approval and execution of the guarantee; not stated,1,1,ASSUMPTION (PROVISIONAL; owner Legal): one lawyer-day per guarantee to chase and check the executed original; waits on: ultimate parent's board,ultimate parent's board,external waiting + staff effort,pcg-wording,2026-11-15,2026-11-29,pcg-wording,2026-11-09,2026-11-23,assemble-envelope-a,-4,,INFEASIBLE by 4 WD,READY,,,,OVERLOAD legal_counsel on 2026-11-15..2026-11-23 (peak 3.317 vs capacity 2 staff),INFEASIBLE by 4 WD,INFEASIBLE by 4 WD (total float -4 WD: earliest start 2026-11-15 (after pcg-wording) is after the latest start 2026-11-09; not compressed)
poa,Notarise the Power of Attorney of each signatory (Form 4-A signatory of the lead member; Form 4-C signatory of each member),Legal,EV-POA,A,VOL-I-9.1h-01; VOL-I-9.3-01,Legal,legal_counsel,Notary,3,x3 (per signatory: bidder.members = 3 x bidder.signatories_per_member = 1; PROVISIONAL ASSUMPTION),5,poa_notarisation,"ASSUMPTION (PROVISIONAL; owner Legal): typical notarisation of a Power of Attorney, signatories in parallel; not stated in the pack",1,3,ASSUMPTION (PROVISIONAL; owner Legal): one lawyer-day per signatory to prepare the PoA and attend the notary; the rest is the notary's queue; waits on: notary,notary,external waiting + staff effort,poa-resolutions,2026-11-08,2026-11-12,poa-resolutions,2026-11-09,2026-11-15,investment-licence,1,,OK,READY,,,,OVERLOAD legal_counsel on 2026-11-15..2026-11-23 (peak 3.317 vs capacity 2 staff),OK,
clarifications,"Submit clarification requests citing Volume, Clause and page (e.g. Form 4-A printed date; Envelope B contents; one USB per envelope)",Bid management,EV-CLARIFICATIONS,none,VOL-I-3.3-01; VOL-I-3.4-01; VOL-I-5.1-01; VOL-I-5.2-01; VOL-II-4.2-01,Bid management,bid_manager,Bidder,1,,2,clarification_drafting,ASSUMPTION (PROVISIONAL; owner Bid management): draft and submit requests or notices through the Portal; not stated,1.5,1.5,ASSUMPTION (PROVISIONAL; owner Bid management): one and a half bid-manager days; internal; waits on: no external party,,staff effort,,2026-11-01,2026-11-02,planning date,2026-11-10,2026-11-11,deadline:CLARIFICATION-CUTOFF,7,CLARIFICATION-CUTOFF = 2026-11-11 (from VOL-I-5.2-01),OK,READY,,,,OK,OK,
form-4g-review,"Review the Form 4-G undertakings with the O&M and OT security leads (from ADD-03 the reissued form has seven: undertaking 7, security screening approved by the Authority, is new)",Technical,EV-FORM-4G,A,ADD-02-7.2-01; ADD-02-F4G-01; ADD-02-F4G-02; ADD-02-F4G-03; ADD-02-F4G-05; ADD-02-F4G-06; ADD-02-F4G-07; ADD-03-7.2-01; ADD-03-F4G-01,Technical,technical_lead,Bidder,1,,5,form_4g_review,ASSUMPTION (PROVISIONAL; owner Technical): review the seven cybersecurity undertakings of the reissued Form 4-G with the O&M and OT teams (corrected at ADD-03: the basis said six; ADD-03 Appendix A adds undertaking 7); not stated,3,3,ASSUMPTION (PROVISIONAL; owner Technical): three engineer-days; the O&M and OT leads are treated as part of the bid team; waits on: no external party,,staff effort,,2026-11-01,2026-11-05,planning date,2026-11-10,2026-11-16,form-4g-sign,7,,OK,READY,,,,OK,OK,
fin-statements,Collect each member's most recent audited financial statements (three financial years),Commercial,EV-FIN-STANDING,A,VOL-I-8.4-01; VOL-I-8.4-02,Commercial,commercial_manager,Each member (audited accounts),3,x3 (per member: bidder.members = 3; PROVISIONAL ASSUMPTION),5,fin_statements_collection,"ASSUMPTION (PROVISIONAL; owner Commercial): collect each member's most recent audited financial statements, members in parallel; not stated",0.5,1.5,ASSUMPTION (PROVISIONAL; owner Commercial): half a staff-day per member to request and check the accounts; waits on: each member (audited accounts),each member (audited accounts),external waiting + staff effort,,2026-11-01,2026-11-05,planning date,2026-11-11,2026-11-17,fin-standing,8,,OK,READY,,,,OK,OK,"REVIEW (confirmed dependency): VOL-I-8.4-01, VOL-I-8.4-02 reached from VOL-I:8.1, VOL-I:8.8 via REL-ADD03-OM-OPERATOR-MEMBER, REL-MEMBER-FIN-STANDING; dates unchanged (a relationship, not a direct citation)"
fin-model-freeze,Freeze the Financial Model (final inputs and version) for the audit opinion and Form 4-F,Commercial,EV-FIN-MODEL,B,VOL-I-10.1-01; VOL-I-10.3-01; VOL-IV-F4F-02,Commercial,financial_modeller,Bidder,1,,1,fin_model_freeze,ASSUMPTION (PROVISIONAL; owner Commercial): freeze inputs and version for audit and Form 4-F; not stated,1,1,ASSUMPTION (PROVISIONAL; owner Commercial): one modeller-day; internal; waits on: no external party,,staff effort,fin-model-build; ground-dd; lender-terms,2026-11-23,2026-11-23,fin-model-build,2026-11-15,2026-11-15,model-audit-opinion,-5,,INFEASIBLE by 5 WD,READY,,,,OVERLOAD financial_modeller on 2026-11-01..2026-11-15 (peak 1.8 vs capacity 1 staff),INFEASIBLE by 5 WD,"INFEASIBLE by 5 WD (total float -5 WD: earliest start 2026-11-23 (after fin-model-build) is after the latest start 2026-11-15; not compressed); REVIEW (proposed relationship): VOL-I-10.3-01, VOL-IV-F4F-02 reached from VOL-V:29.3, VOL-V:31.4 via REL-MODEL-FORM-4F, REL-PAY-DEDUCTIONS, REL-PAY-FINANCIAL-MODEL, REL-PAY-MECHANISM; dates unchanged (a relationship, not a direct citation)"
om-consent-application,"Apply through the Portal for the Authority's consent under VOL-I 8.1 to the admission of the O&M Operator as a member (ADD-03 3.2; ADD-03 Q17 states a different date, I-ADD03-CONSENT-DATE: planned to the earlier)",Legal,EV-OM-CONSENT,none,ADD-03-3.2-01; ADD-03-3.3-01,Legal,legal_counsel,Bidder,1,,5,consent_application,"ASSUMPTION (PROVISIONAL; owner Legal): PROVISIONAL ASSUMPTION (blind rehearsal 03): prepare the application for the Authority's consent under VOL-I 8.1 to admit the O&M Operator as a member (ADD-03 3.2), including the members' internal approvals; not stated",3,3,ASSUMPTION (PROVISIONAL; owner Legal): three lawyer-days of drafting and coordination; the rest is the members' approval time; waits on: the existing members and the O&M Operator (approvals),the existing members and the O&M Operator (approvals),external waiting + staff effort,om-intent-notice,2026-11-04,2026-11-10,om-intent-notice,2026-11-15,2026-11-19,deadline:CONSENT-APPLICATION,7,CONSENT-APPLICATION = 2026-11-19 (from ADD-03-3.2-01),OK,READY,,,the proposed O&M Operator is not a member of the Bidder (ADD-03 3.2),OVERLOAD legal_counsel on 2026-11-15..2026-11-23 (peak 3.317 vs capacity 2 staff),OK,CONDITIONAL (only if the proposed O&M Operator is not a member of the Bidder (ADD-03 3.2))
form-4c-prep,"Prepare Form 4-C in Arabic for each member, with the fourth declaration as substituted by ADD-03 4.2 (a Form 4-C with the declaration as issued is not properly executed, ADD-03 4.4)",Legal,EV-FORM-4C,A,ADD-03-4.2-01; ADD-03-4.4-01; VOL-I-8.10-01; VOL-I-8.2-01; VOL-I-9.4-01; VOL-IV-F4C-01; VOL-IV-F4C-02; VOL-IV-F4C-03; VOL-IV-F4C-05; VOL-IV-F4C-N1,Legal,legal_counsel,Bidder,1,,2,form_4c_arabic_prep,"ASSUMPTION (PROVISIONAL; owner Legal): prepare the Arabic form text for the members, with the fourth declaration as substituted by ADD-03 4.2; not stated",2,2,ASSUMPTION (PROVISIONAL; owner Legal): two lawyer-days (Arabic drafting and check); internal; waits on: no external party,,staff effort,,2026-11-01,2026-11-02,planning date,2026-11-16,2026-11-17,form-4c-sign,11,,OK,READY,,,,OVERLOAD legal_counsel on 2026-11-15..2026-11-23 (peak 3.317 vs capacity 2 staff),OK,"REVIEW (confirmed dependency): ADD-03-4.4-01, VOL-I-8.10-01, VOL-I-8.2-01, VOL-I-9.4-01, VOL-IV-F4C-02, VOL-IV-F4C-03, VOL-IV-F4C-N1 reached from VOL-I:8.1, VOL-I:8.8 via REL-ADD03-OM-OPERATOR-MEMBER, REL-MEMBER-DEBARMENT, REL-MEMBER-FORM-4C, REL-MEMBER-MULTIPLE-PARTICIPATION; dates unchanged (a relationship, not a direct citation)"
investment-licence,"For each foreign member: evidence of a current investment licence, or a signed undertaking to obtain it before Financial Close (VOL-I 8.9)",Legal,EV-INVESTMENT-LICENCE,A,VOL-I-8.9-01,Legal,legal_counsel,Licensing authority / each foreign member,1,x1 (per foreign_member: bidder.foreign_members = 1; PROVISIONAL ASSUMPTION),5,investment_licence,ASSUMPTION (PROVISIONAL; owner Legal): copy of a current licence or a signed undertaking per foreign member (VOL-I 8.9); not stated,1,1,"ASSUMPTION (PROVISIONAL; owner Legal): one lawyer-day per foreign member to request, check and, for the undertaking route, draft the undertaking; waits on: each foreign member (licence copy or signed undertaking)",each foreign member (licence copy or signed undertaking),external waiting + staff effort,poa,2026-11-15,2026-11-19,poa,2026-11-16,2026-11-23,assemble-envelope-a,1,,OK,READY,,,,OVERLOAD legal_counsel on 2026-11-15..2026-11-23 (peak 3.317 vs capacity 2 staff),OK,"REVIEW (confirmed dependency): VOL-I-8.9-01 reached from VOL-I:8.1 via REL-MEMBER-INVESTMENT-LICENCE; dates unchanged (a relationship, not a direct citation)"
model-audit-opinion,Audit of the frozen Financial Model and issue of the opinion addressed to the Authority (VOL-I 10.3),Commercial,EV-MODEL-AUDIT,B,VOL-I-10.3-02,Commercial,commercial_manager,Independent model auditor,1,,5,model_audit_opinion,ASSUMPTION (PROVISIONAL; owner Commercial): final review of the frozen model and issue of the opinion; not stated,1,1,ASSUMPTION (PROVISIONAL; owner Commercial): one staff-day to answer final queries and check the opinion's addressee; waits on: independent model auditor,independent model auditor,external waiting + staff effort,fin-model-freeze; model-audit-review,2026-11-24,2026-11-30,fin-model-freeze,2026-11-16,2026-11-23,assemble-envelope-b,-5,,INFEASIBLE by 5 WD,READY,,,,OVERLOAD commercial_manager on 2026-11-19..2026-11-23 (peak 2.721 vs capacity 2 staff),INFEASIBLE by 5 WD,INFEASIBLE by 5 WD (total float -5 WD: earliest start 2026-11-24 (after fin-model-freeze) is after the latest start 2026-11-16; not compressed)
form-4b-prep,"Prepare one Form 4-B for each reference project from the reference evidence, every printed field drafted (preparation; not gated)",Technical,EV-FORM-4B,A,VOL-I-9.5-01; VOL-IV-F4B-01,Technical,technical_lead,Bidder,2,x2 (per reference: bidder.reference_plants_offered = 2; PROVISIONAL ASSUMPTION),3,form_4b_preparation,ASSUMPTION (PROVISIONAL; owner Technical): prepare one Form 4-B per reference project from the reference evidence; not stated,1,2,ASSUMPTION (PROVISIONAL; owner Technical): one engineer-day per reference form; internal; waits on: no external party,,staff effort,references,2026-11-15,2026-11-17,references,2026-11-17,2026-11-19,form-4b,2,,OK,READY,,,,OK,OK,
form-4g-sign,"Complete and sign Form 4-G for the Bidder (the form in force; from ADD-03 the reissued form at ADD-03 Appendix A, ADD-03 7.1)",Technical,EV-FORM-4G,A,ADD-02-7.2-01; ADD-02-F4G-01; ADD-02-F4G-02; ADD-02-F4G-03; ADD-02-F4G-05; ADD-02-F4G-06; ADD-02-F4G-07; ADD-03-7.2-01; ADD-03-F4G-01,Technical,technical_lead,Bidder,1,,1,form_4g_signature,ASSUMPTION (PROVISIONAL; owner Technical): signature for the Bidder; not stated,0.25,0.25,ASSUMPTION (PROVISIONAL; owner Technical): a quarter engineer-day; internal; waits on: no external party,,staff effort,form-4g-review; poa,2026-11-15,2026-11-15,poa,2026-11-17,2026-11-17,form-4g-countersign,2,,OK,READY,,,,OK,OK,
bond-issue,Issue the Bid Bond (validity per VOL-I 6.3),Commercial,EV-BID-BOND,A,VOL-I-6.3-01; VOL-I-6.4-01; VOL-I-6.4-02,Commercial,commercial_manager,Issuing bank,1,,3,bid_bond_issue,ASSUMPTION (PROVISIONAL; owner Commercial): issue of the bond after approval; not stated,0.5,0.5,ASSUMPTION (PROVISIONAL; owner Commercial): half a staff-day to check the wording against VOL-I 6.3 and 6.4; waits on: issuing bank,issuing bank,external waiting + staff effort,bond-approval,2026-11-15,2026-11-17,bond-approval,2026-11-18,2026-11-23,assemble-envelope-a,3,,OK,READY,,,,OVERLOAD commercial_manager on 2026-11-19..2026-11-23 (peak 2.721 vs capacity 2 staff),OK,
fin-standing,"Compute and evidence combined tangible net worth and three-year average turnover, weighted by shareholding (VOL-I 8.4)",Commercial,EV-FIN-STANDING,A,VOL-I-8.4-01; VOL-I-8.4-02,Commercial,commercial_manager,Bidder,1,,3,fin_standing_calc,ASSUMPTION (PROVISIONAL; owner Commercial): combined net worth and turnover weighted by shareholding (VOL-I 8.4); not stated,2,2,ASSUMPTION (PROVISIONAL; owner Commercial): two commercial staff-days; internal; waits on: no external party,,staff effort,fin-statements,2026-11-08,2026-11-10,fin-statements,2026-11-18,2026-11-23,assemble-envelope-a,8,,OK,READY,,,,OVERLOAD commercial_manager on 2026-11-19..2026-11-23 (peak 2.721 vs capacity 2 staff),OK,"REVIEW (confirmed dependency): VOL-I-8.4-01, VOL-I-8.4-02 reached from VOL-I:8.1, VOL-I:8.8 via REL-ADD03-OM-OPERATOR-MEMBER, REL-MEMBER-FIN-STANDING; dates unchanged (a relationship, not a direct citation)"
form-4c-sign,"Sign and stamp Form 4-C at each member by its own authorised signatory (the lead member may not sign for all, ADD-03 Q19; Arabic governs; a translation may be attached, and is required from a member incorporated outside the Kingdom, ADD-03 Q15)",Legal,EV-FORM-4C,A,ADD-03-4.2-01; ADD-03-4.4-01; VOL-I-8.10-01; VOL-I-8.2-01; VOL-I-9.4-01; VOL-IV-F4C-01; VOL-IV-F4C-02; VOL-IV-F4C-03; VOL-IV-F4C-05; VOL-IV-F4C-N1,Legal,legal_counsel,Each member's authorised signatory,3,x3 (per member: bidder.members = 3; PROVISIONAL ASSUMPTION),3,form_4c_member_sign,"ASSUMPTION (PROVISIONAL; owner Legal): signature and stamp at each member's office, members in parallel; not stated",0.5,1.5,"ASSUMPTION (PROVISIONAL; owner Legal): half a lawyer-day per member to send, chase and check the signed and stamped form; waits on: each member's authorised signatory",each member's authorised signatory,external waiting + staff effort,form-4c-prep; poa,2026-11-15,2026-11-17,poa,2026-11-18,2026-11-23,assemble-envelope-a,3,,OK,READY,,,,OVERLOAD legal_counsel on 2026-11-15..2026-11-23 (peak 3.317 vs capacity 2 staff),OK,"REVIEW (confirmed dependency): ADD-03-4.4-01, VOL-I-8.10-01, VOL-I-8.2-01, VOL-I-9.4-01, VOL-IV-F4C-02, VOL-IV-F4C-03, VOL-IV-F4C-N1 reached from VOL-I:8.1, VOL-I:8.8 via REL-ADD03-OM-OPERATOR-MEMBER, REL-MEMBER-DEBARMENT, REL-MEMBER-FORM-4C, REL-MEMBER-MULTIPLE-PARTICIPATION; dates unchanged (a relationship, not a direct citation)"
form-4c-translation,Prepare the English translation to attach to the Form 4-C of each member incorporated outside the Kingdom (ADD-02 Q9 as amended by ADD-03 Q15; the Arabic governs),Legal,EV-FORM-4C-TRANSLATION,A,ADD-03-Q15-01,Legal,legal_counsel,Each member incorporated outside the Kingdom (translator),1,x1 (per foreign_member: bidder.foreign_members = 1; PROVISIONAL ASSUMPTION),3,form_4c_translation,ASSUMPTION (PROVISIONAL; owner Legal): PROVISIONAL ASSUMPTION (blind rehearsal 03): English translation of Form 4-C for each member incorporated outside the Kingdom (ADD-03 Q15); not stated,0.5,0.5,ASSUMPTION (PROVISIONAL; owner Legal): half a lawyer-day per member to commission and check the translation; waits on: translator,translator,external waiting + staff effort,form-4c-prep,2026-11-03,2026-11-05,form-4c-prep,2026-11-18,2026-11-23,assemble-envelope-a,11,,OK,READY,,,,OVERLOAD legal_counsel on 2026-11-15..2026-11-23 (peak 3.317 vs capacity 2 staff),OK,"REVIEW (confirmed dependency): ADD-03-Q15-01 reached from VOL-I:8.8 via REL-ADD03-OM-OPERATOR-MEMBER; dates unchanged (a relationship, not a direct citation)"
form-4g-countersign,"Obtain the countersignature of the proposed O&M Operator on the reissued Form 4-G (ADD-03 7.1-7.2; a form not countersigned is treated as not submitted and the Proposal is non-responsive, ADD-02 7.2)",Technical,EV-FORM-4G-COUNTERSIGN,none,ADD-03-7.2-01,Technical,technical_lead,Proposed O&M Operator (authorised signatory),1,x1 (per om_operator: bidder.om_operators = 1; PROVISIONAL ASSUMPTION),3,form_4g_countersignature,ASSUMPTION (PROVISIONAL; owner Technical): PROVISIONAL ASSUMPTION (blind rehearsal 03): countersignature of the reissued Form 4-G by the proposed O&M Operator's authorised signatory (ADD-03 7.1-7.2); not stated,0.25,0.25,"ASSUMPTION (PROVISIONAL; owner Technical): a quarter engineer-day to send, chase and check the countersigned form; waits on: proposed O&M Operator (authorised signatory)",proposed O&M Operator (authorised signatory),external waiting + staff effort,form-4g-sign,2026-11-16,2026-11-18,form-4g-sign,2026-11-18,2026-11-23,assemble-envelope-a,2,,OK,READY,,,,OK,OK,
fin-assumptions,Prepare the schedule of principal financing assumptions to accompany Form 4-F (VOL-I 10.6),Commercial,EV-FIN-ASSUMPTIONS,B,VOL-I-10.6-01,Commercial,commercial_manager,Bidder,1,,2,fin_assumptions_schedule,ASSUMPTION (PROVISIONAL; owner Commercial): schedule of principal financing assumptions from the frozen model (VOL-I 10.6); not stated,1.5,1.5,ASSUMPTION (PROVISIONAL; owner Commercial): one and a half staff-days; internal; waits on: no external party,,staff effort,fin-model-freeze,2026-11-24,2026-11-25,fin-model-freeze,2026-11-19,2026-11-23,assemble-envelope-b,-2,,INFEASIBLE by 2 WD,READY,,,,OVERLOAD commercial_manager on 2026-11-19..2026-11-23 (peak 2.721 vs capacity 2 staff),INFEASIBLE by 2 WD,"INFEASIBLE by 2 WD (total float -2 WD: earliest start 2026-11-24 (after fin-model-freeze) is after the latest start 2026-11-19; not compressed); REVIEW (possible impact): VOL-I-10.6-01 reached from VOL-V:29.3, VOL-V:31.4 via REL-PAY-DEDUCTIONS, REL-PAY-FINANCING-ASSUMPTIONS, REL-PAY-MECHANISM; dates unchanged (a relationship, not a direct citation)"
form-4a-prep,"Prepare Form 4-A on the version reissued by ADD-01 Appendix A: Bidder and lead member, Addenda acknowledged, single point of contact (preparation; not gated)",Legal,EV-FORM-4A,A,ADD-01-AppA-01; VOL-I-7.1-01; VOL-I-9.3-01; VOL-IV-F4A-01; VOL-IV-F4A-02,Legal,legal_counsel,Bidder,1,,1,form_4a_preparation,"ASSUMPTION (PROVISIONAL; owner Legal): prepare the content of Form 4-A as reissued by ADD-01 Appendix A (Bidder and lead member, Addenda acknowledged, single point of contact); not stated",1,1,ASSUMPTION (PROVISIONAL; owner Legal): one lawyer-day of drafting; no external party; waits on: no external party,,staff effort,,2026-11-01,2026-11-01,planning date,2026-11-19,2026-11-19,form-4a,14,,OK,READY,,,,OVERLOAD legal_counsel on 2026-11-15..2026-11-23 (peak 3.317 vs capacity 2 staff),OK,
form-4e,Finalise and sign Form 4-E; check that no qualification appears elsewhere in the Proposal (VOL-I 9.6),Legal,EV-FORM-4E,A,VOL-I-9.6-01; VOL-IV-F4E-01; VOL-V-NOTE-01,Legal,legal_counsel,Bidder,1,,2,form_4e_finalise,"ASSUMPTION (PROVISIONAL; owner Legal): finalise and sign Form 4-E, cross-check that no qualification appears elsewhere (VOL-I 9.6); not stated",1.5,1.5,ASSUMPTION (PROVISIONAL; owner Legal): one and a half lawyer-days; internal; waits on: no external party,,staff effort,deviations-review; poa,2026-11-15,2026-11-16,poa,2026-11-19,2026-11-23,assemble-envelope-a,4,,OK,READY,,,,OVERLOAD legal_counsel on 2026-11-15..2026-11-23 (peak 3.317 vs capacity 2 staff),OK,
form-4f,"Complete and sign Form 4-F from the frozen Financial Model (single Availability Payment, SAR per annum, excluding VAT)",Commercial,EV-FORM-4F,B,VOL-I-10.1-01; VOL-I-10.2-01; VOL-I-10.4-01; VOL-I-10.5-01; VOL-IV-F4F-01; VOL-IV-F4F-02,Commercial,commercial_manager,Bidder,1,,2,form_4f_preparation,ASSUMPTION (PROVISIONAL; owner Commercial): complete and sign Form 4-F from the frozen model; not stated,1.5,1.5,ASSUMPTION (PROVISIONAL; owner Commercial): one and a half staff-days; internal; waits on: no external party,,staff effort,fin-model-freeze; poa,2026-11-24,2026-11-25,fin-model-freeze,2026-11-19,2026-11-23,assemble-envelope-b,-2,,INFEASIBLE by 2 WD,READY,,,,OVERLOAD commercial_manager on 2026-11-19..2026-11-23 (peak 2.721 vs capacity 2 staff),INFEASIBLE by 2 WD,"INFEASIBLE by 2 WD (total float -2 WD: earliest start 2026-11-24 (after fin-model-freeze) is after the latest start 2026-11-19; not compressed); REVIEW (confirmed dependency): VOL-I-10.2-01, VOL-IV-F4F-01 reached from VOL-V:29.3 via REL-PAY-FORM-4F, REL-PAY-MECHANISM, REL-PAY-QUOTED-PRICE; dates unchanged (a relationship, not a direct citation); REVIEW (proposed relationship): VOL-I-10.2-01, VOL-IV-F4F-01, VOL-IV-F4F-02 reached from VOL-V:29.3, VOL-V:31.4 via REL-MODEL-FORM-4F, REL-PAY-DEDUCTIONS, REL-PAY-FINANCIAL-MODEL, REL-PAY-FORM-4F, REL-PAY-MECHANISM, REL-PAY-QUOTED-PRICE; dates unchanged (a relationship, not a direct citation)"
iso-copy,Obtain a copy of the EPC Contractor's ISO 9001:2015 certificate and check it is current at the PDD,Technical,EV-ISO,A,VOL-I-8.3-01,Technical,technical_lead,EPC Contractor (accredited certification body),1,x1 (per epc_contractor: bidder.epc_contractors = 1; PROVISIONAL ASSUMPTION),2,iso_certificate_copy,"ASSUMPTION (PROVISIONAL; owner Technical): copy of the EPC Contractor's certificate, if it holds one; not stated",0.25,0.25,ASSUMPTION (PROVISIONAL; owner Technical): a quarter engineer-day to request and check currency at the PDD; waits on: EPC Contractor,EPC Contractor,external waiting + staff effort,,2026-11-01,2026-11-02,planning date,2026-11-19,2026-11-23,assemble-envelope-a,14,,OK,READY,,,,OK,OK,
spoc,Confirm the single point of contact to be named in Form 4-A; notify any later change within 2 Working Days (VOL-I 4.3),Bid management,EV-SPOC,none,VOL-I-4.3-01,Bid management,bid_manager,Bidder,1,,1,spoc_confirmation,ASSUMPTION (PROVISIONAL; owner Bid management): confirm the single point of contact named in Form 4-A; not stated,0.5,0.5,ASSUMPTION (PROVISIONAL; owner Bid management): half a day of the bid manager; internal; waits on: no external party,,staff effort,,2026-11-01,2026-11-01,planning date,2026-11-19,2026-11-19,form-4a,14,,OK,READY,,,,OK,OK,
form-4a,"Finalise Form 4-A (which form version and fields, and how its stale printed Proposal Due Date is corrected, as decided on I-F4A-FIELDS) and sign by the lead member's PoA holder",Legal,EV-FORM-4A,A,ADD-01-AppA-01; VOL-I-7.1-01; VOL-I-9.3-01; VOL-IV-F4A-01; VOL-IV-F4A-02,Legal,legal_counsel,PoA holder of the lead member,1,,1,form_4a_signature,ASSUMPTION (PROVISIONAL; owner Legal): finalise the printed form and signature by the lead member's PoA holder; not stated,0.5,0.5,ASSUMPTION (PROVISIONAL; owner Legal): half a lawyer-day to finalise and witness the signature; waits on: PoA holder of the lead member (signature),PoA holder of the lead member (signature),external waiting + staff effort,form-4a-prep; poa; spoc,2026-11-15,2026-11-15,poa,2026-11-23,2026-11-23,assemble-envelope-a,5,,OK,GATED: finalisation waits on I-F4A-FIELDS; decision needed by 2026-11-23,I-F4A-FIELDS,2026-11-23,,OVERLOAD legal_counsel on 2026-11-15..2026-11-23 (peak 3.317 vs capacity 2 staff),OK,
form-4b,Finalise each Form 4-B: the 'Contract value (SAR equivalent)' field is kept (not deleted or relocated) and completed as the decision on I-VOL-I-ENV-A-PRICES directs (VOL-I 6.2: no commercial information in Envelope A),Technical,EV-FORM-4B,A,VOL-I-9.5-01; VOL-IV-F4B-01,Technical,technical_lead,Bidder,2,x2 (per reference: bidder.reference_plants_offered = 2; PROVISIONAL ASSUMPTION),1,form_4b_finalise,"ASSUMPTION (PROVISIONAL; owner Technical): finalise each Form 4-B, including the 'Contract value (SAR equivalent)' field as the decision on I-VOL-I-ENV-A-PRICES directs; not stated",0.25,0.5,ASSUMPTION (PROVISIONAL; owner Technical): a quarter engineer-day per form; internal; waits on: no external party,,staff effort,form-4b-prep,2026-11-18,2026-11-18,form-4b-prep,2026-11-23,2026-11-23,assemble-envelope-a,2,,OK,GATED: finalisation waits on I-VOL-I-ENV-A-PRICES; decision needed by 2026-11-23,I-VOL-I-ENV-A-PRICES,2026-11-23,,OK,OK,
assemble-envelope-a,Assemble the marked original of Envelope A in the VOL-I 9.1 order with numbered dividers (Form 4-G after item (e)); check that no price or commercial information appears (VOL-I 6.2),Document control,EV-DELIVERY,A+B,VOL-I-6.1-01; VOL-I-6.2-01; VOL-I-9.1-01; VOL-I-App3-01,Bid management,document_controller,Bidder,1,,1,envelope_assembly,ASSUMPTION (PROVISIONAL; owner Bid management): assemble the marked original of one envelope in the required order with numbered dividers; not stated,1,1,ASSUMPTION (PROVISIONAL; owner Bid management): one document-controller day per envelope; internal; waits on: no external party,,staff effort,bond-issue; completion-certs; fin-standing; form-4a; form-4b; form-4c-sign; form-4c-translation; form-4e; form-4g-countersign; form-4g-sign; ground-dd; investment-licence; iso-copy; lcc-certificate; om-consent-application; om-evidence; om-membership; pcg-execution; poa; references; technical-proposal,2026-12-21,2026-12-21,lcc-certificate,2026-11-24,2026-11-24,copies,-19,,INFEASIBLE by 19 WD,READY,,,,OK,INFEASIBLE by 19 WD,INFEASIBLE by 19 WD (total float -19 WD: earliest start 2026-12-21 (after lcc-certificate) is after the latest start 2026-11-24; not compressed)
assemble-envelope-b,Assemble the marked original of Envelope B: Form 4-F and the Financial Model (VOL-I 10.1); package the model auditor's opinion and the financing-assumptions schedule as the decision on I-VOL-I-ENV-B directs (both are prepared regardless),Document control,EV-DELIVERY,A+B,VOL-I-6.1-01; VOL-I-6.2-01; VOL-I-9.1-01; VOL-I-App3-01,Bid management,document_controller,Bidder,1,,1,envelope_assembly,ASSUMPTION (PROVISIONAL; owner Bid management): assemble the marked original of one envelope in the required order with numbered dividers; not stated,1,1,ASSUMPTION (PROVISIONAL; owner Bid management): one document-controller day per envelope; internal; waits on: no external party,,staff effort,fin-assumptions; fin-model-freeze; form-4f; model-audit-opinion,2026-12-01,2026-12-01,model-audit-opinion,2026-11-24,2026-11-24,copies,-5,,INFEASIBLE by 5 WD,GATED: finalisation waits on I-VOL-I-ENV-B; decision needed by 2026-11-24,I-VOL-I-ENV-B,2026-11-24,,OK,INFEASIBLE by 5 WD,INFEASIBLE by 5 WD (total float -5 WD: earliest start 2026-12-01 (after model-audit-opinion) is after the latest start 2026-11-24; not compressed)
copies,"Make three hard copies of each envelope and the searchable electronic copy on encrypted USB, files named ISTP2026-014_[BIDDER]_[ENV]_[VOL]_[NN]_[YYYYMMDD].pdf (max 120 characters, folders max 3 levels); check the electronic copy against the marked original (VOL-I 6.5, Appendix 2); the USB split between the envelopes follows the decision on I-VOL-I-COPIES",Document control,EV-COPIES,A+B,VOL-I-6.1-01; VOL-I-6.2-01; VOL-I-6.5-01; VOL-I-6.5-02; VOL-I-9.1-01; VOL-I-App3-01,Bid management,document_controller,Bidder,1,,1,copies_and_usb,ASSUMPTION (PROVISIONAL; owner Bid management): three hard copies of each envelope and the encrypted searchable USB copy named per Appendix 2; not stated,2,2,ASSUMPTION (PROVISIONAL; owner Bid management): both document controllers for the day; internal; waits on: no external party,,staff effort,assemble-envelope-a; assemble-envelope-b,2026-12-22,2026-12-22,assemble-envelope-a,2026-11-25,2026-11-25,seal-and-mark,-19,,INFEASIBLE by 19 WD,GATED: finalisation waits on I-VOL-I-COPIES; decision needed by 2026-11-25,I-VOL-I-COPIES,2026-11-25,,OVERLOAD document_controller on 2026-11-25 (peak 2.25 vs capacity 2 staff),INFEASIBLE by 19 WD,INFEASIBLE by 19 WD (total float -19 WD: earliest start 2026-12-22 (after assemble-envelope-a) is after the latest start 2026-11-25; not compressed)
seal-and-mark,"Seal Envelopes A and B separately and mark each 'NUPA/ISTP/2026/014 — NOT TO BE OPENED BEFORE 14:00 ON THE PROPOSAL DUE DATE' (VOL-I 6.2, Appendix 3)",Document control,EV-DELIVERY,A+B,VOL-I-6.1-01; VOL-I-6.2-01; VOL-I-9.1-01; VOL-I-App3-01,Bid management,document_controller,Bidder,1,,0,seal_and_mark,ASSUMPTION (PROVISIONAL; owner Bid management): a few hours at the end of the day the copies are finished (0 = no separate Working Day); not stated,0.25,0.25,"ASSUMPTION (PROVISIONAL; owner Bid management): a quarter document-controller day, on the copies day; waits on: no external party",,staff effort,copies,2026-12-22,2026-12-22,copies,2026-11-25,2026-11-25,deliver,-19,,INFEASIBLE by 19 WD,READY,,,,OVERLOAD document_controller on 2026-11-25 (peak 2.25 vs capacity 2 staff),INFEASIBLE by 19 WD,INFEASIBLE by 19 WD (total float -19 WD: earliest start 2026-12-22 (after copies) is after the latest start 2026-11-25; not compressed)
deliver,"Deliver both sealed envelopes to Tender Box 4, Ground Floor, Northern Utilities Procurement Authority, Administrative Building C, Sakaka before 14:00 Riyadh time on the PDD (VOL-I 6.1, Appendix 3; late Proposals are rejected unopened, VOL-I 6.6)",Document control,EV-DELIVERY,A+B,VOL-I-6.1-01; VOL-I-6.2-01; VOL-I-9.1-01; VOL-I-App3-01,Bid management,document_controller,Bidder (courier),1,,1,delivery,"ASSUMPTION (PROVISIONAL; owner Bid management): courier to the Appendix 3 address before the Proposal Due Date time stated in VOL-I 6.1 as amended (the time is derived, not assumed); not stated",1,1,ASSUMPTION (PROVISIONAL; owner Bid management): one document controller accompanies the delivery and obtains the receipt; internal; waits on: no external party,,staff effort,seal-and-mark,2026-12-23,2026-12-23,seal-and-mark,2026-11-26,2026-11-26,deadline:PDD,-19,PDD = 2026-11-26 (from VOL-I-6.1-01),INFEASIBLE by 19 WD,READY,,,,OK,INFEASIBLE by 19 WD,INFEASIBLE by 19 WD (total float -19 WD: earliest start 2026-12-23 (after seal-and-mark) is after the latest start 2026-11-26; not compressed)
info-change-watch,"From the signature of Form 4-C until the Preferred Bidder Notification: watch for any change to the information in the Proposal and notify the Authority through the Portal within three working days of becoming aware (Form 4-C fourth declaration as substituted by ADD-03 4.2; any breach leads to exclusion; internal target the shorter reading, I-ADD03-F4C-UNDERTAKING)",Bid management,EV-INFO-CHANGE-NOTICE,none,ADD-03-4.2-02,Bid management,bid_manager,Bidder,1,,1,info_change_notice,"ASSUMPTION (PROVISIONAL; owner Bid management): PROVISIONAL ASSUMPTION (blind rehearsal 03): draft and submit a change notice through the Portal under the substituted Form 4-C fourth declaration (ADD-03 4.2); the governing Arabic period is three working days and the convenience translation says three days, so the internal target is the shorter reading; not stated",0.5,0.5,ASSUMPTION (PROVISIONAL; owner Bid management): half a bid-manager day per change; internal; waits on: no external party,,staff effort,form-4c-sign,2026-11-18,2026-11-18,form-4c-sign,,,,,,NO DEADLINE REACHED,READY,,,a change to any of the information in the Proposal becomes known before the Preferred Bidder Notification (ADD-03 4.2),NOT LOADED (no latest dates (not linked to a pack date)),NO DEADLINE REACHED,NO DEADLINE REACHED (not linked to a pack date)
om-member-change-notice,"If the proposed O&M Operator ceases to be a member of the Bidder before the Preferred Bidder Notification: notify the Authority through the Portal within two Working Days of that event (ADD-03 3.4; VOL-I 8.1 applies: consent, or rejection)",Bid management,EV-OM-MEMBERSHIP,none,ADD-03-3.1-01; ADD-03-3.1-02; ADD-03-3.4-01,Bid management,bid_manager,Bidder,1,,1,change_notice,ASSUMPTION (PROVISIONAL; owner Bid management): PROVISIONAL ASSUMPTION (blind rehearsal 03): draft and submit a notice through the Portal (ADD-03 3.3 intention to apply; 3.4 O&M Operator ceasing to be a member); not stated,0.5,0.5,ASSUMPTION (PROVISIONAL; owner Bid management): half a bid-manager day; internal; waits on: no external party,,staff effort,om-membership,2026-11-03,2026-11-03,om-membership,,,,,,NO DEADLINE REACHED,READY,,,the proposed O&M Operator ceases to be a member of the Bidder before the Preferred Bidder Notification (ADD-03 3.4),NOT LOADED (no latest dates (not linked to a pack date)),NO DEADLINE REACHED,NO DEADLINE REACHED (not linked to a pack date)
