activity,change,detail,from_stage,to_stage
assemble-envelope-a,REWORK,requirement changed: VOL-I-9.1-01,ADD-01,ADD-02
assemble-envelope-b,REWORK,requirement changed: VOL-I-9.1-01,ADD-01,ADD-02
bond-approval,REWORK,"requirement changed: VOL-I-6.4-01, VOL-I-6.4-02",ADD-01,ADD-02
bond-issue,REWORK,"requirement changed: VOL-I-6.4-01, VOL-I-6.4-02",ADD-01,ADD-02
clarifications,REWORK,requirement changed: VOL-II-4.2-01,ADD-01,ADD-02
copies,REWORK,requirement changed: VOL-I-9.1-01,ADD-01,ADD-02
deliver,REWORK,requirement changed: VOL-I-9.1-01,ADD-01,ADD-02
form-4a,REWORK,requirement changed: ADD-01-AppA-01,ADD-01,ADD-02
form-4a-prep,REWORK,requirement changed: ADD-01-AppA-01,ADD-01,ADD-02
form-4c-prep,REWORK,"requirement changed: VOL-I-9.4-01, VOL-IV-F4C-01, VOL-IV-F4C-02, VOL-IV-F4C-03, VOL-IV-F4C-04, VOL-IV-F4C-05, VOL-IV-F4C-N1",ADD-01,ADD-02
form-4c-sign,REWORK,"requirement changed: VOL-I-9.4-01, VOL-IV-F4C-01, VOL-IV-F4C-02, VOL-IV-F4C-03, VOL-IV-F4C-04, VOL-IV-F4C-05, VOL-IV-F4C-N1",ADD-01,ADD-02
form-4f,REWORK,requirement changed: VOL-I-10.5-01,ADD-01,ADD-02
form-4g-review,NEW,"needed by ADD-02-7.2-01, ADD-02-F4G-01, ADD-02-F4G-02, ADD-02-F4G-03, ADD-02-F4G-04, ADD-02-F4G-05, ADD-02-F4G-06, ADD-02-F4G-07",ADD-01,ADD-02
form-4g-sign,NEW,"needed by ADD-02-7.2-01, ADD-02-F4G-01, ADD-02-F4G-02, ADD-02-F4G-03, ADD-02-F4G-04, ADD-02-F4G-05, ADD-02-F4G-06, ADD-02-F4G-07",ADD-01,ADD-02
lcc-certificate,NEW,needed by VOL-I-8.6-01,ADD-01,ADD-02
lcc-ratio,NEW,needed by VOL-I-8.6-01,ADD-01,ADD-02
pcg-execution,REWORK,requirement changed: VOL-I-8.7-01,ADD-01,ADD-02
pcg-wording,REWORK,requirement changed: VOL-I-8.7-01,ADD-01,ADD-02
seal-and-mark,REWORK,requirement changed: VOL-I-9.1-01,ADD-01,ADD-02
technical-proposal,REWORK,"requirement changed: ADD-02-5.2-01, ADD-02-T1-1-N3-01, VOL-I-11.3-01, VOL-I-9.2-01, VOL-I-T1-1-A, VOL-I-T1-1-B, VOL-I-T1-1-C, VOL-I-T1-1-D, VOL-I-T1-1-E, VOL-I-T1-1-F, VOL-II-3.1-01, VOL-II-4.4-01, VOL-II-4.4-02, VOL-II-T2-4-TN",ADD-01,ADD-02
clarifications,REWORK,requirement changed: VOL-I-5.2-01,ADD-02,ADD-03
clarifications,MOVED,latest start 2026-11-11 -> 2026-11-16,ADD-02,ADD-03
form-4a,REWORK,requirement changed: VOL-I-7.1-01,ADD-02,ADD-03
form-4a-prep,REWORK,requirement changed: VOL-I-7.1-01,ADD-02,ADD-03
technical-proposal,REWORK,requirement changed: VOL-II-T2-4-TSS,ADD-02,ADD-03
