stage,class,target,target_type,target_status,kind,link_status,path,sources,lexical,via_target,direct
ADD-01,confirmed dependency,VOL-I-10.2-01,row,ACTIVE,feeds_calculation,confirmed,REL-PAY-MECHANISM; REL-PAY-QUOTED-PRICE,VOL-V:29.1; VOL-V:29.2; VOL-V:29.3; VOL-V:29.4; VOL-V:29.5,FALSE,FALSE,FALSE
ADD-01,confirmed dependency,VOL-IV-F4F-01,row,ACTIVE,feeds_calculation,confirmed,REL-PAY-MECHANISM; REL-PAY-FORM-4F,VOL-V:29.1; VOL-V:29.2; VOL-V:29.3; VOL-V:29.4; VOL-V:29.5,FALSE,FALSE,FALSE
ADD-01,confirmed dependency,calc:availability-payment,calculation,,feeds_calculation,confirmed,REL-PAY-MECHANISM,VOL-V:29.1; VOL-V:29.2; VOL-V:29.3; VOL-V:29.4; VOL-V:29.5,FALSE,FALSE,FALSE
ADD-01,proposed relationship,VOL-I-10.3-01,row,ACTIVE,depends_on,proposed,REL-PAY-MECHANISM; REL-PAY-FINANCIAL-MODEL,VOL-V:29.1; VOL-V:29.2; VOL-V:29.3; VOL-V:29.4; VOL-V:29.5,FALSE,FALSE,FALSE
ADD-01,proposed relationship,VOL-IV-F4F-02,row,ACTIVE,feeds_calculation,proposed,REL-PAY-MECHANISM; REL-PAY-FINANCIAL-MODEL; REL-MODEL-FORM-4F,VOL-V:29.1; VOL-V:29.2; VOL-V:29.3; VOL-V:29.4; VOL-V:29.5,FALSE,FALSE,FALSE
ADD-01,possible impact,VOL-I-10.6-01,row,ACTIVE,depends_on,possible,REL-PAY-MECHANISM; REL-PAY-FINANCING-ASSUMPTIONS,VOL-V:29.1; VOL-V:29.2; VOL-V:29.3; VOL-V:29.4; VOL-V:29.5,FALSE,FALSE,FALSE
ADD-02,confirmed dependency,VOL-II-2.4-01,row,ACTIVE,limit_applies,confirmed,REL-T24-COMPLIANCE-MONITORING-STREAMS,VOL-II:T2-4,FALSE,FALSE,FALSE
ADD-02,confirmed dependency,VOL-II-2.5-01,row,ACTIVE,limit_applies,confirmed,REL-T24-COMPLIANCE-MONITORING-STREAMS,VOL-II:T2-4,FALSE,FALSE,FALSE
ADD-02,confirmed dependency,VOL-II-3.1-01,row,ACTIVE,limit_applies,confirmed,REL-T24-PROCESS-DESIGN,VOL-II:T2-4,FALSE,FALSE,TRUE
ADD-02,confirmed dependency,VOL-II-4.3-02,row,ACTIVE,limit_applies,confirmed,REL-T24-COMPLIANCE-MONITORING-STREAMS,VOL-II:T2-4,FALSE,FALSE,FALSE
ADD-02,confirmed dependency,VOL-II-7.2-01,row,ACTIVE,limit_applies,confirmed,REL-T24-RELIABILITY-RUN,VOL-II:T2-4,FALSE,FALSE,FALSE
ADD-02,not supplied,VOL-II-T2-4-TN,row,AMENDED (ADD-02/5.1),missing_document,confirmed,REL-MISSING-ENVIRONMENTAL-PERMIT,VOL-II-T2-4-TN,FALSE,TRUE,TRUE
ADD-02,confirmed dependency,VOL-V-29.3-01,row,ACTIVE,limit_applies,confirmed,REL-T24-RAMP-UP-DEDUCTIONS,VOL-II:T2-4,FALSE,FALSE,TRUE
ADD-02,not supplied,VOL-V-31.1-01,row,ACTIVE,missing_document,confirmed,REL-MISSING-SCHEDULE-7-DEDUCTIONS,VOL-V-31.1-01,FALSE,TRUE,TRUE
ADD-02,not supplied,VOL-V-31.1-02,row,ACTIVE,missing_document,confirmed,REL-MISSING-SCHEDULE-7-DEDUCTIONS,VOL-V-31.1-02,FALSE,TRUE,TRUE
ADD-02,confirmed dependency,VOL-V-31.1-02,row,ACTIVE,limit_applies,confirmed,REL-T24-UNAVAILABILITY,VOL-II:T2-4,FALSE,FALSE,TRUE
ADD-02,not supplied,VOL-V-31.1-03,row,ACTIVE,missing_document,confirmed,REL-MISSING-SCHEDULE-7-DEDUCTIONS,VOL-V-31.1-03,FALSE,TRUE,TRUE
ADD-03,confirmed dependency,ADD-03-4.4-01,row,NEW,member_scope,confirmed,REL-ADD03-OM-OPERATOR-MEMBER,VOL-I:8.8,FALSE,FALSE,TRUE
ADD-03,confirmed dependency,ADD-03-Q15-01,row,NEW,member_scope,confirmed,REL-ADD03-OM-OPERATOR-MEMBER,VOL-I:8.8,FALSE,FALSE,TRUE
ADD-03,confirmed dependency,VOL-I-10.2-01,row,ACTIVE,feeds_calculation,confirmed,REL-PAY-MECHANISM; REL-PAY-QUOTED-PRICE,VOL-V:29.3,FALSE,FALSE,FALSE
ADD-03,confirmed dependency,VOL-I-8.10-01,row,ACTIVE,member_scope,confirmed,REL-MEMBER-DEBARMENT,VOL-I:8.1,FALSE,FALSE,FALSE
ADD-03,confirmed dependency,VOL-I-8.2-01,row,ACTIVE,member_scope,confirmed,REL-ADD03-OM-OPERATOR-MEMBER,VOL-I:8.8,FALSE,FALSE,FALSE
ADD-03,confirmed dependency,VOL-I-8.2-01,row,ACTIVE,member_scope,confirmed,REL-MEMBER-MULTIPLE-PARTICIPATION,VOL-I:8.1,FALSE,FALSE,FALSE
ADD-03,confirmed dependency,VOL-I-8.4-01,row,ACTIVE,member_scope,confirmed,REL-ADD03-OM-OPERATOR-MEMBER,VOL-I:8.8,FALSE,FALSE,FALSE
ADD-03,confirmed dependency,VOL-I-8.4-01,row,ACTIVE,member_scope,confirmed,REL-MEMBER-FIN-STANDING,VOL-I:8.1,FALSE,FALSE,FALSE
ADD-03,confirmed dependency,VOL-I-8.4-02,row,ACTIVE,member_scope,confirmed,REL-ADD03-OM-OPERATOR-MEMBER,VOL-I:8.8,FALSE,FALSE,FALSE
ADD-03,confirmed dependency,VOL-I-8.4-02,row,ACTIVE,member_scope,confirmed,REL-MEMBER-FIN-STANDING,VOL-I:8.1,FALSE,FALSE,FALSE
ADD-03,confirmed dependency,VOL-I-8.9-01,row,ACTIVE,member_scope,confirmed,REL-MEMBER-INVESTMENT-LICENCE,VOL-I:8.1,FALSE,FALSE,FALSE
ADD-03,confirmed dependency,VOL-I-9.4-01,row,ACTIVE,member_scope,confirmed,REL-ADD03-OM-OPERATOR-MEMBER,VOL-I:8.8,FALSE,FALSE,TRUE
ADD-03,confirmed dependency,VOL-I-9.4-01,row,ACTIVE,member_scope,confirmed,REL-MEMBER-FORM-4C,VOL-I:8.1,FALSE,FALSE,TRUE
ADD-03,confirmed dependency,VOL-II-2.4-01,row,ACTIVE,limit_applies,confirmed,REL-T24-COMPLIANCE-MONITORING-STREAMS,VOL-II:T2-4,FALSE,FALSE,FALSE
ADD-03,confirmed dependency,VOL-II-2.5-01,row,ACTIVE,limit_applies,confirmed,REL-T24-COMPLIANCE-MONITORING-STREAMS,VOL-II:T2-4,FALSE,FALSE,TRUE
ADD-03,confirmed dependency,VOL-II-3.1-01,row,ACTIVE,limit_applies,confirmed,REL-T24-PROCESS-DESIGN,VOL-II:T2-4,FALSE,FALSE,TRUE
ADD-03,confirmed dependency,VOL-II-4.3-02,row,ACTIVE,limit_applies,confirmed,REL-T24-COMPLIANCE-MONITORING-STREAMS,VOL-II:T2-4,FALSE,FALSE,FALSE
ADD-03,confirmed dependency,VOL-II-7.2-01,row,ACTIVE,limit_applies,confirmed,REL-T24-RELIABILITY-RUN,VOL-II:T2-4,FALSE,FALSE,FALSE
ADD-03,not supplied,VOL-II-T2-4-BOD5,row,ACTIVE,missing_document,confirmed,REL-MISSING-ENVIRONMENTAL-PERMIT,VOL-II-T2-4-BOD5,FALSE,TRUE,TRUE
ADD-03,not supplied,VOL-II-T2-4-COD,row,ACTIVE,missing_document,confirmed,REL-MISSING-ENVIRONMENTAL-PERMIT,VOL-II-T2-4-COD,FALSE,TRUE,TRUE
ADD-03,not supplied,VOL-II-T2-4-FaecalColiforms,row,ACTIVE,missing_document,confirmed,REL-MISSING-ENVIRONMENTAL-PERMIT,VOL-II-T2-4-FaecalColiforms,FALSE,TRUE,TRUE
ADD-03,not supplied,VOL-II-T2-4-NOTE1,row,ACTIVE,missing_document,confirmed,REL-MISSING-ENVIRONMENTAL-PERMIT,VOL-II-T2-4-NOTE1,FALSE,TRUE,TRUE
ADD-03,not supplied,VOL-II-T2-4-OilGrease,row,ACTIVE,missing_document,confirmed,REL-MISSING-ENVIRONMENTAL-PERMIT,VOL-II-T2-4-OilGrease,FALSE,TRUE,TRUE
ADD-03,not supplied,VOL-II-T2-4-ResidualChlorine,row,ACTIVE,missing_document,confirmed,REL-MISSING-ENVIRONMENTAL-PERMIT,VOL-II-T2-4-ResidualChlorine,FALSE,TRUE,TRUE
ADD-03,not supplied,VOL-II-T2-4-TN,row,ACTIVE (as amended by ADD-02/5.1),missing_document,confirmed,REL-MISSING-ENVIRONMENTAL-PERMIT,VOL-II-T2-4-TN,FALSE,TRUE,TRUE
ADD-03,not supplied,VOL-II-T2-4-TP,row,AMENDED (ADD-03/5.1),missing_document,confirmed,REL-MISSING-ENVIRONMENTAL-PERMIT,VOL-II-T2-4-TP,FALSE,TRUE,TRUE
ADD-03,not supplied,VOL-II-T2-4-TSS,row,ACTIVE,missing_document,confirmed,REL-MISSING-ENVIRONMENTAL-PERMIT,VOL-II-T2-4-TSS,FALSE,TRUE,TRUE
ADD-03,not supplied,VOL-II-T2-4-Turbidity,row,ACTIVE,missing_document,confirmed,REL-MISSING-ENVIRONMENTAL-PERMIT,VOL-II-T2-4-Turbidity,FALSE,TRUE,TRUE
ADD-03,not supplied,VOL-II-T2-4-pH,row,ACTIVE,missing_document,confirmed,REL-MISSING-ENVIRONMENTAL-PERMIT,VOL-II-T2-4-pH,FALSE,TRUE,TRUE
ADD-03,confirmed dependency,VOL-IV-F4C-02,row,ACTIVE,member_scope,confirmed,REL-ADD03-OM-OPERATOR-MEMBER,VOL-I:8.8,FALSE,FALSE,TRUE
ADD-03,confirmed dependency,VOL-IV-F4C-02,row,ACTIVE,member_scope,confirmed,REL-MEMBER-MULTIPLE-PARTICIPATION,VOL-I:8.1,FALSE,FALSE,TRUE
ADD-03,confirmed dependency,VOL-IV-F4C-03,row,ACTIVE,member_scope,confirmed,REL-MEMBER-DEBARMENT,VOL-I:8.1,FALSE,FALSE,TRUE
ADD-03,confirmed dependency,VOL-IV-F4C-N1,row,ACTIVE,member_scope,confirmed,REL-ADD03-OM-OPERATOR-MEMBER,VOL-I:8.8,FALSE,FALSE,TRUE
ADD-03,confirmed dependency,VOL-IV-F4C-N1,row,ACTIVE,member_scope,confirmed,REL-MEMBER-FORM-4C,VOL-I:8.1,FALSE,FALSE,TRUE
ADD-03,confirmed dependency,VOL-IV-F4F-01,row,ACTIVE,feeds_calculation,confirmed,REL-PAY-MECHANISM; REL-PAY-FORM-4F,VOL-V:29.3,FALSE,FALSE,FALSE
ADD-03,confirmed dependency,VOL-V-29.3-01,row,AMENDED (ADD-03/6.1),limit_applies,confirmed,REL-T24-RAMP-UP-DEDUCTIONS,VOL-II:T2-4,FALSE,FALSE,TRUE
ADD-03,confirmed dependency,VOL-V-31.1-02,row,ACTIVE,limit_applies,confirmed,REL-T24-UNAVAILABILITY,VOL-II:T2-4,FALSE,FALSE,FALSE
ADD-03,confirmed dependency,calc:availability-payment,calculation,,feeds_calculation,confirmed,REL-PAY-MECHANISM,VOL-V:29.3,FALSE,FALSE,FALSE
ADD-03,confirmed dependency,calc:financial-standing,calculation,,member_scope,confirmed,REL-MEMBER-FIN-STANDING,VOL-I:8.1,FALSE,FALSE,FALSE
ADD-03,proposed relationship,VOL-I-10.2-01,row,ACTIVE,feeds_calculation,proposed,REL-PAY-DEDUCTIONS; REL-PAY-QUOTED-PRICE,VOL-V:31.4,FALSE,FALSE,FALSE
ADD-03,proposed relationship,VOL-I-10.3-01,row,ACTIVE,depends_on,proposed,REL-PAY-DEDUCTIONS; REL-PAY-FINANCIAL-MODEL,VOL-V:31.4,FALSE,FALSE,FALSE
ADD-03,proposed relationship,VOL-I-10.3-01,row,ACTIVE,depends_on,proposed,REL-PAY-MECHANISM; REL-PAY-FINANCIAL-MODEL,VOL-V:29.3,FALSE,FALSE,FALSE
ADD-03,proposed relationship,VOL-IV-F4F-01,row,ACTIVE,feeds_calculation,proposed,REL-PAY-DEDUCTIONS; REL-PAY-FORM-4F,VOL-V:31.4,FALSE,FALSE,FALSE
ADD-03,proposed relationship,VOL-IV-F4F-02,row,ACTIVE,feeds_calculation,proposed,REL-PAY-DEDUCTIONS; REL-PAY-FINANCIAL-MODEL; REL-MODEL-FORM-4F,VOL-V:31.4,FALSE,FALSE,FALSE
ADD-03,proposed relationship,VOL-IV-F4F-02,row,ACTIVE,feeds_calculation,proposed,REL-PAY-MECHANISM; REL-PAY-FINANCIAL-MODEL; REL-MODEL-FORM-4F,VOL-V:29.3,FALSE,FALSE,FALSE
ADD-03,not supplied,VOL-V-31.4-01,row,DELETED (ADD-03/6.2),missing_document,proposed,REL-MISSING-SCHEDULE-11-PERSISTENT-BREACH,VOL-V-31.4-01,FALSE,TRUE,TRUE
ADD-03,not supplied,VOL-V:39.3,unit,DELETED,missing_document,proposed,REL-MISSING-SCHEDULE-11-PERSISTENT-BREACH,VOL-V:39.3,FALSE,TRUE,TRUE
ADD-03,proposed relationship,calc:availability-payment,calculation,,depends_on,proposed,REL-PAY-DEDUCTIONS,VOL-V:31.4,FALSE,FALSE,FALSE
ADD-03,possible impact,VOL-I-10.6-01,row,ACTIVE,depends_on,possible,REL-PAY-DEDUCTIONS; REL-PAY-FINANCING-ASSUMPTIONS,VOL-V:31.4,FALSE,FALSE,FALSE
ADD-03,possible impact,VOL-I-10.6-01,row,ACTIVE,depends_on,possible,REL-PAY-MECHANISM; REL-PAY-FINANCING-ASSUMPTIONS,VOL-V:29.3,FALSE,FALSE,FALSE
